Date,Open,High,Low,Close,Volume,Spread
2026-05-01 00:00:00,0.97773,0.97799,0.97742,0.97755,364,18
2026-05-01 00:10:00,0.97757,0.97758,0.97716,0.97733,312,18
2026-05-01 00:20:00,0.97733,0.97748,0.9772,0.97732,256,18
2026-05-01 00:30:00,0.97733,0.97738,0.97696,0.97714,226,18
2026-05-01 00:40:00,0.97714,0.97747,0.97711,0.9772,212,18
2026-05-01 00:50:00,0.9772,0.97773,0.97717,0.97771,290,18
2026-05-01 01:00:00,0.97772,0.97779,0.97717,0.97739,278,18
2026-05-01 01:10:00,0.97737,0.97751,0.97709,0.97709,206,18
2026-05-01 01:20:00,0.97708,0.97732,0.97708,0.97725,198,18
2026-05-01 01:30:00,0.97725,0.97758,0.97725,0.97755,260,18
2026-05-01 01:40:00,0.97756,0.9776,0.97735,0.97746,197,18
2026-05-01 01:50:00,0.97745,0.97776,0.97744,0.97763,197,18
2026-05-01 02:00:00,0.97761,0.97763,0.97744,0.97758,159,18
2026-05-01 02:10:00,0.97758,0.97787,0.97749,0.9775,183,18
2026-05-01 02:20:00,0.9775,0.97755,0.97737,0.97747,134,18
2026-05-01 02:30:00,0.97747,0.9775,0.97734,0.97735,187,18
2026-05-01 02:40:00,0.97735,0.97735,0.97695,0.97702,187,18
2026-05-01 02:50:00,0.97702,0.97733,0.97695,0.97731,145,18
2026-05-01 03:00:00,0.97731,0.97735,0.97718,0.97719,128,18
2026-05-01 03:10:00,0.97719,0.9773,0.9771,0.9773,103,18
2026-05-01 03:20:00,0.9773,0.97756,0.97729,0.97749,103,18
2026-05-01 03:30:00,0.9775,0.97757,0.97741,0.97741,179,18
2026-05-01 03:40:00,0.97741,0.97743,0.97696,0.97703,193,18
2026-05-01 03:50:00,0.97701,0.97711,0.97691,0.97706,176,18
2026-05-01 04:00:00,0.97707,0.97714,0.9767,0.97683,211,18
2026-05-01 04:10:00,0.97683,0.97687,0.97672,0.9768,176,18
2026-05-01 04:20:00,0.9768,0.97683,0.97669,0.97672,135,18
2026-05-01 04:30:00,0.97672,0.97701,0.97672,0.97681,134,18
2026-05-01 04:40:00,0.97681,0.97696,0.97673,0.97691,107,18
2026-05-01 04:50:00,0.97691,0.97702,0.97684,0.97691,124,18
2026-05-01 05:00:00,0.97691,0.977,0.9768,0.97689,153,18
2026-05-01 05:10:00,0.97689,0.97705,0.97666,0.97678,173,18
2026-05-01 05:20:00,0.97678,0.97713,0.97672,0.97713,124,18
2026-05-01 05:30:00,0.97713,0.97727,0.97701,0.97713,160,18
2026-05-01 05:40:00,0.97713,0.97728,0.97706,0.97719,143,18
2026-05-01 05:50:00,0.97719,0.97721,0.97666,0.97667,159,18
2026-05-01 06:00:00,0.9767,0.97701,0.9766,0.97687,249,18
2026-05-01 06:10:00,0.97687,0.97699,0.97675,0.97676,183,18
2026-05-01 06:20:00,0.97679,0.97697,0.97669,0.97675,188,18
2026-05-01 06:30:00,0.97679,0.9768,0.97635,0.9764,229,18
2026-05-01 06:40:00,0.97639,0.97718,0.97615,0.97688,404,18
2026-05-01 06:50:00,0.97688,0.97708,0.9767,0.9769,440,18
2026-05-01 07:00:00,0.9769,0.9776,0.97688,0.97721,408,18
2026-05-01 07:10:00,0.97721,0.97768,0.97715,0.97758,272,18
2026-05-01 07:20:00,0.97759,0.97781,0.97745,0.97778,299,18
2026-05-01 07:30:00,0.97776,0.97777,0.97721,0.97724,268,18
2026-05-01 07:40:00,0.97727,0.97752,0.97725,0.97743,212,18
2026-05-01 07:50:00,0.97743,0.97761,0.97683,0.97689,305,18
2026-05-01 08:00:00,0.97692,0.97714,0.97682,0.97684,319,18
2026-05-01 08:10:00,0.97686,0.97701,0.97653,0.97664,266,18
2026-05-01 08:20:00,0.97665,0.97701,0.97661,0.97685,252,18
2026-05-01 08:30:00,0.97683,0.97692,0.97655,0.97655,235,18
2026-05-01 08:40:00,0.97656,0.97678,0.97651,0.97675,251,18
2026-05-01 08:50:00,0.97675,0.97675,0.97637,0.97642,198,18
2026-05-01 09:00:00,0.97642,0.97656,0.9762,0.97634,222,18
2026-05-01 09:10:00,0.97634,0.9764,0.97602,0.97604,216,18
2026-05-01 09:20:00,0.97606,0.97614,0.97587,0.97594,181,18
2026-05-01 09:30:00,0.97592,0.97611,0.97586,0.97605,197,18
2026-05-01 09:40:00,0.97605,0.97621,0.97582,0.97589,187,18
2026-05-01 09:50:00,0.97589,0.97593,0.97544,0.97561,225,18
2026-05-01 10:00:00,0.97561,0.97587,0.97551,0.97574,218,18
2026-05-01 10:10:00,0.97574,0.97584,0.97558,0.97563,179,18
2026-05-01 10:20:00,0.97563,0.97588,0.97557,0.9757,200,18
2026-05-01 10:30:00,0.97569,0.97581,0.97547,0.97556,213,18
2026-05-01 10:40:00,0.97556,0.9759,0.97553,0.97586,176,18
2026-05-01 10:50:00,0.97585,0.97589,0.97561,0.9757,193,18
2026-05-01 11:00:00,0.97573,0.97585,0.97548,0.97585,216,18
2026-05-01 11:10:00,0.97585,0.97635,0.97569,0.9763,267,18
2026-05-01 11:20:00,0.9763,0.97641,0.97603,0.97632,269,18
2026-05-01 11:30:00,0.97633,0.97648,0.97616,0.97616,232,18
2026-05-01 11:40:00,0.97616,0.97623,0.97596,0.97618,225,18
2026-05-01 11:50:00,0.97618,0.97636,0.97597,0.97632,231,18
2026-05-01 12:00:00,0.97634,0.97656,0.97609,0.9763,298,18
2026-05-01 12:10:00,0.9763,0.97711,0.9763,0.97665,459,18
2026-05-01 12:20:00,0.97666,0.97682,0.97637,0.97667,399,18
2026-05-01 12:30:00,0.97665,0.97669,0.97628,0.97648,319,18
2026-05-01 12:40:00,0.97648,0.97668,0.97634,0.9766,294,18
2026-05-01 12:50:00,0.9766,0.97696,0.9766,0.97678,259,18
2026-05-01 13:00:00,0.97678,0.97713,0.97672,0.97711,290,18
2026-05-01 13:10:00,0.97708,0.97715,0.97656,0.97666,307,18
2026-05-01 13:20:00,0.97666,0.97683,0.97645,0.97659,306,18
2026-05-01 13:30:00,0.97662,0.97707,0.97641,0.97691,453,18
2026-05-01 13:40:00,0.97689,0.97722,0.97678,0.97717,389,18
2026-05-01 13:50:00,0.97716,0.97826,0.97708,0.97815,660,18
2026-05-01 14:00:00,0.97819,0.97985,0.97802,0.97968,548,18
2026-05-01 14:10:00,0.97971,0.98032,0.97971,0.98002,522,18
2026-05-01 14:20:00,0.98,0.98053,0.97998,0.98,434,18
2026-05-01 14:30:00,0.98001,0.98003,0.97904,0.97939,494,18
2026-05-01 14:40:00,0.97939,0.97993,0.97929,0.97946,473,18
2026-05-01 14:50:00,0.97949,0.97968,0.97914,0.97948,463,18
2026-05-01 15:00:00,0.97947,0.97947,0.97892,0.97941,499,18
2026-05-01 15:10:00,0.97941,0.97987,0.97922,0.97979,427,18
2026-05-01 15:20:00,0.97979,0.97989,0.97963,0.97986,376,18
2026-05-01 15:30:00,0.97987,0.98014,0.97958,0.97981,421,18
2026-05-01 15:40:00,0.97983,0.98017,0.97957,0.98015,304,18
2026-05-01 15:50:00,0.98016,0.98021,0.97931,0.97964,583,18
2026-05-01 16:00:00,0.97963,0.98001,0.97961,0.97979,297,18
2026-05-01 16:10:00,0.97978,0.98026,0.97971,0.98014,285,18
2026-05-01 16:20:00,0.98014,0.98024,0.9797,0.97995,471,18
2026-05-01 16:30:00,0.97993,0.98001,0.97964,0.97996,328,18
2026-05-01 16:40:00,0.97996,0.98018,0.9797,0.97979,284,18
2026-05-01 16:50:00,0.97979,0.97994,0.97956,0.9798,273,18
2026-05-01 17:00:00,0.97977,0.97998,0.97971,0.97985,256,18
2026-05-01 17:10:00,0.97985,0.98,0.97979,0.97999,220,18
2026-05-01 17:20:00,0.97999,0.98013,0.97947,0.97982,310,18
2026-05-01 17:30:00,0.9798,0.97985,0.97945,0.97955,237,18
2026-05-01 17:40:00,0.97956,0.97962,0.97924,0.97932,208,18
2026-05-01 17:50:00,0.97933,0.97978,0.97927,0.97955,290,18
2026-05-01 18:00:00,0.97954,0.97965,0.97895,0.97926,301,18
2026-05-01 18:10:00,0.97927,0.97927,0.97888,0.97908,263,18
2026-05-01 18:20:00,0.97909,0.97935,0.97907,0.97926,283,18
2026-05-01 18:30:00,0.97929,0.97931,0.97882,0.97913,308,18
2026-05-01 18:40:00,0.97916,0.97933,0.97909,0.97932,222,18
2026-05-01 18:50:00,0.97932,0.9796,0.9793,0.97932,246,18
2026-05-01 19:00:00,0.97932,0.97943,0.97921,0.97939,202,18
2026-05-01 19:10:00,0.9794,0.9794,0.9792,0.97929,213,18
2026-05-01 19:20:00,0.97931,0.9795,0.9793,0.97937,186,18
2026-05-01 19:30:00,0.97938,0.97939,0.97915,0.97927,177,18
2026-05-01 19:40:00,0.97927,0.97929,0.97912,0.97914,145,18
2026-05-01 19:50:00,0.97914,0.97927,0.979,0.97917,241,18
2026-05-01 20:00:00,0.97917,0.97926,0.9791,0.97914,128,18
2026-05-01 20:10:00,0.97914,0.97914,0.979,0.97902,97,18
2026-05-01 20:20:00,0.97902,0.97906,0.97884,0.97891,108,18
2026-05-01 20:30:00,0.97891,0.97905,0.97859,0.97865,205,18
2026-05-01 20:40:00,0.97865,0.97893,0.97858,0.97879,130,18
2026-05-01 20:50:00,0.9788,0.97891,0.97803,0.97872,308,18
2026-05-03 21:30:00,0.97881,0.97932,0.97857,0.97932,35,192
2026-05-03 21:40:00,0.97933,0.97973,0.97931,0.97968,66,104
2026-05-03 21:50:00,0.97968,0.97991,0.97968,0.97991,60,120
2026-05-03 22:00:00,0.98054,0.98054,0.97968,0.98045,212,28
2026-05-03 22:10:00,0.98048,0.98048,0.97989,0.97997,169,18
2026-05-03 22:20:00,0.97998,0.98001,0.97961,0.97974,159,18
2026-05-03 22:30:00,0.97974,0.97986,0.97949,0.97986,179,18
2026-05-03 22:40:00,0.97987,0.98017,0.97986,0.97987,137,18
2026-05-03 22:50:00,0.97986,0.98004,0.97977,0.97996,125,18
2026-05-03 23:00:00,0.98001,0.98001,0.97979,0.97982,102,18
2026-05-03 23:10:00,0.97983,0.97987,0.97958,0.9797,88,18
2026-05-03 23:20:00,0.9797,0.97986,0.97961,0.97986,69,18
2026-05-03 23:30:00,0.97986,0.97993,0.97977,0.97978,95,18
2026-05-03 23:40:00,0.97978,0.97981,0.97958,0.97969,171,18
2026-05-03 23:50:00,0.97969,0.97975,0.97948,0.97954,190,18
2026-05-04 00:00:00,0.97952,0.97966,0.97899,0.9796,363,18
2026-05-04 00:10:00,0.97962,0.97964,0.97921,0.97937,299,18
2026-05-04 00:20:00,0.97939,0.97942,0.9791,0.97917,291,18
2026-05-04 00:30:00,0.97917,0.97954,0.97915,0.97928,250,18
2026-05-04 00:40:00,0.9793,0.97947,0.97926,0.97937,241,18
2026-05-04 00:50:00,0.97937,0.97964,0.97923,0.97952,257,18
2026-05-04 01:00:00,0.97954,0.97955,0.97884,0.97895,290,18
2026-05-04 01:10:00,0.97895,0.97957,0.97884,0.97918,315,18
2026-05-04 01:20:00,0.97919,0.97927,0.97893,0.97895,226,18
2026-05-04 01:30:00,0.97895,0.97942,0.97895,0.97939,275,18
2026-05-04 01:40:00,0.97941,0.97951,0.97931,0.97937,236,18
2026-05-04 01:50:00,0.97934,0.97964,0.97925,0.97961,218,18
2026-05-04 02:00:00,0.97963,0.97965,0.97934,0.97946,240,18
2026-05-04 02:10:00,0.97946,0.9797,0.97919,0.97939,249,18
2026-05-04 02:20:00,0.97939,0.9794,0.97894,0.979,229,18
2026-05-04 02:30:00,0.97901,0.97931,0.97897,0.97918,220,18
2026-05-04 02:40:00,0.97918,0.97968,0.97912,0.97968,197,18
2026-05-04 02:50:00,0.97967,0.97975,0.97956,0.97957,190,18
2026-05-04 03:00:00,0.97954,0.97975,0.97953,0.97964,169,18
2026-05-04 03:10:00,0.97964,0.97972,0.97948,0.97967,169,18
2026-05-04 03:20:00,0.97967,0.9797,0.97948,0.97949,156,18
2026-05-04 03:30:00,0.97948,0.97959,0.97942,0.97944,143,18
2026-05-04 03:40:00,0.97944,0.98007,0.97932,0.97998,380,18
2026-05-04 03:50:00,0.97997,0.9803,0.97975,0.97992,456,18
2026-05-04 04:00:00,0.97993,0.97996,0.97966,0.97994,298,18
2026-05-04 04:10:00,0.97995,0.98002,0.97962,0.97978,180,18
2026-05-04 04:20:00,0.97977,0.97986,0.97945,0.97957,182,18
2026-05-04 04:30:00,0.97958,0.97963,0.97947,0.97949,150,18
2026-05-04 04:40:00,0.97951,0.97954,0.97936,0.97942,117,18
2026-05-04 04:50:00,0.97942,0.97945,0.97931,0.97943,139,18
2026-05-04 05:00:00,0.97944,0.9795,0.97934,0.97947,169,18
2026-05-04 05:10:00,0.97947,0.97961,0.97918,0.97945,233,18
2026-05-04 05:20:00,0.97942,0.97946,0.97904,0.97906,233,18
2026-05-04 05:30:00,0.97909,0.9791,0.97887,0.97891,166,18
2026-05-04 05:40:00,0.97894,0.97926,0.97892,0.97912,172,18
2026-05-04 05:50:00,0.97911,0.97943,0.97907,0.97939,178,18
2026-05-04 06:00:00,0.9794,0.97957,0.97918,0.97947,289,18
2026-05-04 06:10:00,0.9795,0.97974,0.97944,0.97966,223,18
2026-05-04 06:20:00,0.97966,0.97976,0.97944,0.97956,194,18
2026-05-04 06:30:00,0.97958,0.97966,0.97907,0.97908,315,18
2026-05-04 06:40:00,0.97908,0.97908,0.97815,0.97836,330,18
2026-05-04 06:50:00,0.97835,0.97867,0.9783,0.97857,256,18
2026-05-04 07:00:00,0.9786,0.97862,0.978,0.97819,397,18
2026-05-04 07:10:00,0.97822,0.97832,0.97804,0.97827,320,18
2026-05-04 07:20:00,0.97827,0.97867,0.97816,0.9782,264,18
2026-05-04 07:30:00,0.97821,0.97837,0.97802,0.97823,239,18
2026-05-04 07:40:00,0.97825,0.97844,0.97796,0.97841,253,18
2026-05-04 07:50:00,0.97842,0.97856,0.97811,0.97829,260,18
2026-05-04 08:00:00,0.97829,0.97838,0.97795,0.97807,317,18
2026-05-04 08:10:00,0.97808,0.97817,0.97783,0.97799,273,18
2026-05-04 08:20:00,0.978,0.97852,0.97799,0.97852,245,18
2026-05-04 08:30:00,0.97852,0.97904,0.97844,0.97877,245,18
2026-05-04 08:40:00,0.97877,0.97888,0.97854,0.97858,205,18
2026-05-04 08:50:00,0.97859,0.97878,0.97842,0.97847,223,18
2026-05-04 09:00:00,0.97849,0.97877,0.9784,0.97854,246,18
2026-05-04 09:10:00,0.97853,0.97875,0.97848,0.97862,221,18
2026-05-04 09:20:00,0.97861,0.97904,0.97861,0.97902,196,18
2026-05-04 09:30:00,0.97902,0.97913,0.97894,0.979,236,18
2026-05-04 09:40:00,0.979,0.97918,0.97897,0.97907,165,18
2026-05-04 09:50:00,0.97908,0.97918,0.9789,0.97893,219,18
2026-05-04 10:00:00,0.97894,0.97896,0.97634,0.97685,919,18
2026-05-04 10:10:00,0.97682,0.97699,0.97601,0.97631,769,18
2026-05-04 10:20:00,0.97632,0.97751,0.97611,0.97724,576,18
2026-05-04 10:30:00,0.97723,0.97817,0.97711,0.97779,756,18
2026-05-04 10:40:00,0.97776,0.97796,0.97749,0.97768,348,18
2026-05-04 10:50:00,0.97769,0.97776,0.97712,0.97726,251,18
2026-05-04 11:00:00,0.97729,0.97763,0.97685,0.97724,437,18
2026-05-04 11:10:00,0.97724,0.97736,0.9767,0.97733,371,18
2026-05-04 11:20:00,0.97733,0.97736,0.97706,0.97725,256,18
2026-05-04 11:30:00,0.97722,0.97741,0.97686,0.97695,380,18
2026-05-04 11:40:00,0.97696,0.97731,0.97686,0.97701,275,18
2026-05-04 11:50:00,0.97704,0.97743,0.97704,0.97735,295,18
2026-05-04 12:00:00,0.97738,0.97782,0.97731,0.97781,304,18
2026-05-04 12:10:00,0.97779,0.97835,0.97773,0.97815,413,18
2026-05-04 12:20:00,0.97813,0.9784,0.97794,0.97835,348,18
2026-05-04 12:30:00,0.97834,0.97862,0.97805,0.97855,323,18
2026-05-04 12:40:00,0.97855,0.97884,0.97845,0.97882,288,18
2026-05-04 12:50:00,0.97882,0.97904,0.97853,0.97857,282,18
2026-05-04 13:00:00,0.9786,0.9786,0.97743,0.97859,658,18
2026-05-04 13:10:00,0.97861,0.97906,0.97813,0.97813,410,18
2026-05-04 13:20:00,0.97815,0.97834,0.97794,0.97807,286,18
2026-05-04 13:30:00,0.97809,0.97876,0.97792,0.97876,458,18
2026-05-04 13:40:00,0.97873,0.97881,0.97846,0.97859,374,18
2026-05-04 13:50:00,0.9786,0.9786,0.97777,0.97789,350,18
2026-05-04 14:00:00,0.97786,0.97793,0.97747,0.97756,436,18
2026-05-04 14:10:00,0.97756,0.97836,0.97754,0.97828,348,18
2026-05-04 14:20:00,0.97829,0.97833,0.97773,0.97784,316,18
2026-05-04 14:30:00,0.97784,0.97827,0.97782,0.97795,360,18
2026-05-04 14:40:00,0.97794,0.97805,0.97733,0.97775,344,18
2026-05-04 14:50:00,0.97775,0.97822,0.97737,0.97753,482,18
2026-05-04 15:00:00,0.9775,0.97801,0.97736,0.97752,481,18
2026-05-04 15:10:00,0.97752,0.97764,0.97646,0.97662,479,18
2026-05-04 15:20:00,0.97659,0.97659,0.97565,0.97626,715,18
2026-05-04 15:30:00,0.97625,0.97625,0.97527,0.97551,503,18
2026-05-04 15:40:00,0.9755,0.97579,0.97516,0.97547,453,18
2026-05-04 15:50:00,0.97546,0.97559,0.97493,0.97514,585,18
2026-05-04 16:00:00,0.97516,0.97544,0.97435,0.97453,589,18
2026-05-04 16:10:00,0.9745,0.97502,0.97391,0.9747,574,18
2026-05-04 16:20:00,0.97472,0.97537,0.9747,0.97484,491,18
2026-05-04 16:30:00,0.97481,0.97504,0.97453,0.97474,474,18
2026-05-04 16:40:00,0.97475,0.97503,0.97468,0.97487,381,18
2026-05-04 16:50:00,0.97486,0.97487,0.97443,0.97448,361,18
2026-05-04 17:00:00,0.97451,0.9755,0.97444,0.97549,442,18
2026-05-04 17:10:00,0.97549,0.97598,0.97538,0.97584,398,18
2026-05-04 17:20:00,0.97586,0.97617,0.97573,0.97609,324,18
2026-05-04 17:30:00,0.97607,0.97609,0.97538,0.97547,306,18
2026-05-04 17:40:00,0.97549,0.9757,0.9754,0.97567,252,18
2026-05-04 17:50:00,0.97567,0.9758,0.97562,0.97573,221,18
2026-05-04 18:00:00,0.97572,0.97587,0.97554,0.97563,274,18
2026-05-04 18:10:00,0.97563,0.97566,0.97541,0.97546,255,18
2026-05-04 18:20:00,0.97545,0.97545,0.97496,0.97518,332,18
2026-05-04 18:30:00,0.97521,0.97547,0.97515,0.97536,256,18
2026-05-04 18:40:00,0.97537,0.97546,0.97517,0.97546,248,18
2026-05-04 18:50:00,0.97549,0.97564,0.97512,0.9756,339,18
2026-05-04 19:00:00,0.97562,0.97612,0.97544,0.97589,358,18
2026-05-04 19:10:00,0.97589,0.976,0.97577,0.97592,223,18
2026-05-04 19:20:00,0.97594,0.97619,0.97572,0.97594,301,18
2026-05-04 19:30:00,0.97596,0.9762,0.97594,0.97603,222,18
2026-05-04 19:40:00,0.97603,0.97614,0.97597,0.97605,201,18
2026-05-04 19:50:00,0.97605,0.97621,0.97582,0.97613,271,18
2026-05-04 20:00:00,0.97613,0.9762,0.97595,0.97608,142,18
2026-05-04 20:10:00,0.97608,0.97616,0.97602,0.97613,155,18
2026-05-04 20:20:00,0.97614,0.97628,0.97585,0.97585,176,18
2026-05-04 20:30:00,0.97587,0.97608,0.97585,0.97597,138,18
2026-05-04 20:40:00,0.97597,0.97601,0.97577,0.97588,136,18
2026-05-04 20:50:00,0.97588,0.97636,0.97588,0.97636,114,18
2026-05-04 21:30:00,0.97634,0.97634,0.97626,0.97628,64,22
2026-05-04 21:40:00,0.97628,0.97631,0.97623,0.97624,62,22
2026-05-04 21:50:00,0.97625,0.97626,0.97615,0.97615,63,22
2026-05-04 22:00:00,0.97614,0.97639,0.97602,0.97618,134,18
2026-05-04 22:10:00,0.97618,0.97631,0.97612,0.97631,99,18
2026-05-04 22:20:00,0.97631,0.97637,0.97621,0.97633,106,18
2026-05-04 22:30:00,0.97633,0.97642,0.97625,0.97636,100,18
2026-05-04 22:40:00,0.97636,0.9764,0.97624,0.9763,102,18
2026-05-04 22:50:00,0.9763,0.9764,0.97613,0.97637,123,18
2026-05-04 23:00:00,0.97643,0.97643,0.9763,0.97633,87,18
2026-05-04 23:10:00,0.97633,0.97638,0.97624,0.97631,85,18
2026-05-04 23:20:00,0.97631,0.97635,0.97625,0.97633,85,18
2026-05-04 23:30:00,0.97633,0.97641,0.97625,0.97631,72,18
2026-05-04 23:40:00,0.97631,0.97633,0.97625,0.97625,86,18
2026-05-04 23:50:00,0.97625,0.97639,0.97607,0.97609,117,18
2026-05-05 00:00:00,0.97608,0.97647,0.97608,0.97647,279,18
2026-05-05 00:10:00,0.97647,0.97656,0.97586,0.97594,262,18
2026-05-05 00:20:00,0.97594,0.97595,0.97534,0.97548,261,18
2026-05-05 00:30:00,0.97548,0.97556,0.97527,0.97538,202,18
2026-05-05 00:40:00,0.97538,0.97577,0.9753,0.97572,224,18
2026-05-05 00:50:00,0.97571,0.97587,0.9755,0.97553,227,18
2026-05-05 01:00:00,0.97553,0.97556,0.97511,0.97515,233,18
2026-05-05 01:10:00,0.97515,0.97537,0.97508,0.97524,194,18
2026-05-05 01:20:00,0.97524,0.97526,0.97464,0.97494,221,18
2026-05-05 01:30:00,0.97494,0.97511,0.97482,0.97488,308,18
2026-05-05 01:40:00,0.97488,0.97496,0.97468,0.97476,242,18
2026-05-05 01:50:00,0.97477,0.97498,0.97468,0.97479,211,18
2026-05-05 02:00:00,0.97479,0.97537,0.97471,0.97536,246,18
2026-05-05 02:10:00,0.97536,0.97567,0.97531,0.97551,175,18
2026-05-05 02:20:00,0.97551,0.9756,0.9754,0.97543,172,18
2026-05-05 02:30:00,0.97546,0.97567,0.9753,0.97541,167,18
2026-05-05 02:40:00,0.97541,0.97555,0.97514,0.97535,195,18
2026-05-05 02:50:00,0.97535,0.97551,0.97521,0.97524,165,18
2026-05-05 03:00:00,0.97525,0.97525,0.97501,0.97515,210,18
2026-05-05 03:10:00,0.97517,0.97532,0.97516,0.97528,144,18
2026-05-05 03:20:00,0.97529,0.97529,0.97492,0.97497,136,18
2026-05-05 03:30:00,0.97498,0.97498,0.97468,0.97476,160,18
2026-05-05 03:40:00,0.97476,0.9749,0.9746,0.9749,136,18
2026-05-05 03:50:00,0.9749,0.97491,0.97445,0.9745,154,18
2026-05-05 04:00:00,0.97449,0.97484,0.9744,0.97463,203,18
2026-05-05 04:10:00,0.97463,0.97473,0.97459,0.97463,116,18
2026-05-05 04:20:00,0.97463,0.97519,0.97462,0.97508,217,18
2026-05-05 04:30:00,0.97502,0.97663,0.97436,0.97605,578,18
2026-05-05 04:40:00,0.97603,0.97625,0.97548,0.97578,305,18
2026-05-05 04:50:00,0.97578,0.97582,0.97452,0.97454,315,18
2026-05-05 05:00:00,0.97451,0.97479,0.97433,0.97449,352,18
2026-05-05 05:10:00,0.97451,0.97451,0.97343,0.97359,275,18
2026-05-05 05:20:00,0.97362,0.97413,0.97345,0.97354,252,18
2026-05-05 05:30:00,0.97354,0.97377,0.97227,0.97231,593,18
2026-05-05 05:40:00,0.97231,0.97327,0.97228,0.97302,376,18
2026-05-05 05:50:00,0.97304,0.97305,0.97225,0.97265,299,18
2026-05-05 06:00:00,0.97262,0.97353,0.97259,0.97341,392,18
2026-05-05 06:10:00,0.97338,0.97351,0.97276,0.97289,327,18
2026-05-05 06:20:00,0.97292,0.97317,0.97253,0.97313,236,18
2026-05-05 06:30:00,0.9731,0.97335,0.9729,0.973,244,18
2026-05-05 06:40:00,0.973,0.97303,0.9728,0.97287,168,18
2026-05-05 06:50:00,0.97287,0.97298,0.97276,0.97282,235,18
2026-05-05 07:00:00,0.97285,0.97347,0.97263,0.97335,399,18
2026-05-05 07:10:00,0.97335,0.97365,0.97323,0.9736,305,18
2026-05-05 07:20:00,0.9736,0.97371,0.97344,0.9735,248,18
2026-05-05 07:30:00,0.9735,0.97438,0.9735,0.97422,392,18
2026-05-05 07:40:00,0.9742,0.97435,0.97399,0.97419,248,18
2026-05-05 07:50:00,0.97419,0.97441,0.97392,0.97396,283,18
2026-05-05 08:00:00,0.97396,0.97442,0.97395,0.97426,307,18
2026-05-05 08:10:00,0.97427,0.97476,0.9742,0.97474,287,18
2026-05-05 08:20:00,0.97476,0.97515,0.97475,0.97477,320,18
2026-05-05 08:30:00,0.97475,0.97477,0.97423,0.97424,294,18
2026-05-05 08:40:00,0.97425,0.97472,0.97422,0.97469,281,18
2026-05-05 08:50:00,0.97469,0.97486,0.97452,0.97452,235,18
2026-05-05 09:00:00,0.97455,0.97466,0.97424,0.97464,358,18
2026-05-05 09:10:00,0.97464,0.97475,0.97419,0.97426,282,18
2026-05-05 09:20:00,0.97426,0.97457,0.97415,0.9744,225,18
2026-05-05 09:30:00,0.97439,0.97497,0.97438,0.97463,360,18
2026-05-05 09:40:00,0.97462,0.97506,0.97457,0.97503,220,18
2026-05-05 09:50:00,0.97504,0.97504,0.97478,0.97497,281,18
2026-05-05 10:00:00,0.97496,0.975,0.97476,0.97483,235,18
2026-05-05 10:10:00,0.97483,0.97522,0.9748,0.97511,231,18
2026-05-05 10:20:00,0.97513,0.97539,0.97511,0.9753,213,18
2026-05-05 10:30:00,0.9753,0.97589,0.9753,0.97568,301,18
2026-05-05 10:40:00,0.97568,0.97574,0.97513,0.97528,237,18
2026-05-05 10:50:00,0.97528,0.97558,0.97521,0.97557,216,18
2026-05-05 11:00:00,0.97559,0.97577,0.97513,0.97575,344,18
2026-05-05 11:10:00,0.97573,0.97576,0.97541,0.97547,235,18
2026-05-05 11:20:00,0.97548,0.97614,0.97538,0.976,267,18
2026-05-05 11:30:00,0.976,0.97623,0.97595,0.97606,268,18
2026-05-05 11:40:00,0.97606,0.97635,0.97603,0.97623,248,18
2026-05-05 11:50:00,0.97623,0.97631,0.9761,0.97622,220,18
2026-05-05 12:00:00,0.97622,0.97626,0.97571,0.97601,378,18
2026-05-05 12:10:00,0.97601,0.97708,0.97599,0.97702,415,18
2026-05-05 12:20:00,0.97702,0.97795,0.97687,0.9776,359,18
2026-05-05 12:30:00,0.97763,0.97769,0.97725,0.97737,326,18
2026-05-05 12:40:00,0.97738,0.97742,0.9771,0.97725,288,18
2026-05-05 12:50:00,0.97723,0.97755,0.97717,0.97733,287,18
2026-05-05 13:00:00,0.97732,0.97797,0.97732,0.97775,367,18
2026-05-05 13:10:00,0.97775,0.97788,0.9775,0.97757,313,18
2026-05-05 13:20:00,0.97757,0.97765,0.97721,0.9773,314,18
2026-05-05 13:30:00,0.97731,0.97769,0.97707,0.97757,398,18
2026-05-05 13:40:00,0.97754,0.97781,0.97734,0.97749,358,18
2026-05-05 13:50:00,0.97749,0.97771,0.97733,0.97734,384,18
2026-05-05 14:00:00,0.97731,0.97804,0.97726,0.97796,418,18
2026-05-05 14:10:00,0.97796,0.97804,0.97692,0.97713,662,18
2026-05-05 14:20:00,0.97712,0.97804,0.97703,0.97762,447,18
2026-05-05 14:30:00,0.9776,0.97779,0.97748,0.97754,367,18
2026-05-05 14:40:00,0.97755,0.97817,0.97749,0.97797,383,18
2026-05-05 14:50:00,0.97797,0.97878,0.97786,0.97873,413,18
2026-05-05 15:00:00,0.97873,0.97922,0.97865,0.97899,386,18
2026-05-05 15:10:00,0.979,0.97914,0.97882,0.97888,221,18
2026-05-05 15:20:00,0.97886,0.97916,0.97878,0.97892,261,18
2026-05-05 15:30:00,0.97894,0.97932,0.97883,0.97927,338,18
2026-05-05 15:40:00,0.9793,0.97944,0.97907,0.97933,318,18
2026-05-05 15:50:00,0.97933,0.97935,0.97893,0.97902,263,18
2026-05-05 16:00:00,0.97901,0.97901,0.97871,0.97881,265,18
2026-05-05 16:10:00,0.97881,0.979,0.97881,0.9789,225,18
2026-05-05 16:20:00,0.97891,0.97908,0.97886,0.97906,241,18
2026-05-05 16:30:00,0.97906,0.97909,0.97888,0.97904,237,18
2026-05-05 16:40:00,0.97903,0.97909,0.97886,0.97898,208,18
2026-05-05 16:50:00,0.97898,0.97899,0.97865,0.97873,255,18
2026-05-05 17:00:00,0.97873,0.97901,0.97873,0.97889,222,18
2026-05-05 17:10:00,0.9789,0.97912,0.97881,0.97905,214,18
2026-05-05 17:20:00,0.97907,0.9791,0.97876,0.97898,205,18
2026-05-05 17:30:00,0.97898,0.97921,0.97887,0.97893,229,18
2026-05-05 17:40:00,0.9789,0.97898,0.97878,0.97879,178,18
2026-05-05 17:50:00,0.97879,0.97885,0.97869,0.97873,209,18
2026-05-05 18:00:00,0.97872,0.97908,0.97872,0.97891,203,18
2026-05-05 18:10:00,0.97891,0.97896,0.97885,0.97894,172,18
2026-05-05 18:20:00,0.97894,0.97896,0.97885,0.97887,148,18
2026-05-05 18:30:00,0.97887,0.97896,0.97877,0.97882,138,18
2026-05-05 18:40:00,0.97882,0.97886,0.97869,0.97869,133,18
2026-05-05 18:50:00,0.9787,0.97875,0.97851,0.97864,168,18
2026-05-05 19:00:00,0.97864,0.97879,0.97863,0.9787,156,18
2026-05-05 19:10:00,0.9787,0.97872,0.97854,0.97854,131,18
2026-05-05 19:20:00,0.97854,0.97858,0.9784,0.97845,147,18
2026-05-05 19:30:00,0.97845,0.97862,0.97844,0.97857,167,18
2026-05-05 19:40:00,0.97857,0.97857,0.97834,0.97838,135,18
2026-05-05 19:50:00,0.97838,0.97851,0.97821,0.97851,248,18
2026-05-05 20:00:00,0.97851,0.9786,0.97835,0.97837,136,18
2026-05-05 20:10:00,0.97836,0.97844,0.97824,0.9783,129,18
2026-05-05 20:20:00,0.9783,0.97833,0.97816,0.97833,125,18
2026-05-05 20:30:00,0.9783,0.97843,0.97829,0.97841,86,18
2026-05-05 20:40:00,0.97841,0.97844,0.97813,0.97817,110,18
2026-05-05 20:50:00,0.97817,0.97834,0.97804,0.9782,153,18
2026-05-05 21:00:00,0.97819,0.97819,0.97819,0.97819,1,29
2026-05-05 21:10:00,0.97818,0.97818,0.97817,0.97817,2,29
2026-05-05 21:20:00,0.97816,0.97816,0.97815,0.97815,2,32
2026-05-05 21:30:00,0.97814,0.97814,0.97795,0.97803,98,29
2026-05-05 21:40:00,0.97802,0.97809,0.97785,0.97791,120,36
2026-05-05 21:50:00,0.97792,0.97798,0.97761,0.97798,208,22
2026-05-05 22:00:00,0.97811,0.97826,0.9779,0.97823,92,18
2026-05-05 22:10:00,0.97826,0.97828,0.97809,0.97818,97,18
2026-05-05 22:20:00,0.97813,0.97822,0.9781,0.97822,76,18
2026-05-05 22:30:00,0.97822,0.97828,0.97815,0.97827,104,18
2026-05-05 22:40:00,0.97827,0.97837,0.97819,0.97828,146,18
2026-05-05 22:50:00,0.97832,0.97979,0.97828,0.97925,389,18
2026-05-05 23:00:00,0.97933,0.98001,0.97918,0.9799,402,18
2026-05-05 23:10:00,0.97989,0.98,0.97974,0.97986,329,18
2026-05-05 23:20:00,0.97986,0.97997,0.97947,0.97972,216,18
2026-05-05 23:30:00,0.97974,0.98,0.97963,0.9799,207,18
2026-05-05 23:40:00,0.97989,0.97995,0.97982,0.97987,153,18
2026-05-05 23:50:00,0.97987,0.97998,0.97975,0.97983,230,18
2026-05-06 00:00:00,0.97985,0.9806,0.9798,0.98055,483,18
2026-05-06 00:10:00,0.98056,0.98059,0.9801,0.98054,330,18
2026-05-06 00:20:00,0.98055,0.98104,0.98051,0.98068,344,18
2026-05-06 00:30:00,0.9807,0.9811,0.98053,0.98103,359,18
2026-05-06 00:40:00,0.98102,0.98171,0.98094,0.98147,357,18
2026-05-06 00:50:00,0.9815,0.98215,0.9815,0.98211,312,18
2026-05-06 01:00:00,0.98214,0.9823,0.98195,0.98211,411,18
2026-05-06 01:10:00,0.98211,0.98275,0.98196,0.9827,303,18
2026-05-06 01:20:00,0.9827,0.98311,0.98253,0.98265,328,18
2026-05-06 01:30:00,0.98264,0.98264,0.98199,0.98247,391,18
2026-05-06 01:40:00,0.98247,0.98338,0.98245,0.98331,342,18
2026-05-06 01:50:00,0.98332,0.98338,0.98274,0.98285,372,18
2026-05-06 02:00:00,0.98283,0.98306,0.98271,0.98305,333,18
2026-05-06 02:10:00,0.98305,0.98334,0.98287,0.98331,274,18
2026-05-06 02:20:00,0.9833,0.98352,0.98314,0.98328,316,18
2026-05-06 02:30:00,0.98328,0.9837,0.98322,0.98335,248,18
2026-05-06 02:40:00,0.98335,0.98378,0.98326,0.98369,250,18
2026-05-06 02:50:00,0.98367,0.98379,0.98351,0.98379,214,18
2026-05-06 03:00:00,0.9838,0.98461,0.98378,0.9844,353,18
2026-05-06 03:10:00,0.9844,0.9844,0.98405,0.98422,268,18
2026-05-06 03:20:00,0.98422,0.98429,0.98401,0.98404,196,18
2026-05-06 03:30:00,0.98401,0.98424,0.98384,0.98414,276,18
2026-05-06 03:40:00,0.98412,0.98421,0.98367,0.98367,235,18
2026-05-06 03:50:00,0.98368,0.9838,0.98348,0.98352,212,18
2026-05-06 04:00:00,0.98352,0.98365,0.9834,0.98355,192,18
2026-05-06 04:10:00,0.98355,0.98407,0.98355,0.98373,153,18
2026-05-06 04:20:00,0.98373,0.9844,0.98373,0.9844,280,18
2026-05-06 04:30:00,0.98439,0.98509,0.98429,0.98463,542,18
2026-05-06 04:40:00,0.98464,0.98489,0.9844,0.98485,452,18
2026-05-06 04:50:00,0.98485,0.98499,0.9842,0.98421,408,18
2026-05-06 05:00:00,0.98419,0.98475,0.9841,0.98473,367,18
2026-05-06 05:10:00,0.98473,0.98473,0.98428,0.98443,335,18
2026-05-06 05:20:00,0.98445,0.98462,0.98435,0.98455,286,18
2026-05-06 05:30:00,0.98456,0.98466,0.98436,0.98466,225,18
2026-05-06 05:40:00,0.98466,0.9849,0.9845,0.98484,234,18
2026-05-06 05:50:00,0.98485,0.98503,0.98466,0.98482,246,18
2026-05-06 06:00:00,0.98481,0.98506,0.98446,0.98503,398,18
2026-05-06 06:10:00,0.98505,0.98525,0.98486,0.98506,341,18
2026-05-06 06:20:00,0.98504,0.98526,0.98491,0.98516,280,18
2026-05-06 06:30:00,0.98518,0.9852,0.98467,0.98493,266,18
2026-05-06 06:40:00,0.98493,0.98494,0.98434,0.98474,295,18
2026-05-06 06:50:00,0.98473,0.98478,0.98455,0.98475,229,18
2026-05-06 07:00:00,0.98475,0.98487,0.98409,0.98431,434,18
2026-05-06 07:10:00,0.9843,0.98434,0.98334,0.98334,372,18
2026-05-06 07:20:00,0.98334,0.98394,0.98329,0.98374,290,18
2026-05-06 07:30:00,0.98377,0.98377,0.98334,0.9836,268,18
2026-05-06 07:40:00,0.9836,0.98419,0.98354,0.98392,306,18
2026-05-06 07:50:00,0.98392,0.98422,0.98371,0.9842,365,18
2026-05-06 08:00:00,0.98423,0.98441,0.98348,0.98353,423,18
2026-05-06 08:10:00,0.98353,0.98381,0.98321,0.98344,314,18
2026-05-06 08:20:00,0.98344,0.98421,0.98342,0.98405,264,18
2026-05-06 08:30:00,0.98405,0.98466,0.98401,0.98459,325,18
2026-05-06 08:40:00,0.98459,0.98504,0.98459,0.98488,300,18
2026-05-06 08:50:00,0.98486,0.98676,0.98485,0.98622,853,18
2026-05-06 09:00:00,0.9862,0.98641,0.98547,0.98579,485,18
2026-05-06 09:10:00,0.98579,0.98672,0.98557,0.98659,494,18
2026-05-06 09:20:00,0.98659,0.98659,0.98576,0.98624,418,18
2026-05-06 09:30:00,0.98626,0.98696,0.98613,0.98677,431,18
2026-05-06 09:40:00,0.98676,0.98692,0.98643,0.98678,355,18
2026-05-06 09:50:00,0.98677,0.98688,0.98638,0.98678,337,18
2026-05-06 10:00:00,0.98681,0.9871,0.98611,0.98612,387,18
2026-05-06 10:10:00,0.98609,0.9867,0.98583,0.98656,325,18
2026-05-06 10:20:00,0.98656,0.98663,0.98625,0.98647,350,18
2026-05-06 10:30:00,0.98647,0.98705,0.98647,0.98705,333,18
2026-05-06 10:40:00,0.98707,0.98824,0.98704,0.9879,602,18
2026-05-06 10:50:00,0.98793,0.98855,0.98761,0.98761,549,18
2026-05-06 11:00:00,0.98758,0.98768,0.98709,0.98758,518,18
2026-05-06 11:10:00,0.98758,0.98772,0.98706,0.9872,430,18
2026-05-06 11:20:00,0.98718,0.98752,0.9868,0.98733,381,18
2026-05-06 11:30:00,0.98733,0.98763,0.98705,0.98735,363,18
2026-05-06 11:40:00,0.98735,0.98739,0.98593,0.98625,656,18
2026-05-06 11:50:00,0.98624,0.98635,0.98539,0.98566,446,18
2026-05-06 12:00:00,0.98566,0.98566,0.98482,0.98521,504,18
2026-05-06 12:10:00,0.98518,0.98526,0.98398,0.98474,638,18
2026-05-06 12:20:00,0.98477,0.98579,0.98472,0.98553,512,18
2026-05-06 12:30:00,0.98556,0.98574,0.98522,0.98547,427,18
2026-05-06 12:40:00,0.98547,0.98573,0.98524,0.98534,363,18
2026-05-06 12:50:00,0.98534,0.98539,0.98498,0.98504,412,18
2026-05-06 13:00:00,0.98501,0.98547,0.98424,0.98443,604,18
2026-05-06 13:10:00,0.9844,0.98545,0.98438,0.98464,430,18
2026-05-06 13:20:00,0.98461,0.98469,0.98416,0.98465,403,18
2026-05-06 13:30:00,0.98462,0.98526,0.9843,0.98507,543,18
2026-05-06 13:40:00,0.98506,0.98534,0.98497,0.98523,420,18
2026-05-06 13:50:00,0.98523,0.9853,0.98464,0.98508,446,18
2026-05-06 14:00:00,0.98508,0.98519,0.98453,0.9851,497,18
2026-05-06 14:10:00,0.98511,0.98554,0.98507,0.98527,437,18
2026-05-06 14:20:00,0.98525,0.98542,0.98481,0.98487,434,18
2026-05-06 14:30:00,0.98485,0.9856,0.98483,0.98553,414,18
2026-05-06 14:40:00,0.98556,0.98662,0.98556,0.98631,512,18
2026-05-06 14:50:00,0.98632,0.98638,0.98563,0.98566,487,18
2026-05-06 15:00:00,0.98566,0.98612,0.98523,0.98574,436,18
2026-05-06 15:10:00,0.98573,0.98586,0.98531,0.9857,392,18
2026-05-06 15:20:00,0.98573,0.98593,0.98547,0.98554,318,18
2026-05-06 15:30:00,0.98557,0.98576,0.98538,0.98548,311,18
2026-05-06 15:40:00,0.98548,0.98569,0.98508,0.98551,348,18
2026-05-06 15:50:00,0.98551,0.98566,0.98531,0.98533,310,18
2026-05-06 16:00:00,0.98532,0.98566,0.98523,0.98544,354,18
2026-05-06 16:10:00,0.98544,0.98564,0.98534,0.98534,304,18
2026-05-06 16:20:00,0.98535,0.98571,0.98535,0.98541,250,18
2026-05-06 16:30:00,0.98542,0.98548,0.98525,0.98545,240,18
2026-05-06 16:40:00,0.98545,0.98557,0.98515,0.98532,257,18
2026-05-06 16:50:00,0.98532,0.98547,0.98492,0.98521,416,18
2026-05-06 17:00:00,0.98521,0.98614,0.98518,0.98597,322,18
2026-05-06 17:10:00,0.98596,0.98631,0.98596,0.98623,214,18
2026-05-06 17:20:00,0.98622,0.9863,0.98605,0.98612,240,18
2026-05-06 17:30:00,0.98614,0.98622,0.98592,0.98592,208,18
2026-05-06 17:40:00,0.98592,0.98605,0.98585,0.98594,232,18
2026-05-06 17:50:00,0.98594,0.98623,0.9859,0.98621,222,18
2026-05-06 18:00:00,0.98622,0.98646,0.98622,0.98638,244,18
2026-05-06 18:10:00,0.98638,0.98646,0.98615,0.98637,204,18
2026-05-06 18:20:00,0.9864,0.98651,0.98631,0.98646,212,18
2026-05-06 18:30:00,0.98649,0.9867,0.98638,0.98668,228,18
2026-05-06 18:40:00,0.9867,0.98673,0.98655,0.9866,161,18
2026-05-06 18:50:00,0.98661,0.98687,0.9865,0.98674,274,18
2026-05-06 19:00:00,0.98672,0.98713,0.98666,0.987,246,18
2026-05-06 19:10:00,0.987,0.98706,0.98685,0.98689,181,18
2026-05-06 19:20:00,0.98689,0.98698,0.9867,0.98679,147,18
2026-05-06 19:30:00,0.98679,0.98679,0.9866,0.98664,161,18
2026-05-06 19:40:00,0.98664,0.98674,0.98648,0.98673,180,18
2026-05-06 19:50:00,0.98673,0.98696,0.98673,0.98679,297,18
2026-05-06 20:00:00,0.98682,0.98692,0.98667,0.98673,195,18
2026-05-06 20:10:00,0.98674,0.98674,0.98635,0.98635,199,18
2026-05-06 20:20:00,0.98635,0.98647,0.98631,0.98642,142,18
2026-05-06 20:30:00,0.9864,0.98643,0.98625,0.98629,121,18
2026-05-06 20:40:00,0.98629,0.9864,0.98613,0.9864,118,18
2026-05-06 20:50:00,0.98639,0.98664,0.98638,0.98653,123,18
2026-05-06 21:00:00,0.98653,0.98653,0.98653,0.98653,1,22
2026-05-06 21:10:00,0.98652,0.98652,0.98651,0.98651,2,22
2026-05-06 21:20:00,0.9865,0.98651,0.9865,0.98651,2,22
2026-05-06 21:30:00,0.98651,0.98652,0.98611,0.98618,147,22
2026-05-06 21:40:00,0.98617,0.98636,0.98615,0.98635,122,28
2026-05-06 21:50:00,0.98635,0.98669,0.98634,0.98669,96,21
2026-05-06 22:00:00,0.98669,0.98673,0.98623,0.98648,107,18
2026-05-06 22:10:00,0.98648,0.9866,0.98644,0.9866,59,18
2026-05-06 22:20:00,0.98653,0.98664,0.98646,0.98651,88,18
2026-05-06 22:30:00,0.98651,0.98656,0.98623,0.98624,87,18
2026-05-06 22:40:00,0.98629,0.98647,0.98624,0.98647,48,18
2026-05-06 22:50:00,0.98647,0.98651,0.98633,0.98645,107,18
2026-05-06 23:00:00,0.98652,0.98661,0.98643,0.98652,108,18
2026-05-06 23:10:00,0.98652,0.98662,0.98651,0.98652,71,18
2026-05-06 23:20:00,0.98652,0.98654,0.98643,0.98643,68,18
2026-05-06 23:30:00,0.98643,0.98655,0.98637,0.98653,86,18
2026-05-06 23:40:00,0.98651,0.98672,0.98651,0.9866,96,18
2026-05-06 23:50:00,0.9866,0.9866,0.98636,0.98642,173,18
2026-05-07 00:00:00,0.9864,0.98699,0.98619,0.98645,384,18
2026-05-07 00:10:00,0.98645,0.987,0.98644,0.98692,313,18
2026-05-07 00:20:00,0.98692,0.98702,0.98674,0.98687,249,18
2026-05-07 00:30:00,0.98686,0.9869,0.98654,0.9866,263,18
2026-05-07 00:40:00,0.9866,0.98668,0.98642,0.98657,262,18
2026-05-07 00:50:00,0.98657,0.98664,0.98628,0.98658,272,18
2026-05-07 01:00:00,0.9866,0.9866,0.98619,0.98642,362,18
2026-05-07 01:10:00,0.98643,0.98713,0.98642,0.98711,361,18
2026-05-07 01:20:00,0.98711,0.98713,0.98681,0.98705,283,18
2026-05-07 01:30:00,0.98703,0.9873,0.98673,0.9873,303,18
2026-05-07 01:40:00,0.98731,0.98767,0.98721,0.98763,266,18
2026-05-07 01:50:00,0.98764,0.9878,0.98746,0.98746,245,18
2026-05-07 02:00:00,0.98743,0.9877,0.98736,0.98748,256,18
2026-05-07 02:10:00,0.98747,0.9876,0.98727,0.98734,225,18
2026-05-07 02:20:00,0.98733,0.98737,0.98716,0.98735,218,18
2026-05-07 02:30:00,0.98734,0.9877,0.98734,0.98756,240,18
2026-05-07 02:40:00,0.98755,0.98788,0.98755,0.98771,213,18
2026-05-07 02:50:00,0.98771,0.98771,0.98753,0.98753,205,18
2026-05-07 03:00:00,0.98752,0.98752,0.98714,0.98728,203,18
2026-05-07 03:10:00,0.98728,0.9875,0.98716,0.98744,127,18
2026-05-07 03:20:00,0.98745,0.98745,0.98722,0.98732,194,18
2026-05-07 03:30:00,0.98731,0.98754,0.98723,0.98752,169,18
2026-05-07 03:40:00,0.98752,0.98778,0.98751,0.9876,151,18
2026-05-07 03:50:00,0.9876,0.9876,0.98745,0.98757,166,18
2026-05-07 04:00:00,0.98755,0.98796,0.98739,0.98744,212,18
2026-05-07 04:10:00,0.98744,0.98801,0.98738,0.98789,210,18
2026-05-07 04:20:00,0.98789,0.98798,0.98778,0.98796,134,18
2026-05-07 04:30:00,0.98797,0.98799,0.98777,0.98798,128,18
2026-05-07 04:40:00,0.98798,0.98818,0.98788,0.98788,210,18
2026-05-07 04:50:00,0.98787,0.98802,0.98766,0.98798,152,18
2026-05-07 05:00:00,0.98798,0.98814,0.98788,0.98805,204,18
2026-05-07 05:10:00,0.98805,0.98816,0.98801,0.98809,134,18
2026-05-07 05:20:00,0.98809,0.98811,0.98789,0.98798,176,18
2026-05-07 05:30:00,0.98798,0.98839,0.98795,0.9883,200,18
2026-05-07 05:40:00,0.9883,0.98842,0.98815,0.98819,175,18
2026-05-07 05:50:00,0.9882,0.98826,0.98805,0.98805,163,18
2026-05-07 06:00:00,0.98805,0.9881,0.98775,0.98783,244,18
2026-05-07 06:10:00,0.98786,0.98803,0.98774,0.98799,201,18
2026-05-07 06:20:00,0.98799,0.9882,0.98775,0.98777,239,18
2026-05-07 06:30:00,0.98778,0.9886,0.98763,0.9884,308,18
2026-05-07 06:40:00,0.98841,0.98901,0.9884,0.98854,398,18
2026-05-07 06:50:00,0.98855,0.98861,0.98843,0.98854,268,18
2026-05-07 07:00:00,0.98855,0.98948,0.98839,0.9894,404,18
2026-05-07 07:10:00,0.9894,0.98962,0.98901,0.98908,477,18
2026-05-07 07:20:00,0.98907,0.98942,0.989,0.98937,387,18
2026-05-07 07:30:00,0.98936,0.98939,0.98884,0.98927,360,18
2026-05-07 07:40:00,0.98927,0.98937,0.98876,0.98887,299,18
2026-05-07 07:50:00,0.98887,0.98934,0.98887,0.98928,302,18
2026-05-07 08:00:00,0.9893,0.98949,0.98923,0.98926,316,18
2026-05-07 08:10:00,0.98924,0.98953,0.98913,0.98947,310,18
2026-05-07 08:20:00,0.98944,0.98947,0.9889,0.98916,377,18
2026-05-07 08:30:00,0.98917,0.98929,0.98882,0.98894,259,18
2026-05-07 08:40:00,0.98894,0.98912,0.98881,0.98891,251,18
2026-05-07 08:50:00,0.9889,0.98931,0.98871,0.98885,251,18
2026-05-07 09:00:00,0.98886,0.98887,0.98853,0.9887,262,18
2026-05-07 09:10:00,0.98873,0.98878,0.98848,0.98862,227,18
2026-05-07 09:20:00,0.98862,0.98872,0.98835,0.98838,197,18
2026-05-07 09:30:00,0.98836,0.98886,0.98833,0.98878,279,18
2026-05-07 09:40:00,0.98878,0.98895,0.98866,0.98878,252,18
2026-05-07 09:50:00,0.98879,0.98904,0.9884,0.98897,320,18
2026-05-07 10:00:00,0.98898,0.98921,0.98887,0.98914,279,18
2026-05-07 10:10:00,0.98915,0.98929,0.98897,0.98899,240,18
2026-05-07 10:20:00,0.98899,0.98922,0.98882,0.98892,253,18
2026-05-07 10:30:00,0.98892,0.98911,0.98859,0.98888,249,18
2026-05-07 10:40:00,0.98887,0.98899,0.98873,0.98873,220,18
2026-05-07 10:50:00,0.98875,0.98882,0.9885,0.98852,261,18
2026-05-07 11:00:00,0.98855,0.98855,0.98829,0.98847,264,18
2026-05-07 11:10:00,0.98844,0.98847,0.98805,0.98822,268,18
2026-05-07 11:20:00,0.98821,0.98856,0.98816,0.98851,223,18
2026-05-07 11:30:00,0.98851,0.98888,0.98845,0.98871,242,18
2026-05-07 11:40:00,0.98871,0.98899,0.98867,0.98878,202,18
2026-05-07 11:50:00,0.98877,0.98915,0.98869,0.98908,273,18
2026-05-07 12:00:00,0.9891,0.9891,0.98872,0.98877,324,18
2026-05-07 12:10:00,0.98877,0.98916,0.98868,0.98872,296,18
2026-05-07 12:20:00,0.98875,0.98886,0.98823,0.98862,354,18
2026-05-07 12:30:00,0.98859,0.98879,0.98845,0.9885,285,18
2026-05-07 12:40:00,0.98851,0.9889,0.98844,0.9889,327,18
2026-05-07 12:50:00,0.98892,0.98898,0.98862,0.98865,327,18
2026-05-07 13:00:00,0.98866,0.98866,0.98818,0.98836,417,18
2026-05-07 13:10:00,0.98836,0.98876,0.98808,0.98875,358,18
2026-05-07 13:20:00,0.98875,0.98887,0.98846,0.9886,306,18
2026-05-07 13:30:00,0.98857,0.98857,0.98812,0.98817,392,18
2026-05-07 13:40:00,0.98817,0.98829,0.98766,0.98799,467,18
2026-05-07 13:50:00,0.98799,0.98851,0.98787,0.98841,399,18
2026-05-07 14:00:00,0.98841,0.98847,0.98801,0.9882,411,18
2026-05-07 14:10:00,0.98821,0.98865,0.98818,0.98858,421,18
2026-05-07 14:20:00,0.98857,0.9889,0.98851,0.98867,372,18
2026-05-07 14:30:00,0.98868,0.98877,0.98838,0.98854,350,18
2026-05-07 14:40:00,0.98852,0.98866,0.98815,0.98828,356,18
2026-05-07 14:50:00,0.98828,0.98939,0.98816,0.98936,439,18
2026-05-07 15:00:00,0.98938,0.98942,0.98885,0.9892,368,18
2026-05-07 15:10:00,0.9892,0.98925,0.98874,0.98888,292,18
2026-05-07 15:20:00,0.98888,0.98897,0.98775,0.98797,499,18
2026-05-07 15:30:00,0.988,0.98838,0.98789,0.98791,412,18
2026-05-07 15:40:00,0.98791,0.9881,0.98758,0.98771,328,18
2026-05-07 15:50:00,0.98768,0.98778,0.98702,0.9871,385,18
2026-05-07 16:00:00,0.98713,0.98734,0.98674,0.98708,459,18
2026-05-07 16:10:00,0.98708,0.98716,0.98634,0.98641,413,18
2026-05-07 16:20:00,0.98643,0.9871,0.98638,0.98697,360,18
2026-05-07 16:30:00,0.98695,0.98706,0.98642,0.98648,346,18
2026-05-07 16:40:00,0.98646,0.98666,0.98634,0.9866,316,18
2026-05-07 16:50:00,0.9866,0.98686,0.98637,0.98655,348,18
2026-05-07 17:00:00,0.98655,0.98661,0.98618,0.9862,348,18
2026-05-07 17:10:00,0.98621,0.98635,0.98598,0.98598,252,18
2026-05-07 17:20:00,0.98597,0.98671,0.98517,0.98548,598,18
2026-05-07 17:30:00,0.98549,0.98576,0.98516,0.98573,507,18
2026-05-07 17:40:00,0.98573,0.98595,0.98547,0.98563,358,18
2026-05-07 17:50:00,0.98562,0.98629,0.98544,0.98627,408,18
2026-05-07 18:00:00,0.9863,0.98649,0.98602,0.98605,334,18
2026-05-07 18:10:00,0.98604,0.9862,0.98581,0.98609,261,18
2026-05-07 18:20:00,0.98611,0.98619,0.98585,0.98601,257,18
2026-05-07 18:30:00,0.98601,0.98623,0.98575,0.98606,304,18
2026-05-07 18:40:00,0.98608,0.98609,0.98498,0.98529,510,18
2026-05-07 18:50:00,0.98526,0.98581,0.98497,0.98577,480,18
2026-05-07 19:00:00,0.98579,0.98582,0.98521,0.98549,358,18
2026-05-07 19:10:00,0.98548,0.98559,0.9847,0.98475,401,18
2026-05-07 19:20:00,0.98475,0.985,0.98446,0.98489,434,18
2026-05-07 19:30:00,0.98492,0.98551,0.98487,0.98546,271,18
2026-05-07 19:40:00,0.98546,0.98564,0.98507,0.98536,263,18
2026-05-07 19:50:00,0.98539,0.98562,0.98478,0.98491,517,18
2026-05-07 20:00:00,0.9849,0.98627,0.98485,0.9856,492,18
2026-05-07 20:10:00,0.9856,0.98576,0.98546,0.9855,171,18
2026-05-07 20:20:00,0.9855,0.98559,0.98538,0.98538,154,18
2026-05-07 20:30:00,0.9854,0.9854,0.98399,0.98456,407,18
2026-05-07 20:40:00,0.98456,0.98514,0.98451,0.98489,285,18
2026-05-07 20:50:00,0.98491,0.98492,0.98419,0.98455,273,18
2026-05-07 21:00:00,0.98454,0.98454,0.98454,0.98454,1,32
2026-05-07 21:10:00,0.98453,0.98455,0.98453,0.98455,4,29
2026-05-07 21:20:00,0.98454,0.98456,0.98451,0.98456,13,22
2026-05-07 21:30:00,0.98456,0.98456,0.98391,0.98422,180,22
2026-05-07 21:40:00,0.98423,0.98427,0.98414,0.98419,92,27
2026-05-07 21:50:00,0.9842,0.98441,0.98409,0.98411,117,29
2026-05-07 22:00:00,0.98417,0.98425,0.98377,0.98386,181,18
2026-05-07 22:10:00,0.98386,0.98442,0.98382,0.98434,225,18
2026-05-07 22:20:00,0.98434,0.9846,0.98431,0.98442,233,18
2026-05-07 22:30:00,0.98438,0.98463,0.9842,0.98447,246,18
2026-05-07 22:40:00,0.98447,0.98447,0.98425,0.9843,183,18
2026-05-07 22:50:00,0.9843,0.98437,0.98404,0.98408,165,18
2026-05-07 23:00:00,0.98408,0.98446,0.98408,0.98429,152,18
2026-05-07 23:10:00,0.98429,0.98444,0.98426,0.98433,107,18
2026-05-07 23:20:00,0.98433,0.98449,0.98433,0.98443,121,18
2026-05-07 23:30:00,0.98443,0.98457,0.98411,0.98424,126,18
2026-05-07 23:40:00,0.98425,0.98456,0.98419,0.98455,127,18
2026-05-07 23:50:00,0.98455,0.98473,0.98448,0.98465,200,18
2026-05-08 00:00:00,0.98467,0.98487,0.98449,0.9847,328,18
2026-05-08 00:10:00,0.9847,0.98483,0.98367,0.98378,357,18
2026-05-08 00:20:00,0.98381,0.98429,0.98373,0.98398,323,18
2026-05-08 00:30:00,0.98398,0.98439,0.98391,0.98435,252,18
2026-05-08 00:40:00,0.98435,0.98439,0.98398,0.98414,261,18
2026-05-08 00:50:00,0.98415,0.98455,0.98414,0.98444,276,18
2026-05-08 01:00:00,0.98441,0.98505,0.98441,0.98485,359,18
2026-05-08 01:10:00,0.98482,0.98505,0.98474,0.98494,278,18
2026-05-08 01:20:00,0.98494,0.98521,0.98486,0.98492,265,18
2026-05-08 01:30:00,0.98495,0.98512,0.98462,0.98492,256,18
2026-05-08 01:40:00,0.98493,0.98494,0.98463,0.98482,226,18
2026-05-08 01:50:00,0.98483,0.98485,0.98442,0.98464,236,18
2026-05-08 02:00:00,0.98465,0.98494,0.98447,0.9849,248,18
2026-05-08 02:10:00,0.9849,0.98498,0.98447,0.9847,256,18
2026-05-08 02:20:00,0.9847,0.98514,0.98469,0.98481,246,18
2026-05-08 02:30:00,0.98483,0.9849,0.98414,0.98461,413,18
2026-05-08 02:40:00,0.98461,0.98521,0.98455,0.98515,314,18
2026-05-08 02:50:00,0.98517,0.98522,0.98476,0.98478,257,18
2026-05-08 03:00:00,0.98481,0.98514,0.98471,0.98505,253,18
2026-05-08 03:10:00,0.98507,0.98528,0.98506,0.98518,188,18
2026-05-08 03:20:00,0.98518,0.98553,0.98507,0.98551,191,18
2026-05-08 03:30:00,0.98551,0.98596,0.98548,0.98571,255,18
2026-05-08 03:40:00,0.9857,0.98595,0.9856,0.98563,234,18
2026-05-08 03:50:00,0.98563,0.98563,0.98539,0.98539,216,18
2026-05-08 04:00:00,0.98538,0.98554,0.98533,0.98551,220,18
2026-05-08 04:10:00,0.98551,0.98564,0.98529,0.98545,224,18
2026-05-08 04:20:00,0.98542,0.98558,0.98525,0.98537,197,18
2026-05-08 04:30:00,0.98538,0.98551,0.98534,0.98546,157,18
2026-05-08 04:40:00,0.98545,0.98569,0.98534,0.98569,219,18
2026-05-08 04:50:00,0.98567,0.98609,0.98567,0.98589,236,18
2026-05-08 05:00:00,0.9859,0.98599,0.98554,0.98556,230,18
2026-05-08 05:10:00,0.98556,0.9861,0.98551,0.98605,199,18
2026-05-08 05:20:00,0.98604,0.98623,0.9859,0.98622,195,18
2026-05-08 05:30:00,0.98622,0.98642,0.98599,0.98601,301,18
2026-05-08 05:40:00,0.98602,0.98625,0.98602,0.98614,223,18
2026-05-08 05:50:00,0.98614,0.98637,0.98601,0.98622,236,18
2026-05-08 06:00:00,0.98622,0.98661,0.98604,0.9865,324,18
2026-05-08 06:10:00,0.98652,0.98656,0.98624,0.98645,254,18
2026-05-08 06:20:00,0.98646,0.98678,0.98631,0.98677,303,18
2026-05-08 06:30:00,0.9868,0.98682,0.98646,0.98671,297,18
2026-05-08 06:40:00,0.98671,0.98689,0.98659,0.98675,261,18
2026-05-08 06:50:00,0.98675,0.98678,0.98652,0.98652,228,18
2026-05-08 07:00:00,0.98652,0.98657,0.98632,0.98647,289,18
2026-05-08 07:10:00,0.98647,0.98657,0.98599,0.98612,317,18
2026-05-08 07:20:00,0.98612,0.98633,0.98589,0.98614,302,18
2026-05-08 07:30:00,0.98613,0.98646,0.98604,0.9862,293,18
2026-05-08 07:40:00,0.98619,0.98637,0.98608,0.98633,265,18
2026-05-08 07:50:00,0.98636,0.98645,0.98616,0.98638,250,18
2026-05-08 08:00:00,0.9864,0.98659,0.98633,0.9864,311,18
2026-05-08 08:10:00,0.98641,0.98684,0.98641,0.98671,276,18
2026-05-08 08:20:00,0.98674,0.98733,0.98674,0.9872,333,18
2026-05-08 08:30:00,0.9872,0.98753,0.9871,0.98748,286,18
2026-05-08 08:40:00,0.98746,0.98766,0.98729,0.98745,294,18
2026-05-08 08:50:00,0.98746,0.98753,0.98716,0.98743,241,18
2026-05-08 09:00:00,0.98743,0.98773,0.98726,0.98764,310,18
2026-05-08 09:10:00,0.98763,0.98792,0.98758,0.98784,213,18
2026-05-08 09:20:00,0.98784,0.98805,0.98759,0.98766,221,18
2026-05-08 09:30:00,0.98767,0.98785,0.98736,0.98745,219,18
2026-05-08 09:40:00,0.98747,0.98757,0.98733,0.9874,218,18
2026-05-08 09:50:00,0.98739,0.98739,0.98671,0.98701,334,18
2026-05-08 10:00:00,0.98702,0.98731,0.98696,0.98712,267,18
2026-05-08 10:10:00,0.98712,0.98744,0.98708,0.98744,177,18
2026-05-08 10:20:00,0.98744,0.98775,0.98735,0.98762,213,18
2026-05-08 10:30:00,0.98761,0.988,0.98759,0.98798,219,18
2026-05-08 10:40:00,0.98798,0.9881,0.98783,0.98788,207,18
2026-05-08 10:50:00,0.9879,0.98794,0.98736,0.9877,294,18
2026-05-08 11:00:00,0.98771,0.98821,0.98771,0.98788,231,18
2026-05-08 11:10:00,0.98788,0.98788,0.98754,0.9877,230,18
2026-05-08 11:20:00,0.98771,0.98771,0.98724,0.98733,224,18
2026-05-08 11:30:00,0.98733,0.98746,0.98713,0.98721,208,18
2026-05-08 11:40:00,0.98719,0.98721,0.98683,0.98701,242,18
2026-05-08 11:50:00,0.98702,0.98728,0.98689,0.98714,227,18
2026-05-08 12:00:00,0.98714,0.98778,0.98703,0.98778,311,18
2026-05-08 12:10:00,0.98777,0.98807,0.98751,0.98786,333,18
2026-05-08 12:20:00,0.98789,0.98808,0.98763,0.98775,295,18
2026-05-08 12:30:00,0.98771,0.99182,0.98741,0.99148,819,18
2026-05-08 12:40:00,0.99146,0.99168,0.9907,0.99109,531,18
2026-05-08 12:50:00,0.99111,0.99135,0.99066,0.99082,499,18
2026-05-08 13:00:00,0.99083,0.99152,0.99027,0.99043,477,18
2026-05-08 13:10:00,0.99046,0.99182,0.99035,0.99159,499,18
2026-05-08 13:20:00,0.99156,0.99225,0.99143,0.99186,412,18
2026-05-08 13:30:00,0.99189,0.99248,0.99139,0.99234,494,18
2026-05-08 13:40:00,0.99234,0.99296,0.99213,0.99284,483,18
2026-05-08 13:50:00,0.99284,0.99291,0.99255,0.99266,388,18
2026-05-08 14:00:00,0.99263,0.9928,0.9917,0.9918,443,18
2026-05-08 14:10:00,0.99182,0.99197,0.99142,0.99194,426,18
2026-05-08 14:20:00,0.99192,0.99206,0.99151,0.99154,393,18
2026-05-08 14:30:00,0.99153,0.99217,0.99151,0.992,408,18
2026-05-08 14:40:00,0.99199,0.99222,0.99189,0.99189,346,18
2026-05-08 14:50:00,0.99188,0.99194,0.9913,0.99161,366,18
2026-05-08 15:00:00,0.99161,0.9919,0.99139,0.99178,388,18
2026-05-08 15:10:00,0.99177,0.99187,0.9909,0.99095,359,18
2026-05-08 15:20:00,0.99098,0.99151,0.99097,0.99151,325,18
2026-05-08 15:30:00,0.99151,0.99152,0.991,0.99151,397,18
2026-05-08 15:40:00,0.99149,0.9915,0.99069,0.99086,366,18
2026-05-08 15:50:00,0.99089,0.99125,0.99055,0.99055,317,18
2026-05-08 16:00:00,0.99057,0.99113,0.99056,0.99086,354,18
2026-05-08 16:10:00,0.99086,0.99122,0.99077,0.99119,234,18
2026-05-08 16:20:00,0.99118,0.99138,0.99118,0.99133,224,18
2026-05-08 16:30:00,0.99131,0.99135,0.99106,0.99114,192,18
2026-05-08 16:40:00,0.99115,0.99134,0.9909,0.99134,231,18
2026-05-08 16:50:00,0.99135,0.9914,0.99109,0.9911,243,18
2026-05-08 17:00:00,0.9911,0.99117,0.9909,0.99094,220,18
2026-05-08 17:10:00,0.99094,0.99121,0.99093,0.99102,191,18
2026-05-08 17:20:00,0.99102,0.99124,0.99095,0.9912,215,18
2026-05-08 17:30:00,0.9912,0.99128,0.99105,0.99106,185,18
2026-05-08 17:40:00,0.99103,0.99121,0.99101,0.99113,174,18
2026-05-08 17:50:00,0.99113,0.99128,0.99102,0.99103,220,18
2026-05-08 18:00:00,0.99101,0.99148,0.99088,0.99139,332,18
2026-05-08 18:10:00,0.99139,0.99155,0.99121,0.99122,212,18
2026-05-08 18:20:00,0.99123,0.99129,0.99112,0.99117,169,18
2026-05-08 18:30:00,0.99115,0.99125,0.9911,0.99114,156,18
2026-05-08 18:40:00,0.99112,0.99118,0.99091,0.99095,174,18
2026-05-08 18:50:00,0.99096,0.99096,0.99061,0.99069,227,18
2026-05-08 19:00:00,0.99069,0.99089,0.99069,0.99075,201,18
2026-05-08 19:10:00,0.99075,0.99091,0.99072,0.99084,148,18
2026-05-08 19:20:00,0.99084,0.99093,0.9908,0.99083,135,18
2026-05-08 19:30:00,0.99083,0.99099,0.99077,0.99096,168,18
2026-05-08 19:40:00,0.99096,0.99139,0.99094,0.99133,204,18
2026-05-08 19:50:00,0.99136,0.99146,0.99112,0.99133,257,18
2026-05-08 20:00:00,0.99132,0.99137,0.99106,0.99115,143,18
2026-05-08 20:10:00,0.99115,0.9915,0.99112,0.9915,121,18
2026-05-08 20:20:00,0.9915,0.99151,0.99114,0.99125,138,18
2026-05-08 20:30:00,0.99125,0.99138,0.99089,0.99093,137,18
2026-05-08 20:40:00,0.99092,0.99092,0.99075,0.99084,107,18
2026-05-08 20:50:00,0.99085,0.99123,0.99084,0.99105,139,18
2026-05-10 21:30:00,0.98804,0.98804,0.98763,0.98785,58,228
2026-05-10 21:40:00,0.98786,0.98821,0.98782,0.988,82,151
2026-05-10 21:50:00,0.98802,0.9882,0.98738,0.98756,166,126
2026-05-10 22:00:00,0.98788,0.98923,0.98776,0.98923,263,28
2026-05-10 22:10:00,0.98923,0.98956,0.98913,0.98942,179,18
2026-05-10 22:20:00,0.98942,0.98994,0.98924,0.98989,161,18
2026-05-10 22:30:00,0.9899,0.99018,0.98972,0.98986,212,18
2026-05-10 22:40:00,0.98984,0.99016,0.98974,0.99011,162,18
2026-05-10 22:50:00,0.99011,0.99013,0.98993,0.9901,156,18
2026-05-10 23:00:00,0.9901,0.99021,0.98987,0.99007,160,18
2026-05-10 23:10:00,0.99007,0.9902,0.98994,0.99018,126,18
2026-05-10 23:20:00,0.99019,0.99036,0.99017,0.99017,113,18
2026-05-10 23:30:00,0.99017,0.99028,0.99008,0.99014,143,18
2026-05-10 23:40:00,0.99015,0.99021,0.98992,0.99018,168,18
2026-05-10 23:50:00,0.99018,0.99018,0.98961,0.98976,226,18
2026-05-11 00:00:00,0.98976,0.99,0.9896,0.98975,370,18
2026-05-11 00:10:00,0.98976,0.98994,0.98962,0.98989,304,18
2026-05-11 00:20:00,0.98989,0.99029,0.98987,0.99022,209,18
2026-05-11 00:30:00,0.99023,0.99043,0.9901,0.99026,200,18
2026-05-11 00:40:00,0.99026,0.99039,0.99012,0.9903,219,18
2026-05-11 00:50:00,0.9903,0.99045,0.98976,0.99024,446,18
2026-05-11 01:00:00,0.99027,0.99037,0.98989,0.99003,424,18
2026-05-11 01:10:00,0.99003,0.99019,0.98969,0.98995,338,18
2026-05-11 01:20:00,0.98998,0.99025,0.98993,0.99002,270,18
2026-05-11 01:30:00,0.99003,0.99004,0.98948,0.98958,319,18
2026-05-11 01:40:00,0.98959,0.98965,0.98938,0.9896,277,18
2026-05-11 01:50:00,0.98959,0.9899,0.98949,0.9899,226,18
2026-05-11 02:00:00,0.98993,0.99014,0.98983,0.98992,267,18
2026-05-11 02:10:00,0.9899,0.99015,0.98978,0.98979,242,18
2026-05-11 02:20:00,0.98978,0.99009,0.98978,0.99005,150,18
2026-05-11 02:30:00,0.99002,0.99019,0.9898,0.98984,234,18
2026-05-11 02:40:00,0.98984,0.98984,0.98953,0.9896,173,18
2026-05-11 02:50:00,0.98962,0.98963,0.98939,0.98946,224,18
2026-05-11 03:00:00,0.98943,0.98951,0.98921,0.98934,250,18
2026-05-11 03:10:00,0.98934,0.98956,0.98931,0.98941,183,18
2026-05-11 03:20:00,0.98941,0.9896,0.98939,0.98957,146,18
2026-05-11 03:30:00,0.98957,0.98961,0.98941,0.98941,148,18
2026-05-11 03:40:00,0.98943,0.98966,0.98943,0.98952,160,18
2026-05-11 03:50:00,0.98952,0.9896,0.98943,0.98945,165,18
2026-05-11 04:00:00,0.98944,0.98951,0.98927,0.98941,153,18
2026-05-11 04:10:00,0.98941,0.98943,0.98929,0.98929,123,18
2026-05-11 04:20:00,0.98929,0.98943,0.98914,0.98932,162,18
2026-05-11 04:30:00,0.98931,0.98947,0.9893,0.98932,145,18
2026-05-11 04:40:00,0.98933,0.98948,0.98933,0.98947,111,18
2026-05-11 04:50:00,0.98947,0.98961,0.98942,0.9896,143,18
2026-05-11 05:00:00,0.9896,0.98971,0.98955,0.98962,161,18
2026-05-11 05:10:00,0.98962,0.98997,0.98958,0.98995,126,18
2026-05-11 05:20:00,0.98994,0.98998,0.98978,0.98993,155,18
2026-05-11 05:30:00,0.98993,0.99002,0.98957,0.98963,212,18
2026-05-11 05:40:00,0.98962,0.98976,0.98948,0.98961,230,18
2026-05-11 05:50:00,0.98961,0.98991,0.98956,0.98982,222,18
2026-05-11 06:00:00,0.98982,0.99023,0.9896,0.9902,292,18
2026-05-11 06:10:00,0.99019,0.99025,0.98959,0.98966,236,18
2026-05-11 06:20:00,0.98966,0.9898,0.9895,0.98976,229,18
2026-05-11 06:30:00,0.98975,0.99005,0.98966,0.9899,236,18
2026-05-11 06:40:00,0.98992,0.99021,0.98988,0.99003,219,18
2026-05-11 06:50:00,0.99001,0.99054,0.98995,0.99044,276,18
2026-05-11 07:00:00,0.99047,0.9905,0.9895,0.98958,304,18
2026-05-11 07:10:00,0.98957,0.98988,0.98954,0.98973,236,18
2026-05-11 07:20:00,0.98973,0.98977,0.98954,0.98954,231,18
2026-05-11 07:30:00,0.98954,0.98959,0.98913,0.98934,209,18
2026-05-11 07:40:00,0.98934,0.98951,0.98917,0.98932,228,18
2026-05-11 07:50:00,0.98931,0.98981,0.98931,0.98977,213,18
2026-05-11 08:00:00,0.98978,0.99014,0.98975,0.98985,270,18
2026-05-11 08:10:00,0.98985,0.99039,0.98983,0.9903,272,18
2026-05-11 08:20:00,0.99029,0.99049,0.98999,0.99001,260,18
2026-05-11 08:30:00,0.98998,0.99018,0.98976,0.98976,204,18
2026-05-11 08:40:00,0.98976,0.98982,0.98955,0.98955,205,18
2026-05-11 08:50:00,0.98955,0.98965,0.98927,0.98934,212,18
2026-05-11 09:00:00,0.98933,0.98975,0.98928,0.98974,212,18
2026-05-11 09:10:00,0.98975,0.98976,0.98946,0.98958,194,18
2026-05-11 09:20:00,0.98958,0.98968,0.9894,0.98941,178,18
2026-05-11 09:30:00,0.98941,0.98963,0.9893,0.98953,187,18
2026-05-11 09:40:00,0.98953,0.98958,0.98933,0.98935,169,18
2026-05-11 09:50:00,0.98935,0.98937,0.98905,0.98905,182,18
2026-05-11 10:00:00,0.98903,0.98917,0.98889,0.98907,206,18
2026-05-11 10:10:00,0.98908,0.98923,0.98897,0.98918,170,18
2026-05-11 10:20:00,0.98919,0.98927,0.98899,0.98921,149,18
2026-05-11 10:30:00,0.98921,0.98954,0.98883,0.98906,227,18
2026-05-11 10:40:00,0.98906,0.98958,0.98903,0.98958,229,18
2026-05-11 10:50:00,0.98957,0.98961,0.98932,0.98933,236,18
2026-05-11 11:00:00,0.98934,0.98987,0.98934,0.98986,267,18
2026-05-11 11:10:00,0.98988,0.98993,0.9897,0.98982,197,18
2026-05-11 11:20:00,0.98982,0.98998,0.98969,0.98993,157,18
2026-05-11 11:30:00,0.98993,0.99019,0.98986,0.99004,232,18
2026-05-11 11:40:00,0.99005,0.99014,0.9899,0.98991,200,18
2026-05-11 11:50:00,0.98991,0.99,0.98955,0.98982,223,18
2026-05-11 12:00:00,0.98982,0.98998,0.98932,0.98934,271,18
2026-05-11 12:10:00,0.98933,0.98954,0.9892,0.98943,222,18
2026-05-11 12:20:00,0.98944,0.9901,0.98934,0.9901,326,18
2026-05-11 12:30:00,0.9901,0.99081,0.99009,0.99011,365,18
2026-05-11 12:40:00,0.9901,0.99023,0.98962,0.98992,338,18
2026-05-11 12:50:00,0.98991,0.98995,0.98965,0.98985,254,18
2026-05-11 13:00:00,0.98986,0.99064,0.98986,0.99059,315,18
2026-05-11 13:10:00,0.99059,0.99094,0.99046,0.99062,287,18
2026-05-11 13:20:00,0.99062,0.9909,0.99057,0.99078,319,18
2026-05-11 13:30:00,0.99081,0.99098,0.99062,0.99079,343,18
2026-05-11 13:40:00,0.99078,0.99116,0.99076,0.99087,356,18
2026-05-11 13:50:00,0.99086,0.99091,0.99065,0.99067,310,18
2026-05-11 14:00:00,0.99065,0.99105,0.99059,0.99068,353,18
2026-05-11 14:10:00,0.99067,0.99102,0.99059,0.991,285,18
2026-05-11 14:20:00,0.99102,0.99104,0.99041,0.99043,292,18
2026-05-11 14:30:00,0.99045,0.99057,0.98991,0.99037,460,18
2026-05-11 14:40:00,0.99036,0.99072,0.99035,0.99049,307,18
2026-05-11 14:50:00,0.99048,0.99148,0.99041,0.99136,431,18
2026-05-11 15:00:00,0.99136,0.99161,0.9912,0.99158,327,18
2026-05-11 15:10:00,0.99158,0.99163,0.99119,0.99146,247,18
2026-05-11 15:20:00,0.99146,0.99188,0.99146,0.99181,249,18
2026-05-11 15:30:00,0.99181,0.99204,0.99173,0.99198,237,18
2026-05-11 15:40:00,0.99198,0.99198,0.99147,0.99166,283,18
2026-05-11 15:50:00,0.99164,0.99187,0.99152,0.99163,219,18
2026-05-11 16:00:00,0.99163,0.99181,0.99153,0.99177,202,18
2026-05-11 16:10:00,0.99177,0.99185,0.99163,0.99164,163,18
2026-05-11 16:20:00,0.99164,0.99165,0.9913,0.99139,184,18
2026-05-11 16:30:00,0.9914,0.99145,0.99108,0.99112,180,18
2026-05-11 16:40:00,0.99112,0.99114,0.99036,0.99071,395,18
2026-05-11 16:50:00,0.9907,0.99072,0.99043,0.99061,289,18
2026-05-11 17:00:00,0.99062,0.99079,0.99043,0.99054,266,18
2026-05-11 17:10:00,0.99054,0.99063,0.9904,0.99062,217,18
2026-05-11 17:20:00,0.99062,0.9909,0.99061,0.9908,211,18
2026-05-11 17:30:00,0.9908,0.99108,0.99076,0.99099,181,18
2026-05-11 17:40:00,0.99099,0.99116,0.99098,0.99101,154,18
2026-05-11 17:50:00,0.991,0.99105,0.99088,0.99098,146,18
2026-05-11 18:00:00,0.99098,0.99129,0.99097,0.99127,166,18
2026-05-11 18:10:00,0.99126,0.99143,0.99114,0.99139,184,18
2026-05-11 18:20:00,0.99139,0.99153,0.99123,0.99147,212,18
2026-05-11 18:30:00,0.99147,0.99168,0.9914,0.99153,180,18
2026-05-11 18:40:00,0.99153,0.99157,0.99113,0.99116,209,18
2026-05-11 18:50:00,0.99116,0.99118,0.99099,0.99099,199,18
2026-05-11 19:00:00,0.99097,0.99115,0.99093,0.99113,219,18
2026-05-11 19:10:00,0.99114,0.99116,0.99085,0.99086,183,18
2026-05-11 19:20:00,0.99087,0.99106,0.99085,0.99097,177,18
2026-05-11 19:30:00,0.99097,0.99119,0.9909,0.99115,201,18
2026-05-11 19:40:00,0.99116,0.99122,0.99101,0.99115,182,18
2026-05-11 19:50:00,0.99115,0.99134,0.99104,0.99134,197,18
2026-05-11 20:00:00,0.99136,0.99144,0.99125,0.99126,156,18
2026-05-11 20:10:00,0.99126,0.99143,0.99095,0.99141,209,18
2026-05-11 20:20:00,0.99141,0.99158,0.99136,0.99158,95,18
2026-05-11 20:30:00,0.99158,0.99171,0.9915,0.99151,102,18
2026-05-11 20:40:00,0.99152,0.99157,0.99141,0.99141,131,18
2026-05-11 20:50:00,0.99141,0.99152,0.99127,0.99137,158,18
2026-05-11 21:30:00,0.99126,0.99128,0.9909,0.99091,44,35
2026-05-11 21:40:00,0.9909,0.99107,0.99078,0.99107,78,45
2026-05-11 21:50:00,0.99105,0.9913,0.99099,0.9913,78,46
2026-05-11 22:00:00,0.99146,0.99154,0.99135,0.99135,90,20
2026-05-11 22:10:00,0.99135,0.99144,0.99132,0.99143,81,18
2026-05-11 22:20:00,0.99143,0.99143,0.9912,0.99126,89,18
2026-05-11 22:30:00,0.99122,0.99139,0.99122,0.99139,76,18
2026-05-11 22:40:00,0.99139,0.9915,0.99129,0.99143,84,18
2026-05-11 22:50:00,0.99143,0.99149,0.9913,0.99139,91,18
2026-05-11 23:00:00,0.99142,0.99149,0.99133,0.99141,71,18
2026-05-11 23:10:00,0.99142,0.99158,0.99141,0.99155,81,18
2026-05-11 23:20:00,0.99155,0.99157,0.99132,0.99135,74,18
2026-05-11 23:30:00,0.99138,0.99142,0.99126,0.99141,88,18
2026-05-11 23:40:00,0.99141,0.99141,0.99118,0.99126,100,18
2026-05-11 23:50:00,0.99126,0.99131,0.99095,0.99103,139,18
2026-05-12 00:00:00,0.99103,0.99103,0.99058,0.99074,309,18
2026-05-12 00:10:00,0.99071,0.99083,0.99063,0.99069,215,18
2026-05-12 00:20:00,0.9907,0.99072,0.99023,0.99039,254,18
2026-05-12 00:30:00,0.99037,0.9905,0.99022,0.99034,215,18
2026-05-12 00:40:00,0.99033,0.9906,0.99026,0.99055,217,18
2026-05-12 00:50:00,0.99055,0.99065,0.99,0.99021,263,18
2026-05-12 01:00:00,0.99018,0.99057,0.99009,0.99036,283,18
2026-05-12 01:10:00,0.99036,0.99044,0.98975,0.99,307,18
2026-05-12 01:20:00,0.98999,0.99013,0.98971,0.98984,296,18
2026-05-12 01:30:00,0.98981,0.99038,0.98924,0.98924,434,18
2026-05-12 01:40:00,0.98926,0.9899,0.98894,0.98989,415,18
2026-05-12 01:50:00,0.9899,0.98999,0.98969,0.98986,283,18
2026-05-12 02:00:00,0.98986,0.99018,0.98977,0.99007,300,18
2026-05-12 02:10:00,0.99007,0.99027,0.98976,0.98983,246,18
2026-05-12 02:20:00,0.98983,0.98996,0.98973,0.98987,207,18
2026-05-12 02:30:00,0.98987,0.98996,0.98975,0.98982,220,18
2026-05-12 02:40:00,0.98982,0.99026,0.98967,0.99025,242,18
2026-05-12 02:50:00,0.99024,0.99045,0.99017,0.9903,216,18
2026-05-12 03:00:00,0.99028,0.99037,0.98991,0.98998,206,18
2026-05-12 03:10:00,0.98999,0.99018,0.98993,0.98998,196,18
2026-05-12 03:20:00,0.98998,0.99004,0.98967,0.98979,205,18
2026-05-12 03:30:00,0.98979,0.99,0.98971,0.98996,192,18
2026-05-12 03:40:00,0.98996,0.99007,0.98993,0.98997,137,18
2026-05-12 03:50:00,0.98997,0.99005,0.98974,0.98981,161,18
2026-05-12 04:00:00,0.98981,0.99016,0.98981,0.99011,210,18
2026-05-12 04:10:00,0.99011,0.99025,0.99004,0.99023,143,18
2026-05-12 04:20:00,0.99023,0.99042,0.99019,0.99035,135,18
2026-05-12 04:30:00,0.99034,0.99055,0.99034,0.99042,146,18
2026-05-12 04:40:00,0.99042,0.99043,0.99018,0.99028,154,18
2026-05-12 04:50:00,0.99027,0.99031,0.99003,0.99017,180,18
2026-05-12 05:00:00,0.99015,0.99031,0.98988,0.98993,236,18
2026-05-12 05:10:00,0.98993,0.98994,0.98937,0.9894,253,18
2026-05-12 05:20:00,0.98942,0.98983,0.98942,0.98975,244,18
2026-05-12 05:30:00,0.98975,0.98985,0.98947,0.98969,235,18
2026-05-12 05:40:00,0.98967,0.98985,0.98955,0.98974,190,18
2026-05-12 05:50:00,0.98976,0.99013,0.98953,0.98953,347,18
2026-05-12 06:00:00,0.98953,0.98955,0.98862,0.98872,357,18
2026-05-12 06:10:00,0.98872,0.98915,0.98872,0.98907,303,18
2026-05-12 06:20:00,0.98905,0.98905,0.9883,0.98836,318,18
2026-05-12 06:30:00,0.98839,0.98852,0.98816,0.98823,287,18
2026-05-12 06:40:00,0.98824,0.98842,0.98796,0.98819,301,18
2026-05-12 06:50:00,0.98818,0.98818,0.98738,0.9875,343,18
2026-05-12 07:00:00,0.98752,0.98787,0.98735,0.98782,420,18
2026-05-12 07:10:00,0.98785,0.98856,0.98773,0.98847,372,18
2026-05-12 07:20:00,0.98847,0.98859,0.98822,0.98859,300,18
2026-05-12 07:30:00,0.98859,0.98891,0.98838,0.98891,282,18
2026-05-12 07:40:00,0.98892,0.98893,0.98848,0.98862,284,18
2026-05-12 07:50:00,0.98862,0.98905,0.98859,0.98889,356,18
2026-05-12 08:00:00,0.98892,0.98908,0.98875,0.98891,326,18
2026-05-12 08:10:00,0.98888,0.98936,0.98857,0.98916,313,18
2026-05-12 08:20:00,0.98914,0.98948,0.98908,0.98931,325,18
2026-05-12 08:30:00,0.98932,0.98939,0.9889,0.98921,298,18
2026-05-12 08:40:00,0.98921,0.98964,0.98904,0.98948,326,18
2026-05-12 08:50:00,0.98948,0.98953,0.98897,0.98903,229,18
2026-05-12 09:00:00,0.98903,0.98921,0.98859,0.98864,274,18
2026-05-12 09:10:00,0.98863,0.98939,0.98863,0.98935,275,18
2026-05-12 09:20:00,0.98935,0.98944,0.9892,0.98931,218,18
2026-05-12 09:30:00,0.98934,0.98998,0.98913,0.98992,428,18
2026-05-12 09:40:00,0.98993,0.99024,0.98982,0.9902,277,18
2026-05-12 09:50:00,0.9902,0.99034,0.99007,0.99016,267,18
2026-05-12 10:00:00,0.99017,0.99043,0.98996,0.99038,229,18
2026-05-12 10:10:00,0.99038,0.9906,0.99011,0.99022,230,18
2026-05-12 10:20:00,0.99023,0.99035,0.99014,0.99031,209,18
2026-05-12 10:30:00,0.99034,0.99046,0.99022,0.99024,210,18
2026-05-12 10:40:00,0.99025,0.99035,0.99013,0.99016,198,18
2026-05-12 10:50:00,0.99016,0.99047,0.99015,0.99027,212,18
2026-05-12 11:00:00,0.9903,0.99041,0.98989,0.99041,339,18
2026-05-12 11:10:00,0.9904,0.99077,0.99024,0.99037,287,18
2026-05-12 11:20:00,0.9904,0.99051,0.99032,0.99046,233,18
2026-05-12 11:30:00,0.99045,0.99069,0.99035,0.99056,224,18
2026-05-12 11:40:00,0.99057,0.9907,0.99046,0.99061,223,18
2026-05-12 11:50:00,0.99061,0.99062,0.99032,0.99044,240,18
2026-05-12 12:00:00,0.99042,0.99046,0.98972,0.98973,326,18
2026-05-12 12:10:00,0.98974,0.99005,0.98973,0.98982,291,18
2026-05-12 12:20:00,0.98979,0.98991,0.98942,0.9897,292,18
2026-05-12 12:30:00,0.98974,0.99033,0.98935,0.99028,524,18
2026-05-12 12:40:00,0.99029,0.9906,0.99024,0.99057,388,18
2026-05-12 12:50:00,0.99057,0.99098,0.99052,0.99057,339,18
2026-05-12 13:00:00,0.99058,0.99073,0.99006,0.9907,385,18
2026-05-12 13:10:00,0.9907,0.99088,0.99042,0.99068,378,18
2026-05-12 13:20:00,0.99068,0.99115,0.99055,0.99084,342,18
2026-05-12 13:30:00,0.99081,0.99093,0.99039,0.99081,471,18
2026-05-12 13:40:00,0.99082,0.99114,0.9901,0.99022,461,18
2026-05-12 13:50:00,0.99019,0.99024,0.98935,0.98986,452,18
2026-05-12 14:00:00,0.98988,0.99075,0.98964,0.9907,517,18
2026-05-12 14:10:00,0.99069,0.99118,0.99059,0.99088,423,18
2026-05-12 14:20:00,0.99087,0.99088,0.99042,0.99049,363,18
2026-05-12 14:30:00,0.99047,0.99087,0.99002,0.99077,441,18
2026-05-12 14:40:00,0.99079,0.9911,0.99047,0.9908,408,18
2026-05-12 14:50:00,0.99077,0.99137,0.99044,0.99105,499,18
2026-05-12 15:00:00,0.99108,0.99138,0.9907,0.99133,434,18
2026-05-12 15:10:00,0.99132,0.99133,0.99071,0.99099,433,18
2026-05-12 15:20:00,0.99099,0.99099,0.99004,0.99032,425,18
2026-05-12 15:30:00,0.99035,0.99074,0.99029,0.9906,405,18
2026-05-12 15:40:00,0.9906,0.99092,0.99057,0.99063,321,18
2026-05-12 15:50:00,0.99062,0.99067,0.99028,0.99033,318,18
2026-05-12 16:00:00,0.99031,0.99051,0.99017,0.99023,314,18
2026-05-12 16:10:00,0.99022,0.99057,0.99019,0.99038,313,18
2026-05-12 16:20:00,0.99037,0.99046,0.99015,0.99018,265,18
2026-05-12 16:30:00,0.99018,0.9902,0.98974,0.98981,273,18
2026-05-12 16:40:00,0.98981,0.98993,0.98955,0.98963,282,18
2026-05-12 16:50:00,0.98961,0.98969,0.9894,0.98941,307,18
2026-05-12 17:00:00,0.98944,0.99002,0.98939,0.98987,262,18
2026-05-12 17:10:00,0.98988,0.99025,0.98986,0.9902,273,18
2026-05-12 17:20:00,0.99021,0.99048,0.99015,0.99034,269,18
2026-05-12 17:30:00,0.99033,0.99047,0.99022,0.99033,215,18
2026-05-12 17:40:00,0.99033,0.99043,0.99022,0.99029,227,18
2026-05-12 17:50:00,0.99029,0.99064,0.99021,0.99062,249,18
2026-05-12 18:00:00,0.99061,0.99073,0.99041,0.99059,285,18
2026-05-12 18:10:00,0.99059,0.99074,0.99038,0.99064,210,18
2026-05-12 18:20:00,0.99063,0.99126,0.99063,0.991,280,18
2026-05-12 18:30:00,0.99101,0.99128,0.99099,0.99115,261,18
2026-05-12 18:40:00,0.99112,0.99129,0.99104,0.99117,226,18
2026-05-12 18:50:00,0.99116,0.99137,0.99107,0.99107,238,18
2026-05-12 19:00:00,0.99107,0.99121,0.99101,0.99113,174,18
2026-05-12 19:10:00,0.99114,0.99137,0.99107,0.99124,216,18
2026-05-12 19:20:00,0.99124,0.99127,0.99102,0.99119,207,18
2026-05-12 19:30:00,0.99119,0.99156,0.99119,0.99142,195,18
2026-05-12 19:40:00,0.99142,0.99154,0.99136,0.99151,204,18
2026-05-12 19:50:00,0.99151,0.99161,0.99143,0.99153,262,18
2026-05-12 20:00:00,0.99152,0.99164,0.99137,0.99144,190,18
2026-05-12 20:10:00,0.99144,0.99164,0.99137,0.99145,121,18
2026-05-12 20:20:00,0.99147,0.99156,0.99147,0.99153,68,18
2026-05-12 20:30:00,0.99153,0.99155,0.99142,0.99147,109,18
2026-05-12 20:40:00,0.99147,0.99156,0.99146,0.99151,108,18
2026-05-12 20:50:00,0.99149,0.99163,0.99123,0.99151,162,18
2026-05-12 21:10:00,0.9915,0.99154,0.99146,0.99153,26,22
2026-05-12 21:20:00,0.99155,0.99155,0.99145,0.99147,13,29
2026-05-12 21:30:00,0.99146,0.99155,0.99132,0.99135,101,22
2026-05-12 21:40:00,0.99137,0.99138,0.99119,0.99132,171,29
2026-05-12 21:50:00,0.99131,0.9915,0.99131,0.99144,68,22
2026-05-12 22:00:00,0.9915,0.9916,0.99119,0.99151,84,18
2026-05-12 22:10:00,0.99151,0.99155,0.99142,0.99155,77,18
2026-05-12 22:20:00,0.99155,0.99155,0.99142,0.99151,103,18
2026-05-12 22:30:00,0.99144,0.99168,0.99144,0.99159,107,18
2026-05-12 22:40:00,0.99159,0.99165,0.99145,0.99151,61,18
2026-05-12 22:50:00,0.99151,0.99158,0.99135,0.99142,128,18
2026-05-12 23:00:00,0.99142,0.99145,0.99136,0.99141,104,18
2026-05-12 23:10:00,0.99141,0.99141,0.99123,0.99128,77,18
2026-05-12 23:20:00,0.99128,0.99147,0.99122,0.99141,94,18
2026-05-12 23:30:00,0.9914,0.99149,0.9913,0.99138,85,18
2026-05-12 23:40:00,0.99138,0.99148,0.99123,0.99141,112,18
2026-05-12 23:50:00,0.99141,0.99152,0.99116,0.99121,123,18
2026-05-13 00:00:00,0.99122,0.99152,0.99097,0.99112,300,18
2026-05-13 00:10:00,0.99111,0.99121,0.99094,0.99108,272,18
2026-05-13 00:20:00,0.99108,0.99122,0.99097,0.99103,230,18
2026-05-13 00:30:00,0.99104,0.99112,0.99088,0.9911,236,18
2026-05-13 00:40:00,0.99111,0.99111,0.99077,0.99083,205,18
2026-05-13 00:50:00,0.99084,0.991,0.99074,0.99095,245,18
2026-05-13 01:00:00,0.99094,0.99112,0.99066,0.99077,279,18
2026-05-13 01:10:00,0.99078,0.99091,0.99034,0.99055,251,18
2026-05-13 01:20:00,0.99056,0.99098,0.9905,0.99092,288,18
2026-05-13 01:30:00,0.9909,0.99115,0.99079,0.99105,290,18
2026-05-13 01:40:00,0.99105,0.99181,0.991,0.9918,228,18
2026-05-13 01:50:00,0.99177,0.99188,0.99135,0.99141,261,18
2026-05-13 02:00:00,0.9914,0.99146,0.99116,0.99122,238,18
2026-05-13 02:10:00,0.99121,0.99138,0.99114,0.99121,183,18
2026-05-13 02:20:00,0.99121,0.99125,0.99107,0.99114,138,18
2026-05-13 02:30:00,0.99117,0.99124,0.99105,0.99105,135,18
2026-05-13 02:40:00,0.99105,0.99109,0.99088,0.99097,160,18
2026-05-13 02:50:00,0.99097,0.99102,0.99068,0.99073,209,18
2026-05-13 03:00:00,0.9907,0.99074,0.99015,0.99036,306,18
2026-05-13 03:10:00,0.99036,0.9905,0.99019,0.99028,224,18
2026-05-13 03:20:00,0.99028,0.99034,0.99018,0.99024,157,18
2026-05-13 03:30:00,0.99024,0.99074,0.99024,0.99055,168,18
2026-05-13 03:40:00,0.99056,0.99076,0.99049,0.99053,126,18
2026-05-13 03:50:00,0.99053,0.99062,0.99041,0.99041,148,18
2026-05-13 04:00:00,0.99041,0.99059,0.99038,0.99041,136,18
2026-05-13 04:10:00,0.99041,0.99058,0.99035,0.99057,143,18
2026-05-13 04:20:00,0.99058,0.99071,0.9904,0.99051,137,18
2026-05-13 04:30:00,0.99051,0.99068,0.99032,0.99034,158,18
2026-05-13 04:40:00,0.99034,0.99051,0.99029,0.9905,138,18
2026-05-13 04:50:00,0.9905,0.99076,0.99043,0.99068,159,18
2026-05-13 05:00:00,0.9907,0.99086,0.99063,0.99086,149,18
2026-05-13 05:10:00,0.99086,0.99095,0.99071,0.99078,184,18
2026-05-13 05:20:00,0.99078,0.99124,0.99076,0.99115,190,18
2026-05-13 05:30:00,0.99115,0.99138,0.99101,0.99127,211,18
2026-05-13 05:40:00,0.99127,0.99138,0.99105,0.99124,219,18
2026-05-13 05:50:00,0.99124,0.99153,0.99123,0.99144,236,18
2026-05-13 06:00:00,0.99143,0.99176,0.99127,0.99143,279,18
2026-05-13 06:10:00,0.99143,0.99165,0.99131,0.99137,258,18
2026-05-13 06:20:00,0.99136,0.99136,0.99097,0.99125,226,18
2026-05-13 06:30:00,0.99123,0.99162,0.99117,0.99151,235,18
2026-05-13 06:40:00,0.99153,0.99155,0.99124,0.99136,209,18
2026-05-13 06:50:00,0.99136,0.99141,0.99105,0.99137,246,18
2026-05-13 07:00:00,0.99137,0.99208,0.99135,0.99195,327,18
2026-05-13 07:10:00,0.99198,0.99213,0.99183,0.99203,281,18
2026-05-13 07:20:00,0.99202,0.99217,0.99185,0.99202,244,18
2026-05-13 07:30:00,0.99201,0.99207,0.99171,0.99171,215,18
2026-05-13 07:40:00,0.99172,0.99186,0.99156,0.99166,251,18
2026-05-13 07:50:00,0.99166,0.99168,0.99124,0.99129,252,18
2026-05-13 08:00:00,0.99127,0.99194,0.99123,0.99192,277,18
2026-05-13 08:10:00,0.99193,0.99208,0.99179,0.99184,225,18
2026-05-13 08:20:00,0.99185,0.99206,0.99175,0.99203,228,18
2026-05-13 08:30:00,0.99203,0.99205,0.9918,0.99197,194,18
2026-05-13 08:40:00,0.99198,0.99204,0.99154,0.99174,275,18
2026-05-13 08:50:00,0.99174,0.99219,0.9917,0.99187,269,18
2026-05-13 09:00:00,0.99189,0.99211,0.99177,0.99201,233,18
2026-05-13 09:10:00,0.99203,0.99218,0.99168,0.99177,234,18
2026-05-13 09:20:00,0.99177,0.99183,0.99164,0.99164,210,18
2026-05-13 09:30:00,0.99162,0.99191,0.99158,0.99182,248,18
2026-05-13 09:40:00,0.99182,0.99194,0.99169,0.99193,191,18
2026-05-13 09:50:00,0.99193,0.99241,0.9919,0.99233,190,18
2026-05-13 10:00:00,0.99233,0.99241,0.99221,0.99237,232,18
2026-05-13 10:10:00,0.99238,0.99239,0.99184,0.99211,345,18
2026-05-13 10:20:00,0.99211,0.9923,0.99179,0.99188,279,18
2026-05-13 10:30:00,0.99186,0.99195,0.99171,0.99192,202,18
2026-05-13 10:40:00,0.99192,0.99243,0.99191,0.99229,196,18
2026-05-13 10:50:00,0.99229,0.99237,0.99211,0.9922,238,18
2026-05-13 11:00:00,0.99218,0.99242,0.99217,0.99222,242,18
2026-05-13 11:10:00,0.99222,0.99247,0.99222,0.99233,195,18
2026-05-13 11:20:00,0.99234,0.99245,0.99219,0.9924,180,18
2026-05-13 11:30:00,0.9924,0.99289,0.99234,0.99287,245,18
2026-05-13 11:40:00,0.99287,0.99291,0.99275,0.99284,166,18
2026-05-13 11:50:00,0.99283,0.99288,0.9926,0.99269,204,18
2026-05-13 12:00:00,0.99267,0.99287,0.99249,0.99254,249,18
2026-05-13 12:10:00,0.99255,0.99273,0.99247,0.9926,261,18
2026-05-13 12:20:00,0.9926,0.99271,0.99194,0.99208,330,18
2026-05-13 12:30:00,0.99209,0.99245,0.99152,0.99182,527,18
2026-05-13 12:40:00,0.99183,0.99216,0.9917,0.99183,345,18
2026-05-13 12:50:00,0.99185,0.99203,0.99157,0.99174,296,18
2026-05-13 13:00:00,0.99174,0.99217,0.99174,0.99202,330,18
2026-05-13 13:10:00,0.99202,0.99239,0.99195,0.99226,289,18
2026-05-13 13:20:00,0.99226,0.99245,0.99216,0.99226,269,18
2026-05-13 13:30:00,0.99227,0.9926,0.99215,0.99247,433,18
2026-05-13 13:40:00,0.99244,0.99338,0.99243,0.99286,473,18
2026-05-13 13:50:00,0.99287,0.99347,0.99279,0.99322,419,18
2026-05-13 14:00:00,0.99325,0.99356,0.99322,0.9933,426,18
2026-05-13 14:10:00,0.99329,0.99359,0.99308,0.99311,389,18
2026-05-13 14:20:00,0.99312,0.99351,0.99307,0.99351,352,18
2026-05-13 14:30:00,0.99351,0.99395,0.9935,0.99385,344,18
2026-05-13 14:40:00,0.99385,0.99386,0.99353,0.99383,352,18
2026-05-13 14:50:00,0.99383,0.99445,0.99371,0.9944,412,18
2026-05-13 15:00:00,0.99443,0.99462,0.99404,0.99459,345,18
2026-05-13 15:10:00,0.99459,0.99465,0.99437,0.99457,299,18
2026-05-13 15:20:00,0.99457,0.9952,0.99457,0.99507,282,18
2026-05-13 15:30:00,0.99508,0.99548,0.99497,0.99543,328,18
2026-05-13 15:40:00,0.99544,0.99568,0.9952,0.99528,322,18
2026-05-13 15:50:00,0.99528,0.99531,0.99492,0.99497,294,18
2026-05-13 16:00:00,0.99499,0.9954,0.99492,0.99538,296,18
2026-05-13 16:10:00,0.9954,0.99541,0.99498,0.99503,253,18
2026-05-13 16:20:00,0.99503,0.99547,0.99498,0.99518,335,18
2026-05-13 16:30:00,0.99515,0.99529,0.99497,0.995,288,18
2026-05-13 16:40:00,0.99499,0.99512,0.99484,0.99501,205,18
2026-05-13 16:50:00,0.99501,0.99515,0.99487,0.99491,252,18
2026-05-13 17:00:00,0.99491,0.99515,0.99469,0.99504,219,18
2026-05-13 17:10:00,0.99503,0.99536,0.99497,0.99533,211,18
2026-05-13 17:20:00,0.99532,0.99532,0.99513,0.99519,179,18
2026-05-13 17:30:00,0.99518,0.9952,0.99508,0.99518,201,18
2026-05-13 17:40:00,0.99519,0.99523,0.99497,0.99499,179,18
2026-05-13 17:50:00,0.99499,0.99509,0.9946,0.99463,209,18
2026-05-13 18:00:00,0.9946,0.9952,0.99455,0.99507,241,18
2026-05-13 18:10:00,0.99507,0.99516,0.99493,0.99513,212,18
2026-05-13 18:20:00,0.99513,0.99521,0.99489,0.99505,263,18
2026-05-13 18:30:00,0.99505,0.99523,0.99503,0.99513,238,18
2026-05-13 18:40:00,0.99513,0.99532,0.99469,0.99489,273,18
2026-05-13 18:50:00,0.9949,0.99529,0.99488,0.99509,300,18
2026-05-13 19:00:00,0.9951,0.99522,0.99489,0.99499,225,18
2026-05-13 19:10:00,0.99499,0.995,0.9947,0.99472,197,18
2026-05-13 19:20:00,0.99474,0.99476,0.99453,0.99455,197,18
2026-05-13 19:30:00,0.99455,0.99456,0.9942,0.99434,162,18
2026-05-13 19:40:00,0.99434,0.99437,0.99417,0.99429,152,18
2026-05-13 19:50:00,0.99426,0.9943,0.9939,0.99397,247,18
2026-05-13 20:00:00,0.99395,0.99428,0.99379,0.9942,230,18
2026-05-13 20:10:00,0.9942,0.99449,0.99407,0.99447,113,18
2026-05-13 20:20:00,0.99447,0.99459,0.99439,0.99444,105,18
2026-05-13 20:30:00,0.99446,0.99456,0.99437,0.99452,123,18
2026-05-13 20:40:00,0.99452,0.99467,0.9945,0.99464,110,18
2026-05-13 20:50:00,0.99464,0.99481,0.99461,0.99468,118,18
2026-05-13 21:30:00,0.99467,0.99477,0.99448,0.99449,137,22
2026-05-13 21:40:00,0.99448,0.99461,0.99438,0.99438,201,34
2026-05-13 21:50:00,0.99437,0.99445,0.99436,0.9944,121,22
2026-05-13 22:00:00,0.99443,0.9945,0.99435,0.99441,98,18
2026-05-13 22:10:00,0.9944,0.99463,0.9944,0.99458,112,18
2026-05-13 22:20:00,0.99458,0.99465,0.99451,0.99464,53,18
2026-05-13 22:30:00,0.99464,0.99466,0.99445,0.99462,96,18
2026-05-13 22:40:00,0.99462,0.99463,0.99454,0.99461,49,18
2026-05-13 22:50:00,0.99461,0.99468,0.99451,0.99464,55,18
2026-05-13 23:00:00,0.99464,0.99471,0.99443,0.99443,88,18
2026-05-13 23:10:00,0.99443,0.99454,0.99433,0.99439,127,18
2026-05-13 23:20:00,0.99439,0.99444,0.99429,0.99442,81,18
2026-05-13 23:30:00,0.99443,0.99443,0.99393,0.99398,125,18
2026-05-13 23:40:00,0.99398,0.99405,0.9938,0.99387,124,18
2026-05-13 23:50:00,0.99386,0.994,0.99373,0.99393,134,18
2026-05-14 00:00:00,0.99395,0.99398,0.99344,0.99377,307,18
2026-05-14 00:10:00,0.9938,0.99435,0.99362,0.99406,289,18
2026-05-14 00:20:00,0.99403,0.99416,0.99379,0.99405,264,18
2026-05-14 00:30:00,0.99405,0.99418,0.99391,0.99397,215,18
2026-05-14 00:40:00,0.99397,0.994,0.99359,0.9936,232,18
2026-05-14 00:50:00,0.9936,0.99364,0.99332,0.99358,273,18
2026-05-14 01:00:00,0.99361,0.99364,0.99315,0.99322,325,18
2026-05-14 01:10:00,0.99322,0.99337,0.99305,0.9933,277,18
2026-05-14 01:20:00,0.99331,0.99346,0.99312,0.99338,231,18
2026-05-14 01:30:00,0.99335,0.99343,0.99324,0.99335,231,18
2026-05-14 01:40:00,0.99334,0.99353,0.99313,0.99329,299,18
2026-05-14 01:50:00,0.99329,0.99336,0.99297,0.99303,252,18
2026-05-14 02:00:00,0.99303,0.99345,0.99277,0.99338,262,18
2026-05-14 02:10:00,0.99337,0.99338,0.99304,0.99317,173,18
2026-05-14 02:20:00,0.99316,0.99351,0.99315,0.9935,173,18
2026-05-14 02:30:00,0.9935,0.99382,0.99349,0.9936,223,18
2026-05-14 02:40:00,0.99361,0.99373,0.9934,0.99341,245,18
2026-05-14 02:50:00,0.9934,0.99382,0.99327,0.99379,223,18
2026-05-14 03:00:00,0.99379,0.99383,0.99345,0.99348,236,18
2026-05-14 03:10:00,0.99347,0.99364,0.99334,0.99338,199,18
2026-05-14 03:20:00,0.99339,0.99394,0.99326,0.99383,195,18
2026-05-14 03:30:00,0.99382,0.99401,0.99369,0.9937,213,18
2026-05-14 03:40:00,0.9937,0.99391,0.99362,0.99388,191,18
2026-05-14 03:50:00,0.99388,0.99406,0.99364,0.99376,160,18
2026-05-14 04:00:00,0.99377,0.99405,0.99369,0.994,246,18
2026-05-14 04:10:00,0.99397,0.99421,0.99381,0.9942,226,18
2026-05-14 04:20:00,0.99419,0.99425,0.99404,0.99414,178,18
2026-05-14 04:30:00,0.99413,0.99438,0.99413,0.99423,174,18
2026-05-14 04:40:00,0.99421,0.9945,0.99416,0.99441,171,18
2026-05-14 04:50:00,0.99441,0.99443,0.99416,0.99418,182,18
2026-05-14 05:00:00,0.99421,0.99429,0.99388,0.99399,303,18
2026-05-14 05:10:00,0.994,0.9943,0.99397,0.99418,254,18
2026-05-14 05:20:00,0.99417,0.99434,0.99414,0.99425,201,18
2026-05-14 05:30:00,0.99426,0.99442,0.99401,0.99412,223,18
2026-05-14 05:40:00,0.99412,0.99474,0.99412,0.99473,283,18
2026-05-14 05:50:00,0.99474,0.99495,0.99406,0.99423,339,18
2026-05-14 06:00:00,0.99422,0.99493,0.99422,0.99481,296,18
2026-05-14 06:10:00,0.99481,0.99486,0.99439,0.99459,283,18
2026-05-14 06:20:00,0.99459,0.99487,0.99437,0.99481,276,18
2026-05-14 06:30:00,0.99484,0.99491,0.99462,0.99483,226,18
2026-05-14 06:40:00,0.99482,0.99511,0.99464,0.99495,262,18
2026-05-14 06:50:00,0.99493,0.99505,0.99461,0.99476,299,18
2026-05-14 07:00:00,0.99473,0.99482,0.99403,0.99413,306,18
2026-05-14 07:10:00,0.99411,0.99426,0.99393,0.99417,254,18
2026-05-14 07:20:00,0.99418,0.99452,0.99403,0.99447,221,18
2026-05-14 07:30:00,0.99448,0.99474,0.99426,0.99471,263,18
2026-05-14 07:40:00,0.99472,0.99482,0.99444,0.99448,228,18
2026-05-14 07:50:00,0.99447,0.9947,0.9929,0.99304,420,18
2026-05-14 08:00:00,0.99301,0.99347,0.99289,0.99341,386,18
2026-05-14 08:10:00,0.99343,0.99377,0.99342,0.99356,277,18
2026-05-14 08:20:00,0.99356,0.99392,0.99349,0.99385,240,18
2026-05-14 08:30:00,0.99384,0.9939,0.99338,0.99342,218,18
2026-05-14 08:40:00,0.99342,0.99372,0.99336,0.9936,209,18
2026-05-14 08:50:00,0.9936,0.99377,0.99358,0.99373,197,18
2026-05-14 09:00:00,0.99375,0.9938,0.99349,0.99367,215,18
2026-05-14 09:10:00,0.99368,0.99383,0.99321,0.99334,252,18
2026-05-14 09:20:00,0.99335,0.99341,0.99322,0.99332,188,18
2026-05-14 09:30:00,0.9933,0.99336,0.99259,0.99277,307,18
2026-05-14 09:40:00,0.99274,0.9933,0.9927,0.99329,245,18
2026-05-14 09:50:00,0.99329,0.99339,0.99306,0.99306,191,18
2026-05-14 10:00:00,0.99304,0.9934,0.99304,0.99314,166,18
2026-05-14 10:10:00,0.99314,0.99359,0.99312,0.99343,337,18
2026-05-14 10:20:00,0.99343,0.99343,0.99301,0.99334,223,18
2026-05-14 10:30:00,0.99334,0.99335,0.99291,0.99294,201,18
2026-05-14 10:40:00,0.99294,0.99304,0.99267,0.99304,234,18
2026-05-14 10:50:00,0.99304,0.99338,0.99296,0.99327,285,18
2026-05-14 11:00:00,0.99327,0.99327,0.99287,0.99319,312,18
2026-05-14 11:10:00,0.99318,0.99359,0.99317,0.99345,218,18
2026-05-14 11:20:00,0.99345,0.99355,0.99311,0.99317,226,18
2026-05-14 11:30:00,0.99317,0.99336,0.99313,0.99329,204,18
2026-05-14 11:40:00,0.99329,0.99336,0.99307,0.99335,172,18
2026-05-14 11:50:00,0.99335,0.99353,0.99307,0.99307,208,18
2026-05-14 12:00:00,0.99304,0.99351,0.99277,0.99342,319,18
2026-05-14 12:10:00,0.99342,0.99359,0.99324,0.99353,265,18
2026-05-14 12:20:00,0.99355,0.99394,0.99355,0.99358,222,18
2026-05-14 12:30:00,0.99354,0.99354,0.993,0.99311,288,18
2026-05-14 12:40:00,0.99311,0.99325,0.99298,0.99314,243,18
2026-05-14 12:50:00,0.99315,0.99315,0.99271,0.99271,264,18
2026-05-14 13:00:00,0.99271,0.99284,0.99222,0.99248,318,18
2026-05-14 13:10:00,0.99246,0.99271,0.99201,0.99201,275,18
2026-05-14 13:20:00,0.99204,0.99204,0.99143,0.99152,258,18
2026-05-14 13:30:00,0.99152,0.99152,0.99081,0.99104,384,18
2026-05-14 13:40:00,0.99106,0.99166,0.9908,0.99123,577,18
2026-05-14 13:50:00,0.99123,0.99148,0.99098,0.99098,448,18
2026-05-14 14:00:00,0.99095,0.99117,0.99069,0.99073,414,18
2026-05-14 14:10:00,0.99073,0.99159,0.99072,0.99159,357,18
2026-05-14 14:20:00,0.99159,0.99178,0.99126,0.99177,383,18
2026-05-14 14:30:00,0.99178,0.99194,0.99165,0.99174,298,18
2026-05-14 14:40:00,0.99174,0.9921,0.99164,0.99208,291,18
2026-05-14 14:50:00,0.99207,0.99217,0.9914,0.99213,503,18
2026-05-14 15:00:00,0.9921,0.99227,0.99177,0.99196,420,18
2026-05-14 15:10:00,0.99196,0.99212,0.99181,0.99209,309,18
2026-05-14 15:20:00,0.99211,0.99214,0.99165,0.99178,289,18
2026-05-14 15:30:00,0.99175,0.99182,0.99128,0.99128,332,18
2026-05-14 15:40:00,0.99128,0.99148,0.99109,0.99117,293,18
2026-05-14 15:50:00,0.99114,0.9914,0.99109,0.99129,276,18
2026-05-14 16:00:00,0.99126,0.99137,0.99097,0.99101,281,18
2026-05-14 16:10:00,0.99098,0.99147,0.99083,0.99125,331,18
2026-05-14 16:20:00,0.99125,0.99147,0.99075,0.99081,301,18
2026-05-14 16:30:00,0.99079,0.99086,0.99049,0.99059,323,18
2026-05-14 16:40:00,0.99059,0.99085,0.99044,0.99067,328,18
2026-05-14 16:50:00,0.99067,0.99076,0.99039,0.99066,287,18
2026-05-14 17:00:00,0.99069,0.99102,0.99069,0.99085,290,18
2026-05-14 17:10:00,0.99086,0.9911,0.99077,0.99077,285,18
2026-05-14 17:20:00,0.99079,0.9911,0.99076,0.9911,328,18
2026-05-14 17:30:00,0.99109,0.99124,0.99102,0.99119,273,18
2026-05-14 17:40:00,0.9912,0.99137,0.99118,0.99127,227,18
2026-05-14 17:50:00,0.99127,0.99131,0.99101,0.99113,231,18
2026-05-14 18:00:00,0.99111,0.99121,0.99077,0.99118,356,18
2026-05-14 18:10:00,0.99117,0.99132,0.99111,0.99129,258,18
2026-05-14 18:20:00,0.99131,0.99133,0.99093,0.99099,275,18
2026-05-14 18:30:00,0.99099,0.99119,0.99099,0.99115,216,18
2026-05-14 18:40:00,0.99115,0.99133,0.99103,0.99125,209,18
2026-05-14 18:50:00,0.99125,0.99127,0.99101,0.99127,200,18
2026-05-14 19:00:00,0.99126,0.99141,0.99126,0.99136,206,18
2026-05-14 19:10:00,0.99137,0.99139,0.99121,0.99125,166,18
2026-05-14 19:20:00,0.99125,0.99128,0.99112,0.99112,143,18
2026-05-14 19:30:00,0.99112,0.99118,0.99088,0.99091,190,18
2026-05-14 19:40:00,0.9909,0.991,0.99076,0.99081,201,18
2026-05-14 19:50:00,0.99079,0.99081,0.99045,0.99064,251,18
2026-05-14 20:00:00,0.99065,0.99078,0.99055,0.99057,164,18
2026-05-14 20:10:00,0.99058,0.99068,0.99048,0.99064,162,18
2026-05-14 20:20:00,0.99065,0.9907,0.99036,0.99037,144,18
2026-05-14 20:30:00,0.99037,0.99049,0.99032,0.99039,112,18
2026-05-14 20:40:00,0.99038,0.99056,0.99016,0.99018,133,18
2026-05-14 20:50:00,0.99018,0.99041,0.99018,0.99027,130,18
2026-05-14 21:30:00,0.99028,0.99049,0.99026,0.99049,89,31
2026-05-14 21:40:00,0.99049,0.99052,0.99029,0.99048,170,43
2026-05-14 21:50:00,0.99047,0.9907,0.99046,0.99068,67,16
2026-05-14 22:00:00,0.99074,0.99075,0.99029,0.99034,109,18
2026-05-14 22:10:00,0.99039,0.99045,0.99019,0.9903,117,18
2026-05-14 22:20:00,0.9903,0.99048,0.99021,0.99043,84,18
2026-05-14 22:30:00,0.9904,0.9905,0.99033,0.99042,127,18
2026-05-14 22:40:00,0.99042,0.99049,0.99039,0.99049,82,18
2026-05-14 22:50:00,0.99049,0.99071,0.99044,0.99058,115,18
2026-05-14 23:00:00,0.99061,0.99061,0.99032,0.99055,145,18
2026-05-14 23:10:00,0.99055,0.99062,0.99042,0.9905,176,18
2026-05-14 23:20:00,0.9905,0.9908,0.99046,0.99079,91,18
2026-05-14 23:30:00,0.99079,0.99083,0.99071,0.99078,79,18
2026-05-14 23:40:00,0.99077,0.99089,0.9905,0.99051,128,18
2026-05-14 23:50:00,0.99051,0.99052,0.98996,0.99,155,18
2026-05-15 00:00:00,0.99002,0.99057,0.98988,0.99057,322,18
2026-05-15 00:10:00,0.99058,0.9907,0.9903,0.99061,293,18
2026-05-15 00:20:00,0.99062,0.99065,0.9903,0.99032,235,18
2026-05-15 00:30:00,0.99031,0.99031,0.9898,0.98987,241,18
2026-05-15 00:40:00,0.98987,0.98993,0.98932,0.98988,324,18
2026-05-15 00:50:00,0.98988,0.9899,0.98916,0.98972,351,18
2026-05-15 01:00:00,0.98969,0.98987,0.98946,0.98966,350,18
2026-05-15 01:10:00,0.98966,0.98966,0.98921,0.9893,320,18
2026-05-15 01:20:00,0.9893,0.98943,0.98859,0.9886,393,18
2026-05-15 01:30:00,0.98861,0.98903,0.98833,0.98874,432,18
2026-05-15 01:40:00,0.98875,0.98886,0.98831,0.98837,340,18
2026-05-15 01:50:00,0.98837,0.98847,0.9876,0.98761,340,18
2026-05-15 02:00:00,0.98762,0.98773,0.98733,0.9877,407,18
2026-05-15 02:10:00,0.98771,0.98776,0.98746,0.98773,330,18
2026-05-15 02:20:00,0.98773,0.98786,0.98759,0.98766,295,18
2026-05-15 02:30:00,0.98766,0.98797,0.98761,0.98775,273,18
2026-05-15 02:40:00,0.98775,0.98818,0.98771,0.98816,187,18
2026-05-15 02:50:00,0.98814,0.98893,0.98803,0.98812,330,18
2026-05-15 03:00:00,0.98809,0.98845,0.98805,0.98821,273,18
2026-05-15 03:10:00,0.98822,0.98834,0.98808,0.98822,226,18
2026-05-15 03:20:00,0.98822,0.98822,0.98786,0.98796,203,18
2026-05-15 03:30:00,0.98794,0.98807,0.98778,0.98804,277,18
2026-05-15 03:40:00,0.98805,0.98835,0.988,0.98804,229,18
2026-05-15 03:50:00,0.98804,0.98836,0.98804,0.98835,212,18
2026-05-15 04:00:00,0.98833,0.98839,0.98792,0.98813,223,18
2026-05-15 04:10:00,0.98814,0.98837,0.9881,0.98824,153,18
2026-05-15 04:20:00,0.98824,0.98824,0.98796,0.98796,182,18
2026-05-15 04:30:00,0.98797,0.98824,0.98771,0.98795,194,18
2026-05-15 04:40:00,0.98795,0.98805,0.98747,0.98764,219,18
2026-05-15 04:50:00,0.98764,0.98773,0.98708,0.9871,207,18
2026-05-15 05:00:00,0.98711,0.98712,0.98629,0.98638,442,18
2026-05-15 05:10:00,0.98637,0.98645,0.98587,0.9861,400,18
2026-05-15 05:20:00,0.98612,0.98642,0.9861,0.98625,282,18
2026-05-15 05:30:00,0.98625,0.98629,0.98565,0.98568,344,18
2026-05-15 05:40:00,0.98569,0.98582,0.98427,0.98448,445,18
2026-05-15 05:50:00,0.98448,0.98496,0.98443,0.98453,437,18
2026-05-15 06:00:00,0.9845,0.98477,0.98423,0.98442,512,18
2026-05-15 06:10:00,0.98442,0.98453,0.98395,0.98407,436,18
2026-05-15 06:20:00,0.98405,0.9844,0.98393,0.9843,339,18
2026-05-15 06:30:00,0.98429,0.9852,0.98426,0.98481,367,18
2026-05-15 06:40:00,0.98481,0.98506,0.98449,0.98498,318,18
2026-05-15 06:50:00,0.98498,0.98498,0.98411,0.98461,391,18
2026-05-15 07:00:00,0.98464,0.98545,0.98442,0.98537,405,18
2026-05-15 07:10:00,0.98536,0.98563,0.98499,0.98533,398,18
2026-05-15 07:20:00,0.98533,0.98595,0.98531,0.98556,375,18
2026-05-15 07:30:00,0.98557,0.98564,0.98518,0.98561,352,18
2026-05-15 07:40:00,0.98559,0.98568,0.98534,0.98554,326,18
2026-05-15 07:50:00,0.98554,0.98561,0.98515,0.98516,300,18
2026-05-15 08:00:00,0.98519,0.98533,0.98467,0.98495,370,18
2026-05-15 08:10:00,0.98497,0.98497,0.98452,0.98458,343,18
2026-05-15 08:20:00,0.98457,0.98472,0.98431,0.98432,371,18
2026-05-15 08:30:00,0.98431,0.98433,0.98378,0.9842,370,18
2026-05-15 08:40:00,0.9842,0.98436,0.98386,0.98433,351,18
2026-05-15 08:50:00,0.98434,0.98434,0.98364,0.98387,274,18
2026-05-15 09:00:00,0.9839,0.9839,0.98305,0.98307,370,18
2026-05-15 09:10:00,0.98304,0.9831,0.98214,0.9823,416,18
2026-05-15 09:20:00,0.98229,0.9826,0.98214,0.98259,389,18
2026-05-15 09:30:00,0.98259,0.98297,0.98247,0.98284,355,18
2026-05-15 09:40:00,0.98284,0.98293,0.98261,0.98267,269,18
2026-05-15 09:50:00,0.98268,0.98303,0.98243,0.98297,397,18
2026-05-15 10:00:00,0.983,0.9834,0.98271,0.98338,328,18
2026-05-15 10:10:00,0.9834,0.98378,0.98336,0.98364,286,18
2026-05-15 10:20:00,0.98365,0.98416,0.98341,0.98357,353,18
2026-05-15 10:30:00,0.98358,0.98439,0.98355,0.98439,321,18
2026-05-15 10:40:00,0.98439,0.98534,0.98437,0.98504,445,18
2026-05-15 10:50:00,0.98501,0.98606,0.98493,0.98558,539,18
2026-05-15 11:00:00,0.98558,0.98572,0.9848,0.98483,397,18
2026-05-15 11:10:00,0.98482,0.98485,0.98453,0.98453,243,18
2026-05-15 11:20:00,0.98454,0.98462,0.9842,0.98422,259,18
2026-05-15 11:30:00,0.98419,0.98432,0.98356,0.98362,283,18
2026-05-15 11:40:00,0.98363,0.98384,0.98338,0.98378,289,18
2026-05-15 11:50:00,0.98378,0.98384,0.98339,0.98348,294,18
2026-05-15 12:00:00,0.98349,0.98371,0.98322,0.98332,359,18
2026-05-15 12:10:00,0.98333,0.98357,0.98308,0.98337,376,18
2026-05-15 12:20:00,0.98335,0.98387,0.98335,0.9837,336,18
2026-05-15 12:30:00,0.98375,0.98381,0.9828,0.98297,353,18
2026-05-15 12:40:00,0.98294,0.98338,0.98276,0.98329,337,18
2026-05-15 12:50:00,0.98327,0.98385,0.98319,0.98375,360,18
2026-05-15 13:00:00,0.98378,0.98389,0.98346,0.98355,388,18
2026-05-15 13:10:00,0.98355,0.98417,0.98348,0.98417,326,18
2026-05-15 13:20:00,0.98418,0.98436,0.98395,0.9843,370,18
2026-05-15 13:30:00,0.98432,0.98443,0.98335,0.98346,537,18
2026-05-15 13:40:00,0.98347,0.98385,0.98327,0.98346,486,18
2026-05-15 13:50:00,0.98348,0.98396,0.98323,0.98328,461,18
2026-05-15 14:00:00,0.98325,0.98392,0.98316,0.98377,544,18
2026-05-15 14:10:00,0.98378,0.98552,0.98378,0.98546,509,18
2026-05-15 14:20:00,0.98549,0.98558,0.98479,0.98503,458,18
2026-05-15 14:30:00,0.98503,0.98541,0.98479,0.9848,461,18
2026-05-15 14:40:00,0.9848,0.98481,0.98436,0.98471,468,18
2026-05-15 14:50:00,0.98474,0.98483,0.98407,0.98435,472,18
2026-05-15 15:00:00,0.98437,0.98462,0.98391,0.98412,462,18
2026-05-15 15:10:00,0.98414,0.98426,0.9839,0.98392,404,18
2026-05-15 15:20:00,0.98393,0.98417,0.98354,0.98394,386,18
2026-05-15 15:30:00,0.98397,0.98417,0.98353,0.98354,411,18
2026-05-15 15:40:00,0.98353,0.9837,0.98311,0.98324,384,18
2026-05-15 15:50:00,0.98323,0.98332,0.98298,0.98318,376,18
2026-05-15 16:00:00,0.98321,0.9833,0.98297,0.9831,363,18
2026-05-15 16:10:00,0.98312,0.9833,0.98295,0.98324,313,18
2026-05-15 16:20:00,0.98324,0.98329,0.98312,0.98323,301,18
2026-05-15 16:30:00,0.98324,0.98334,0.98305,0.98323,295,18
2026-05-15 16:40:00,0.98323,0.98325,0.983,0.98306,294,18
2026-05-15 16:50:00,0.98308,0.98311,0.98274,0.98291,314,18
2026-05-15 17:00:00,0.98294,0.9832,0.98282,0.98304,308,18
2026-05-15 17:10:00,0.98305,0.9833,0.98304,0.9833,240,18
2026-05-15 17:20:00,0.9833,0.98378,0.98325,0.98354,298,18
2026-05-15 17:30:00,0.98351,0.98376,0.98343,0.98345,262,18
2026-05-15 17:40:00,0.98345,0.98365,0.98332,0.98364,202,18
2026-05-15 17:50:00,0.98363,0.98376,0.98353,0.9836,217,18
2026-05-15 18:00:00,0.98363,0.98391,0.98363,0.9838,273,18
2026-05-15 18:10:00,0.98381,0.98407,0.98354,0.98354,300,18
2026-05-15 18:20:00,0.98355,0.98409,0.98353,0.98381,330,18
2026-05-15 18:30:00,0.98381,0.98381,0.98331,0.98358,351,18
2026-05-15 18:40:00,0.98357,0.98383,0.98354,0.98373,249,18
2026-05-15 18:50:00,0.98375,0.98383,0.98348,0.98368,248,18
2026-05-15 19:00:00,0.98371,0.98371,0.98338,0.98353,249,18
2026-05-15 19:10:00,0.98353,0.98353,0.98317,0.98334,234,18
2026-05-15 19:20:00,0.98334,0.98349,0.98328,0.98334,198,18
2026-05-15 19:30:00,0.98336,0.98355,0.98332,0.98353,234,18
2026-05-15 19:40:00,0.98353,0.98363,0.98328,0.98339,256,18
2026-05-15 19:50:00,0.98336,0.98361,0.98307,0.98329,319,18
2026-05-15 20:00:00,0.98326,0.98329,0.98303,0.98323,214,18
2026-05-15 20:10:00,0.98323,0.98336,0.9831,0.98316,171,18
2026-05-15 20:20:00,0.98316,0.98319,0.98282,0.98291,175,18
2026-05-15 20:30:00,0.98292,0.983,0.98275,0.98276,138,18
2026-05-15 20:40:00,0.98276,0.98306,0.98267,0.98285,159,18
2026-05-15 20:50:00,0.98284,0.98293,0.98228,0.98265,230,18
2026-05-17 21:30:00,0.98289,0.98307,0.98265,0.98307,125,95
2026-05-17 21:40:00,0.98305,0.9832,0.98296,0.98305,115,53
2026-05-17 21:50:00,0.98304,0.98317,0.98285,0.98297,117,43
2026-05-17 22:00:00,0.98308,0.98347,0.98267,0.98326,258,28
2026-05-17 22:10:00,0.9833,0.98353,0.98316,0.98316,185,18
2026-05-17 22:20:00,0.98322,0.98328,0.98303,0.98326,135,18
2026-05-17 22:30:00,0.98323,0.98355,0.98323,0.9834,181,18
2026-05-17 22:40:00,0.98339,0.98355,0.98332,0.98335,130,18
2026-05-17 22:50:00,0.98335,0.98341,0.98313,0.98322,154,18
2026-05-17 23:00:00,0.98326,0.98338,0.98286,0.98296,182,18
2026-05-17 23:10:00,0.98295,0.98302,0.98277,0.98277,126,18
2026-05-17 23:20:00,0.98279,0.98279,0.9822,0.9822,168,18
2026-05-17 23:30:00,0.9822,0.98239,0.98194,0.98203,206,18
2026-05-17 23:40:00,0.98203,0.98206,0.98126,0.98138,370,18
2026-05-17 23:50:00,0.98136,0.98153,0.98086,0.98113,302,18
2026-05-18 00:00:00,0.98115,0.98137,0.98022,0.98028,561,18
2026-05-18 00:10:00,0.98028,0.98075,0.98021,0.98021,535,18
2026-05-18 00:20:00,0.98023,0.98077,0.9801,0.98025,467,18
2026-05-18 00:30:00,0.98025,0.98041,0.98005,0.9801,369,18
2026-05-18 00:40:00,0.98011,0.98026,0.97988,0.98018,359,18
2026-05-18 00:50:00,0.98016,0.98035,0.97966,0.9803,412,18
2026-05-18 01:00:00,0.98033,0.98049,0.97983,0.98019,467,18
2026-05-18 01:10:00,0.98019,0.9803,0.97977,0.97995,424,18
2026-05-18 01:20:00,0.97993,0.98036,0.97973,0.98015,449,18
2026-05-18 01:30:00,0.98015,0.98061,0.98002,0.98017,445,18
2026-05-18 01:40:00,0.98016,0.98035,0.97989,0.98028,386,18
2026-05-18 01:50:00,0.98029,0.98096,0.98025,0.98046,367,18
2026-05-18 02:00:00,0.98044,0.98059,0.9801,0.98019,370,18
2026-05-18 02:10:00,0.98019,0.98086,0.98018,0.98073,266,18
2026-05-18 02:20:00,0.98073,0.98077,0.98037,0.98042,285,18
2026-05-18 02:30:00,0.98042,0.98089,0.98031,0.98074,278,18
2026-05-18 02:40:00,0.98074,0.98084,0.98019,0.98019,258,18
2026-05-18 02:50:00,0.98018,0.98025,0.97995,0.98018,306,18
2026-05-18 03:00:00,0.98018,0.98054,0.98016,0.98044,293,18
2026-05-18 03:10:00,0.98044,0.98051,0.98003,0.98004,264,18
2026-05-18 03:20:00,0.98003,0.98049,0.97993,0.98046,241,18
2026-05-18 03:30:00,0.98046,0.98047,0.98009,0.98029,322,18
2026-05-18 03:40:00,0.9803,0.98095,0.98023,0.98074,240,18
2026-05-18 03:50:00,0.98074,0.98104,0.98057,0.981,245,18
2026-05-18 04:00:00,0.98103,0.98134,0.98089,0.98111,258,18
2026-05-18 04:10:00,0.98111,0.98135,0.98109,0.98123,219,18
2026-05-18 04:20:00,0.98123,0.98126,0.98068,0.98078,213,18
2026-05-18 04:30:00,0.98075,0.98095,0.9807,0.98092,218,18
2026-05-18 04:40:00,0.98092,0.98118,0.98083,0.98096,238,18
2026-05-18 04:50:00,0.98096,0.98099,0.98067,0.98072,259,18
2026-05-18 05:00:00,0.98071,0.98092,0.98047,0.9807,261,18
2026-05-18 05:10:00,0.9807,0.98073,0.98019,0.98026,312,18
2026-05-18 05:20:00,0.98025,0.98092,0.98022,0.98092,299,18
2026-05-18 05:30:00,0.98095,0.98116,0.98077,0.98104,328,18
2026-05-18 05:40:00,0.98104,0.98104,0.98062,0.98074,267,18
2026-05-18 05:50:00,0.98074,0.98083,0.98057,0.9807,258,18
2026-05-18 06:00:00,0.98067,0.98126,0.9806,0.9811,375,18
2026-05-18 06:10:00,0.98111,0.98144,0.981,0.98122,365,18
2026-05-18 06:20:00,0.9812,0.9818,0.98113,0.98132,316,18
2026-05-18 06:30:00,0.98134,0.98182,0.98131,0.98147,325,18
2026-05-18 06:40:00,0.98146,0.98187,0.98146,0.98176,284,18
2026-05-18 06:50:00,0.98176,0.98238,0.9817,0.98237,253,18
2026-05-18 07:00:00,0.98239,0.98252,0.98219,0.98227,334,18
2026-05-18 07:10:00,0.98228,0.98251,0.98206,0.98249,257,18
2026-05-18 07:20:00,0.98249,0.98301,0.98205,0.98278,407,18
2026-05-18 07:30:00,0.98278,0.98335,0.98275,0.98301,448,18
2026-05-18 07:40:00,0.98301,0.98308,0.98251,0.98255,301,18
2026-05-18 07:50:00,0.98254,0.98314,0.98234,0.98293,340,18
2026-05-18 08:00:00,0.98293,0.98325,0.98263,0.98266,345,18
2026-05-18 08:10:00,0.98266,0.98275,0.98237,0.98256,266,18
2026-05-18 08:20:00,0.98257,0.98322,0.98253,0.98322,330,18
2026-05-18 08:30:00,0.98322,0.98391,0.98315,0.98359,384,18
2026-05-18 08:40:00,0.98358,0.98361,0.98314,0.98353,260,18
2026-05-18 08:50:00,0.98352,0.98393,0.98318,0.98323,323,18
2026-05-18 09:00:00,0.98322,0.98339,0.98293,0.98313,302,18
2026-05-18 09:10:00,0.98313,0.98379,0.98301,0.98368,241,18
2026-05-18 09:20:00,0.98369,0.98395,0.98369,0.98382,222,18
2026-05-18 09:30:00,0.98382,0.98382,0.98351,0.98365,257,18
2026-05-18 09:40:00,0.98364,0.98377,0.98341,0.98353,240,18
2026-05-18 09:50:00,0.98353,0.98355,0.98322,0.98333,244,18
2026-05-18 10:00:00,0.98333,0.98341,0.98279,0.98302,273,18
2026-05-18 10:10:00,0.98302,0.98314,0.98298,0.98309,219,18
2026-05-18 10:20:00,0.9831,0.98315,0.98282,0.9829,201,18
2026-05-18 10:30:00,0.9829,0.98309,0.98264,0.98272,278,18
2026-05-18 10:40:00,0.9827,0.98308,0.98269,0.98301,213,18
2026-05-18 10:50:00,0.983,0.983,0.98242,0.98247,221,18
2026-05-18 11:00:00,0.9825,0.98268,0.98228,0.98231,290,18
2026-05-18 11:10:00,0.98228,0.98298,0.98228,0.98298,286,18
2026-05-18 11:20:00,0.98299,0.98332,0.98295,0.9832,248,18
2026-05-18 11:30:00,0.9832,0.98491,0.98318,0.98481,440,18
2026-05-18 11:40:00,0.98481,0.9849,0.98419,0.98433,626,18
2026-05-18 11:50:00,0.98434,0.98435,0.98379,0.98419,405,18
2026-05-18 12:00:00,0.98416,0.98466,0.98403,0.98453,385,18
2026-05-18 12:10:00,0.98451,0.98454,0.98414,0.98433,364,18
2026-05-18 12:20:00,0.98433,0.98443,0.98418,0.9844,296,18
2026-05-18 12:30:00,0.9844,0.98522,0.98429,0.9852,437,18
2026-05-18 12:40:00,0.9852,0.98648,0.98491,0.98613,481,18
2026-05-18 12:50:00,0.98613,0.98625,0.9856,0.98612,407,18
2026-05-18 13:00:00,0.98614,0.98619,0.98551,0.98589,506,18
2026-05-18 13:10:00,0.9859,0.98593,0.98525,0.98536,371,18
2026-05-18 13:20:00,0.98538,0.98566,0.98526,0.98553,314,18
2026-05-18 13:30:00,0.98555,0.9858,0.98526,0.98532,456,18
2026-05-18 13:40:00,0.98532,0.98605,0.98484,0.98573,580,18
2026-05-18 13:50:00,0.98574,0.98634,0.9857,0.98581,468,18
2026-05-18 14:00:00,0.98578,0.98578,0.98489,0.98547,562,18
2026-05-18 14:10:00,0.98544,0.98549,0.98474,0.9849,491,18
2026-05-18 14:20:00,0.98491,0.98504,0.98412,0.98424,462,18
2026-05-18 14:30:00,0.98421,0.98448,0.98339,0.98389,485,18
2026-05-18 14:40:00,0.98391,0.98404,0.98359,0.98361,461,18
2026-05-18 14:50:00,0.98361,0.98417,0.98358,0.98366,423,18
2026-05-18 15:00:00,0.98365,0.98374,0.98286,0.98286,559,18
2026-05-18 15:10:00,0.98286,0.98345,0.98281,0.98311,419,18
2026-05-18 15:20:00,0.98313,0.98337,0.98291,0.98296,411,18
2026-05-18 15:30:00,0.98293,0.98347,0.98276,0.98341,392,18
2026-05-18 15:40:00,0.98342,0.98364,0.98326,0.98341,352,18
2026-05-18 15:50:00,0.98339,0.98401,0.98337,0.98372,369,18
2026-05-18 16:00:00,0.98377,0.98378,0.98351,0.98364,330,18
2026-05-18 16:10:00,0.98364,0.98417,0.98364,0.98413,287,18
2026-05-18 16:20:00,0.98413,0.98433,0.98335,0.98346,447,18
2026-05-18 16:30:00,0.98344,0.98402,0.98327,0.98394,369,18
2026-05-18 16:40:00,0.98394,0.98396,0.98363,0.98391,302,18
2026-05-18 16:50:00,0.98391,0.98433,0.98391,0.98403,310,18
2026-05-18 17:00:00,0.984,0.98426,0.98373,0.98412,308,18
2026-05-18 17:10:00,0.98413,0.98439,0.98398,0.98433,278,18
2026-05-18 17:20:00,0.98434,0.98434,0.98403,0.98417,281,18
2026-05-18 17:30:00,0.98417,0.98419,0.98385,0.984,261,18
2026-05-18 17:40:00,0.98401,0.98418,0.98398,0.98404,244,18
2026-05-18 17:50:00,0.98405,0.98423,0.98402,0.98404,221,18
2026-05-18 18:00:00,0.98405,0.98407,0.98369,0.9838,320,18
2026-05-18 18:10:00,0.98379,0.98381,0.98322,0.9833,314,18
2026-05-18 18:20:00,0.9833,0.9834,0.98275,0.98329,367,18
2026-05-18 18:30:00,0.98331,0.98346,0.98309,0.98311,284,18
2026-05-18 18:40:00,0.9831,0.9832,0.98301,0.98303,239,18
2026-05-18 18:50:00,0.98303,0.98305,0.9828,0.98286,297,18
2026-05-18 19:00:00,0.98284,0.98539,0.98275,0.98466,975,18
2026-05-18 19:10:00,0.98467,0.98469,0.98416,0.98442,446,18
2026-05-18 19:20:00,0.98445,0.98464,0.98402,0.98427,365,18
2026-05-18 19:30:00,0.98427,0.98491,0.9842,0.9849,321,18
2026-05-18 19:40:00,0.98491,0.98542,0.98479,0.98528,328,18
2026-05-18 19:50:00,0.98528,0.98531,0.98464,0.9847,309,18
2026-05-18 20:00:00,0.98473,0.98484,0.98458,0.98481,166,18
2026-05-18 20:10:00,0.98481,0.98506,0.98481,0.98503,139,18
2026-05-18 20:20:00,0.985,0.98506,0.98488,0.98493,118,18
2026-05-18 20:30:00,0.98494,0.98496,0.98473,0.98475,129,18
2026-05-18 20:40:00,0.98474,0.98498,0.9847,0.98488,107,18
2026-05-18 20:50:00,0.98487,0.9849,0.98475,0.9848,108,18
2026-05-18 21:10:00,0.98481,0.98481,0.98481,0.98481,1,22
2026-05-18 21:20:00,0.98483,0.98483,0.98483,0.98483,2,22
2026-05-18 21:30:00,0.98483,0.98487,0.9848,0.98483,81,22
2026-05-18 21:40:00,0.98483,0.98492,0.98483,0.98485,69,22
2026-05-18 21:50:00,0.98485,0.98504,0.98485,0.98503,49,18
2026-05-18 22:00:00,0.98503,0.9852,0.98487,0.98491,126,28
2026-05-18 22:10:00,0.98492,0.98502,0.98489,0.985,72,18
2026-05-18 22:20:00,0.985,0.98507,0.9848,0.98481,100,18
2026-05-18 22:30:00,0.98483,0.98501,0.98478,0.98499,95,18
2026-05-18 22:40:00,0.98499,0.98507,0.98491,0.98506,95,18
2026-05-18 22:50:00,0.98501,0.98527,0.98501,0.98523,115,18
2026-05-18 23:00:00,0.98523,0.98533,0.98519,0.98523,116,18
2026-05-18 23:10:00,0.98523,0.98533,0.98519,0.98533,81,18
2026-05-18 23:20:00,0.98533,0.98575,0.98529,0.98537,117,18
2026-05-18 23:30:00,0.98537,0.98548,0.98525,0.98534,100,18
2026-05-18 23:40:00,0.98534,0.98535,0.98499,0.98513,116,18
2026-05-18 23:50:00,0.98513,0.98528,0.98497,0.98499,166,18
2026-05-19 00:00:00,0.98502,0.98519,0.98429,0.98447,410,18
2026-05-19 00:10:00,0.98447,0.98463,0.98411,0.98434,317,18
2026-05-19 00:20:00,0.98434,0.9848,0.98421,0.98432,346,18
2026-05-19 00:30:00,0.98435,0.98441,0.98363,0.98369,304,18
2026-05-19 00:40:00,0.9837,0.98372,0.98345,0.98358,265,18
2026-05-19 00:50:00,0.9836,0.9836,0.98295,0.98301,294,18
2026-05-19 01:00:00,0.98301,0.98301,0.98259,0.98295,392,18
2026-05-19 01:10:00,0.98297,0.98321,0.98291,0.983,330,18
2026-05-19 01:20:00,0.98299,0.983,0.98251,0.98281,293,18
2026-05-19 01:30:00,0.98279,0.98279,0.98167,0.98247,481,18
2026-05-19 01:40:00,0.98247,0.98288,0.98224,0.98243,332,18
2026-05-19 01:50:00,0.98244,0.98254,0.98222,0.98222,312,18
2026-05-19 02:00:00,0.98224,0.9823,0.98141,0.98149,394,18
2026-05-19 02:10:00,0.98146,0.98199,0.9812,0.98193,377,18
2026-05-19 02:20:00,0.98194,0.98212,0.98178,0.9818,273,18
2026-05-19 02:30:00,0.98178,0.98207,0.98159,0.98179,294,18
2026-05-19 02:40:00,0.98178,0.98199,0.98147,0.98157,319,18
2026-05-19 02:50:00,0.98156,0.98176,0.98147,0.98164,233,18
2026-05-19 03:00:00,0.98164,0.98164,0.98107,0.98141,310,18
2026-05-19 03:10:00,0.98141,0.98184,0.9813,0.98168,228,18
2026-05-19 03:20:00,0.98167,0.98175,0.98153,0.9816,231,18
2026-05-19 03:30:00,0.98159,0.98191,0.98157,0.98164,278,18
2026-05-19 03:40:00,0.98165,0.98177,0.98126,0.98151,224,18
2026-05-19 03:50:00,0.98151,0.98154,0.98096,0.98102,239,18
2026-05-19 04:00:00,0.98105,0.98121,0.98087,0.98116,320,18
2026-05-19 04:10:00,0.98116,0.9812,0.98081,0.98088,213,18
2026-05-19 04:20:00,0.98088,0.98107,0.98062,0.98075,230,18
2026-05-19 04:30:00,0.98077,0.98099,0.98069,0.98082,237,18
2026-05-19 04:40:00,0.98082,0.98091,0.98015,0.98017,237,18
2026-05-19 04:50:00,0.98018,0.98068,0.98018,0.98037,257,18
2026-05-19 05:00:00,0.98036,0.98071,0.98025,0.98065,332,18
2026-05-19 05:10:00,0.98066,0.98073,0.98034,0.98043,256,18
2026-05-19 05:20:00,0.98043,0.98052,0.97994,0.98013,358,18
2026-05-19 05:30:00,0.98011,0.98014,0.97977,0.97995,324,18
2026-05-19 05:40:00,0.97995,0.98005,0.97979,0.97994,286,18
2026-05-19 05:50:00,0.97992,0.98059,0.97992,0.98031,328,18
2026-05-19 06:00:00,0.98034,0.98069,0.98004,0.98029,436,18
2026-05-19 06:10:00,0.98029,0.98053,0.97996,0.98052,346,18
2026-05-19 06:20:00,0.98052,0.98059,0.98033,0.9805,282,18
2026-05-19 06:30:00,0.98047,0.98055,0.98022,0.98046,316,18
2026-05-19 06:40:00,0.98046,0.98069,0.98034,0.98048,304,18
2026-05-19 06:50:00,0.98048,0.98071,0.98042,0.98061,216,18
2026-05-19 07:00:00,0.98061,0.98067,0.98011,0.98042,381,18
2026-05-19 07:10:00,0.98042,0.98066,0.98016,0.98065,318,18
2026-05-19 07:20:00,0.98065,0.9807,0.98022,0.98047,274,18
2026-05-19 07:30:00,0.98047,0.98078,0.9804,0.98068,284,18
2026-05-19 07:40:00,0.98065,0.98077,0.98025,0.98035,324,18
2026-05-19 07:50:00,0.98035,0.98035,0.97957,0.97959,350,18
2026-05-19 08:00:00,0.97962,0.97972,0.979,0.97911,369,18
2026-05-19 08:10:00,0.97912,0.97939,0.97836,0.97933,398,18
2026-05-19 08:20:00,0.97934,0.97936,0.97895,0.97911,348,18
2026-05-19 08:30:00,0.97914,0.97939,0.97904,0.97932,283,18
2026-05-19 08:40:00,0.97933,0.97943,0.97902,0.97924,259,18
2026-05-19 08:50:00,0.97922,0.97945,0.97898,0.97927,298,18
2026-05-19 09:00:00,0.97926,0.97933,0.97896,0.97918,286,18
2026-05-19 09:10:00,0.97919,0.9793,0.97858,0.97864,304,18
2026-05-19 09:20:00,0.97864,0.97915,0.97859,0.97904,308,18
2026-05-19 09:30:00,0.97906,0.97914,0.97841,0.97895,346,18
2026-05-19 09:40:00,0.97897,0.97918,0.97861,0.97903,307,18
2026-05-19 09:50:00,0.97904,0.97929,0.97886,0.97923,304,18
2026-05-19 10:00:00,0.9792,0.97931,0.97908,0.97924,280,18
2026-05-19 10:10:00,0.97925,0.97974,0.97923,0.97957,274,18
2026-05-19 10:20:00,0.97957,0.97998,0.97951,0.97977,228,18
2026-05-19 10:30:00,0.97979,0.98018,0.97921,0.9796,344,18
2026-05-19 10:40:00,0.97962,0.97964,0.97888,0.97918,427,18
2026-05-19 10:50:00,0.97919,0.97949,0.97904,0.97925,383,18
2026-05-19 11:00:00,0.97925,0.97949,0.97893,0.97908,335,18
2026-05-19 11:10:00,0.97907,0.97919,0.97869,0.97893,313,18
2026-05-19 11:20:00,0.97892,0.97893,0.97826,0.97848,274,18
2026-05-19 11:30:00,0.97848,0.97883,0.97843,0.97854,304,18
2026-05-19 11:40:00,0.97854,0.97865,0.97837,0.97862,264,18
2026-05-19 11:50:00,0.97862,0.97886,0.97853,0.97862,295,18
2026-05-19 12:00:00,0.9786,0.97913,0.97826,0.9789,339,18
2026-05-19 12:10:00,0.9789,0.97929,0.97888,0.97918,328,18
2026-05-19 12:20:00,0.97916,0.97935,0.9788,0.97916,308,18
2026-05-19 12:30:00,0.97913,0.98057,0.97908,0.98001,412,18
2026-05-19 12:40:00,0.98002,0.98035,0.97971,0.97974,420,18
2026-05-19 12:50:00,0.97974,0.97976,0.97919,0.97928,313,18
2026-05-19 13:00:00,0.97925,0.97941,0.97833,0.97872,415,18
2026-05-19 13:10:00,0.97872,0.97906,0.9784,0.9784,401,18
2026-05-19 13:20:00,0.97839,0.97854,0.9774,0.97751,455,18
2026-05-19 13:30:00,0.97754,0.97843,0.9775,0.97817,569,18
2026-05-19 13:40:00,0.97816,0.97824,0.97735,0.97744,557,18
2026-05-19 13:50:00,0.97747,0.97877,0.9774,0.97837,511,18
2026-05-19 14:00:00,0.97841,0.97841,0.97733,0.97734,603,18
2026-05-19 14:10:00,0.97737,0.97764,0.97613,0.97649,514,18
2026-05-19 14:20:00,0.97648,0.9765,0.97539,0.97581,563,18
2026-05-19 14:30:00,0.97583,0.97613,0.9754,0.97547,489,18
2026-05-19 14:40:00,0.97545,0.97554,0.97456,0.97513,553,18
2026-05-19 14:50:00,0.97514,0.9757,0.97474,0.97549,489,18
2026-05-19 15:00:00,0.97549,0.97589,0.97515,0.97545,444,18
2026-05-19 15:10:00,0.97547,0.97565,0.97529,0.97554,379,18
2026-05-19 15:20:00,0.97551,0.97565,0.97534,0.97555,373,18
2026-05-19 15:30:00,0.97552,0.97655,0.97549,0.97651,369,18
2026-05-19 15:40:00,0.9765,0.97671,0.97624,0.97655,343,18
2026-05-19 15:50:00,0.97655,0.97671,0.97631,0.97648,295,18
2026-05-19 16:00:00,0.97651,0.97661,0.97619,0.97642,365,18
2026-05-19 16:10:00,0.9764,0.97665,0.97635,0.97654,348,18
2026-05-19 16:20:00,0.97653,0.97714,0.97643,0.97705,351,18
2026-05-19 16:30:00,0.97704,0.97763,0.97701,0.97758,381,18
2026-05-19 16:40:00,0.97758,0.9777,0.97748,0.97758,278,18
2026-05-19 16:50:00,0.97758,0.97778,0.97753,0.97757,256,18
2026-05-19 17:00:00,0.97756,0.97801,0.97756,0.97794,279,18
2026-05-19 17:10:00,0.97795,0.97843,0.97787,0.97841,256,18
2026-05-19 17:20:00,0.9784,0.97842,0.97801,0.97806,243,18
2026-05-19 17:30:00,0.97806,0.97814,0.97772,0.97797,255,18
2026-05-19 17:40:00,0.978,0.97804,0.97761,0.97788,279,18
2026-05-19 17:50:00,0.97788,0.97804,0.9778,0.97796,250,18
2026-05-19 18:00:00,0.97799,0.97806,0.97778,0.97796,262,18
2026-05-19 18:10:00,0.97796,0.97809,0.9778,0.97788,219,18
2026-05-19 18:20:00,0.9779,0.97796,0.9775,0.97751,328,18
2026-05-19 18:30:00,0.97749,0.97759,0.9773,0.97739,277,18
2026-05-19 18:40:00,0.97738,0.97764,0.9773,0.97736,231,18
2026-05-19 18:50:00,0.97736,0.97745,0.9769,0.97695,282,18
2026-05-19 19:00:00,0.97694,0.97737,0.97694,0.97733,264,18
2026-05-19 19:10:00,0.97734,0.97751,0.97732,0.97743,234,18
2026-05-19 19:20:00,0.9774,0.97742,0.97697,0.97715,261,18
2026-05-19 19:30:00,0.97716,0.97736,0.97715,0.9773,208,18
2026-05-19 19:40:00,0.9773,0.97744,0.97711,0.97732,242,18
2026-05-19 19:50:00,0.97731,0.9774,0.97715,0.9773,230,18
2026-05-19 20:00:00,0.97731,0.97742,0.97712,0.97715,185,18
2026-05-19 20:10:00,0.97715,0.9772,0.97706,0.97709,112,18
2026-05-19 20:20:00,0.97709,0.97713,0.97693,0.97706,99,18
2026-05-19 20:30:00,0.97709,0.97733,0.977,0.97726,116,18
2026-05-19 20:40:00,0.97726,0.97729,0.97686,0.97703,110,18
2026-05-19 20:50:00,0.97701,0.97701,0.97666,0.97673,136,18
2026-05-19 21:00:00,0.97671,0.97671,0.97671,0.97671,1,22
2026-05-19 21:10:00,0.9767,0.9767,0.9767,0.9767,2,22
2026-05-19 21:20:00,0.9767,0.97672,0.97661,0.97667,27,22
2026-05-19 21:30:00,0.97667,0.97677,0.97667,0.97672,48,25
2026-05-19 21:40:00,0.97672,0.9768,0.97661,0.97667,126,41
2026-05-19 21:50:00,0.97667,0.97696,0.97661,0.97696,61,18
2026-05-19 22:00:00,0.97697,0.97701,0.97667,0.97679,100,18
2026-05-19 22:10:00,0.97679,0.97683,0.97669,0.97674,84,18
2026-05-19 22:20:00,0.97679,0.97688,0.97674,0.97684,108,18
2026-05-19 22:30:00,0.97681,0.97685,0.97642,0.97665,160,18
2026-05-19 22:40:00,0.97665,0.97672,0.97656,0.97663,143,18
2026-05-19 22:50:00,0.97663,0.97677,0.97656,0.97675,129,18
2026-05-19 23:00:00,0.97675,0.97683,0.97673,0.97683,92,18
2026-05-19 23:10:00,0.97683,0.9769,0.97679,0.97686,108,18
2026-05-19 23:20:00,0.97686,0.97696,0.97683,0.97691,84,18
2026-05-19 23:30:00,0.97691,0.97737,0.9769,0.97705,170,18
2026-05-19 23:40:00,0.97705,0.97708,0.97688,0.97705,142,18
2026-05-19 23:50:00,0.97704,0.97706,0.97664,0.97665,169,18
2026-05-20 00:00:00,0.97665,0.97665,0.97607,0.97617,380,18
2026-05-20 00:10:00,0.97615,0.97634,0.97602,0.97622,389,18
2026-05-20 00:20:00,0.9762,0.97681,0.97604,0.97663,385,18
2026-05-20 00:30:00,0.97664,0.97692,0.97651,0.97658,352,18
2026-05-20 00:40:00,0.97656,0.97676,0.97642,0.97659,329,18
2026-05-20 00:50:00,0.97659,0.97661,0.97567,0.97568,379,18
2026-05-20 01:00:00,0.97571,0.97631,0.9757,0.97626,412,18
2026-05-20 01:10:00,0.97626,0.9766,0.97608,0.97618,399,18
2026-05-20 01:20:00,0.97618,0.97622,0.97521,0.97528,364,18
2026-05-20 01:30:00,0.9753,0.97566,0.97511,0.97559,466,18
2026-05-20 01:40:00,0.97561,0.97606,0.9755,0.97599,355,18
2026-05-20 01:50:00,0.97599,0.97683,0.97598,0.97672,489,18
2026-05-20 02:00:00,0.97675,0.97702,0.97656,0.97659,340,18
2026-05-20 02:10:00,0.97659,0.97703,0.97643,0.97687,313,18
2026-05-20 02:20:00,0.97684,0.97724,0.97664,0.97666,316,18
2026-05-20 02:30:00,0.97665,0.97667,0.9756,0.97617,481,18
2026-05-20 02:40:00,0.97618,0.97662,0.97614,0.97621,370,18
2026-05-20 02:50:00,0.9762,0.97631,0.97593,0.97598,293,18
2026-05-20 03:00:00,0.97598,0.97622,0.97574,0.97621,297,18
2026-05-20 03:10:00,0.97621,0.97642,0.97606,0.97641,234,18
2026-05-20 03:20:00,0.97642,0.97682,0.97633,0.97677,237,18
2026-05-20 03:30:00,0.97677,0.97716,0.97658,0.97709,361,18
2026-05-20 03:40:00,0.9771,0.97711,0.97688,0.97698,249,18
2026-05-20 03:50:00,0.97698,0.9771,0.97688,0.97693,220,18
2026-05-20 04:00:00,0.97693,0.97757,0.9769,0.97745,286,18
2026-05-20 04:10:00,0.97745,0.97762,0.97732,0.97732,220,18
2026-05-20 04:20:00,0.97732,0.97732,0.97711,0.97726,196,18
2026-05-20 04:30:00,0.97724,0.97724,0.97659,0.97685,253,18
2026-05-20 04:40:00,0.97685,0.97707,0.9768,0.97699,235,18
2026-05-20 04:50:00,0.97699,0.977,0.97668,0.9768,244,18
2026-05-20 05:00:00,0.97678,0.97736,0.97677,0.97691,339,18
2026-05-20 05:10:00,0.97691,0.97711,0.97675,0.97695,230,18
2026-05-20 05:20:00,0.97698,0.9771,0.97656,0.97663,282,18
2026-05-20 05:30:00,0.97665,0.97723,0.97665,0.97713,362,18
2026-05-20 05:40:00,0.97715,0.97716,0.9766,0.97669,241,18
2026-05-20 05:50:00,0.9767,0.97708,0.9765,0.977,270,18
2026-05-20 06:00:00,0.977,0.97733,0.97689,0.97723,354,18
2026-05-20 06:10:00,0.97722,0.9784,0.9771,0.97835,339,18
2026-05-20 06:20:00,0.97832,0.97837,0.97765,0.97783,345,18
2026-05-20 06:30:00,0.97783,0.97785,0.97752,0.97765,288,18
2026-05-20 06:40:00,0.97766,0.97785,0.97743,0.97748,233,18
2026-05-20 06:50:00,0.97748,0.97795,0.97743,0.97791,268,18
2026-05-20 07:00:00,0.97788,0.97889,0.97764,0.97888,380,18
2026-05-20 07:10:00,0.97888,0.97891,0.97804,0.97814,335,18
2026-05-20 07:20:00,0.97813,0.97857,0.97809,0.97851,247,18
2026-05-20 07:30:00,0.97848,0.97863,0.9783,0.97845,255,18
2026-05-20 07:40:00,0.97845,0.97875,0.97842,0.97873,267,18
2026-05-20 07:50:00,0.97873,0.9789,0.97852,0.97868,239,18
2026-05-20 08:00:00,0.97867,0.97902,0.97857,0.97866,326,18
2026-05-20 08:10:00,0.97863,0.97865,0.97818,0.97847,330,18
2026-05-20 08:20:00,0.97845,0.97883,0.97819,0.97882,321,18
2026-05-20 08:30:00,0.97885,0.97936,0.97877,0.97931,323,18
2026-05-20 08:40:00,0.97931,0.97951,0.97912,0.97928,271,18
2026-05-20 08:50:00,0.9793,0.97951,0.97917,0.97932,271,18
2026-05-20 09:00:00,0.97931,0.97965,0.97927,0.9793,275,18
2026-05-20 09:10:00,0.9793,0.97949,0.97919,0.97949,265,18
2026-05-20 09:20:00,0.9795,0.97958,0.97906,0.9795,206,18
2026-05-20 09:30:00,0.97951,0.97973,0.97947,0.97964,205,18
2026-05-20 09:40:00,0.97965,0.97985,0.97947,0.97981,219,18
2026-05-20 09:50:00,0.9798,0.97995,0.97968,0.97977,218,18
2026-05-20 10:00:00,0.97978,0.98038,0.97978,0.98031,217,18
2026-05-20 10:10:00,0.98028,0.98048,0.98019,0.98039,212,18
2026-05-20 10:20:00,0.98039,0.98053,0.98032,0.98047,169,18
2026-05-20 10:30:00,0.98047,0.98108,0.98047,0.98077,259,18
2026-05-20 10:40:00,0.98076,0.98089,0.98048,0.98074,218,18
2026-05-20 10:50:00,0.98074,0.98093,0.98064,0.98088,207,18
2026-05-20 11:00:00,0.98087,0.98087,0.98046,0.98047,218,18
2026-05-20 11:10:00,0.98047,0.9807,0.98046,0.98065,211,18
2026-05-20 11:20:00,0.98065,0.98098,0.98053,0.98097,239,18
2026-05-20 11:30:00,0.98095,0.98114,0.98078,0.98101,229,18
2026-05-20 11:40:00,0.98101,0.98116,0.98044,0.98047,294,18
2026-05-20 11:50:00,0.98045,0.98051,0.98019,0.98023,296,18
2026-05-20 12:00:00,0.98026,0.9808,0.9801,0.98069,280,18
2026-05-20 12:10:00,0.98071,0.98085,0.98053,0.98057,238,18
2026-05-20 12:20:00,0.98054,0.98121,0.98045,0.98119,308,18
2026-05-20 12:30:00,0.98119,0.98138,0.98102,0.98103,285,18
2026-05-20 12:40:00,0.98103,0.98109,0.98068,0.98095,246,18
2026-05-20 12:50:00,0.98095,0.98097,0.98021,0.98032,242,18
2026-05-20 13:00:00,0.98032,0.98051,0.97973,0.97985,335,18
2026-05-20 13:10:00,0.97988,0.98021,0.97988,0.97997,242,18
2026-05-20 13:20:00,0.97998,0.98011,0.9796,0.97961,287,18
2026-05-20 13:30:00,0.97958,0.98008,0.97952,0.9799,447,18
2026-05-20 13:40:00,0.97991,0.98102,0.97986,0.98067,457,18
2026-05-20 13:50:00,0.98066,0.98085,0.98035,0.98065,388,18
2026-05-20 14:00:00,0.98068,0.98071,0.98006,0.9801,401,18
2026-05-20 14:10:00,0.98008,0.98287,0.97999,0.98254,953,18
2026-05-20 14:20:00,0.98256,0.98295,0.9818,0.98219,677,18
2026-05-20 14:30:00,0.98222,0.98292,0.98216,0.98267,737,18
2026-05-20 14:40:00,0.98264,0.98277,0.98227,0.98233,567,18
2026-05-20 14:50:00,0.98234,0.98316,0.98231,0.98278,638,18
2026-05-20 15:00:00,0.98277,0.9833,0.98254,0.98266,540,18
2026-05-20 15:10:00,0.98266,0.98529,0.98258,0.98458,1036,18
2026-05-20 15:20:00,0.98455,0.98457,0.98315,0.98323,767,18
2026-05-20 15:30:00,0.98325,0.98412,0.98321,0.9837,546,18
2026-05-20 15:40:00,0.9837,0.98389,0.98341,0.98383,479,18
2026-05-20 15:50:00,0.98383,0.98399,0.98276,0.98294,464,18
2026-05-20 16:00:00,0.98292,0.98374,0.98289,0.98345,362,18
2026-05-20 16:10:00,0.98345,0.9837,0.98338,0.98352,328,18
2026-05-20 16:20:00,0.98352,0.98352,0.98264,0.98287,476,18
2026-05-20 16:30:00,0.9829,0.9829,0.9824,0.9827,367,18
2026-05-20 16:40:00,0.9827,0.98337,0.98269,0.98307,401,18
2026-05-20 16:50:00,0.98309,0.98359,0.98301,0.98348,397,18
2026-05-20 17:00:00,0.98347,0.98362,0.98319,0.98362,368,18
2026-05-20 17:10:00,0.98362,0.98392,0.9835,0.98377,417,18
2026-05-20 17:20:00,0.98377,0.9839,0.98345,0.98385,315,18
2026-05-20 17:30:00,0.98388,0.98396,0.98337,0.98364,349,18
2026-05-20 17:40:00,0.98363,0.98385,0.98352,0.98385,253,18
2026-05-20 17:50:00,0.98385,0.98386,0.98353,0.98354,209,18
2026-05-20 18:00:00,0.98357,0.98366,0.98334,0.98359,285,18
2026-05-20 18:10:00,0.98359,0.9839,0.98357,0.98385,229,18
2026-05-20 18:20:00,0.98385,0.98386,0.98346,0.98372,286,18
2026-05-20 18:30:00,0.9837,0.98408,0.9837,0.98407,213,18
2026-05-20 18:40:00,0.98405,0.98408,0.98353,0.98383,275,18
2026-05-20 18:50:00,0.98382,0.98417,0.9838,0.98394,247,18
2026-05-20 19:00:00,0.98395,0.98429,0.98384,0.98394,211,18
2026-05-20 19:10:00,0.98394,0.98414,0.98384,0.98412,199,18
2026-05-20 19:20:00,0.98412,0.98418,0.98399,0.98414,182,18
2026-05-20 19:30:00,0.98414,0.98416,0.9839,0.98402,177,18
2026-05-20 19:40:00,0.98399,0.98404,0.98369,0.9837,190,18
2026-05-20 19:50:00,0.98368,0.98391,0.98358,0.98375,281,18
2026-05-20 20:00:00,0.98374,0.98374,0.98339,0.98351,208,18
2026-05-20 20:10:00,0.98352,0.98361,0.98328,0.98339,168,18
2026-05-20 20:20:00,0.9834,0.98344,0.98318,0.98335,284,18
2026-05-20 20:30:00,0.98334,0.98335,0.98291,0.98299,173,18
2026-05-20 20:40:00,0.98299,0.98317,0.98295,0.98304,147,18
2026-05-20 20:50:00,0.98303,0.98315,0.98296,0.98297,102,18
2026-05-20 21:20:00,0.98298,0.98298,0.98298,0.98298,1,27
2026-05-20 21:30:00,0.98301,0.98303,0.98288,0.98297,94,22
2026-05-20 21:40:00,0.98295,0.98304,0.98287,0.98304,72,31
2026-05-20 21:50:00,0.98303,0.98308,0.98289,0.98308,100,30
2026-05-20 22:00:00,0.98315,0.98315,0.98257,0.98263,140,18
2026-05-20 22:10:00,0.98263,0.98284,0.98258,0.98282,138,18
2026-05-20 22:20:00,0.98282,0.98283,0.98268,0.98277,106,18
2026-05-20 22:30:00,0.98277,0.98296,0.98276,0.98293,124,18
2026-05-20 22:40:00,0.98293,0.98296,0.98284,0.98291,99,18
2026-05-20 22:50:00,0.98291,0.98294,0.98282,0.98291,114,18
2026-05-20 23:00:00,0.9829,0.98292,0.98268,0.98268,85,18
2026-05-20 23:10:00,0.98267,0.98285,0.98266,0.9827,95,18
2026-05-20 23:20:00,0.9827,0.98287,0.98269,0.98286,88,18
2026-05-20 23:30:00,0.98286,0.98286,0.98275,0.98285,96,18
2026-05-20 23:40:00,0.98285,0.983,0.98273,0.98284,144,18
2026-05-20 23:50:00,0.98284,0.98289,0.98264,0.98269,164,18
2026-05-21 00:00:00,0.98272,0.98274,0.98233,0.98252,347,18
2026-05-21 00:10:00,0.98252,0.98273,0.98221,0.98232,298,18
2026-05-21 00:20:00,0.98232,0.9826,0.9822,0.98259,269,18
2026-05-21 00:30:00,0.9826,0.98261,0.98234,0.98249,214,18
2026-05-21 00:40:00,0.98249,0.98252,0.9823,0.98247,180,18
2026-05-21 00:50:00,0.98247,0.98268,0.98242,0.98257,217,18
2026-05-21 01:00:00,0.98257,0.98334,0.98251,0.98327,276,18
2026-05-21 01:10:00,0.98327,0.98353,0.9831,0.98311,297,18
2026-05-21 01:20:00,0.9831,0.98316,0.98293,0.98308,222,18
2026-05-21 01:30:00,0.98311,0.98311,0.98042,0.98116,594,18
2026-05-21 01:40:00,0.98116,0.98152,0.98019,0.98019,382,18
2026-05-21 01:50:00,0.98022,0.98024,0.97821,0.97922,687,18
2026-05-21 02:00:00,0.97925,0.97991,0.9787,0.97902,575,18
2026-05-21 02:10:00,0.97904,0.97952,0.97836,0.97848,423,18
2026-05-21 02:20:00,0.97848,0.97902,0.97829,0.97829,369,18
2026-05-21 02:30:00,0.97829,0.97869,0.97775,0.978,434,18
2026-05-21 02:40:00,0.97801,0.97827,0.97719,0.97768,485,18
2026-05-21 02:50:00,0.97767,0.97832,0.97764,0.97811,335,18
2026-05-21 03:00:00,0.97809,0.97898,0.97802,0.97896,281,18
2026-05-21 03:10:00,0.97896,0.97917,0.9786,0.97909,269,18
2026-05-21 03:20:00,0.97909,0.97922,0.97899,0.97905,198,18
2026-05-21 03:30:00,0.97905,0.9791,0.97889,0.97898,166,18
2026-05-21 03:40:00,0.97898,0.97956,0.97898,0.97953,206,18
2026-05-21 03:50:00,0.97953,0.97966,0.97932,0.97959,232,18
2026-05-21 04:00:00,0.97956,0.97996,0.97953,0.97973,216,18
2026-05-21 04:10:00,0.97974,0.98014,0.97969,0.98008,183,18
2026-05-21 04:20:00,0.98008,0.98049,0.98004,0.98049,180,18
2026-05-21 04:30:00,0.9805,0.98058,0.98019,0.98027,216,18
2026-05-21 04:40:00,0.98026,0.98065,0.98015,0.98063,196,18
2026-05-21 04:50:00,0.98063,0.98094,0.98044,0.98063,224,18
2026-05-21 05:00:00,0.98066,0.98085,0.98022,0.98022,250,18
2026-05-21 05:10:00,0.98021,0.9805,0.9801,0.98026,219,18
2026-05-21 05:20:00,0.98027,0.98044,0.97989,0.97994,261,18
2026-05-21 05:30:00,0.97997,0.98013,0.97958,0.97992,354,18
2026-05-21 05:40:00,0.97994,0.9801,0.97945,0.97988,360,18
2026-05-21 05:50:00,0.9799,0.98047,0.97986,0.98032,331,18
2026-05-21 06:00:00,0.98033,0.98075,0.98028,0.98054,342,18
2026-05-21 06:10:00,0.98054,0.98054,0.97982,0.9799,287,18
2026-05-21 06:20:00,0.9799,0.98034,0.97975,0.98009,393,18
2026-05-21 06:30:00,0.9801,0.98021,0.97912,0.97913,346,18
2026-05-21 06:40:00,0.97912,0.97912,0.97831,0.97862,367,18
2026-05-21 06:50:00,0.97862,0.9789,0.97839,0.97886,315,18
2026-05-21 07:00:00,0.97886,0.97922,0.97877,0.9792,389,18
2026-05-21 07:10:00,0.97917,0.97943,0.97864,0.97877,375,18
2026-05-21 07:20:00,0.97878,0.97928,0.97868,0.97886,409,18
2026-05-21 07:30:00,0.97888,0.9794,0.97887,0.97929,354,18
2026-05-21 07:40:00,0.97929,0.98007,0.97915,0.98007,293,18
2026-05-21 07:50:00,0.98007,0.98054,0.97996,0.98022,316,18
2026-05-21 08:00:00,0.98021,0.98098,0.98009,0.98084,358,18
2026-05-21 08:10:00,0.98084,0.98238,0.98083,0.98117,585,18
2026-05-21 08:20:00,0.98115,0.98226,0.98105,0.98215,451,18
2026-05-21 08:30:00,0.98212,0.98212,0.9816,0.98165,426,18
2026-05-21 08:40:00,0.98166,0.98228,0.98163,0.98193,387,18
2026-05-21 08:50:00,0.98193,0.98208,0.98162,0.98166,316,18
2026-05-21 09:00:00,0.98164,0.98241,0.9816,0.98225,327,18
2026-05-21 09:10:00,0.98228,0.98278,0.98214,0.98271,304,18
2026-05-21 09:20:00,0.98268,0.98284,0.9824,0.98267,312,18
2026-05-21 09:30:00,0.98266,0.9828,0.98213,0.98213,293,18
2026-05-21 09:40:00,0.98213,0.98226,0.98192,0.98208,262,18
2026-05-21 09:50:00,0.98207,0.9822,0.98197,0.98213,206,18
2026-05-21 10:00:00,0.98214,0.98254,0.98211,0.9824,288,18
2026-05-21 10:10:00,0.98242,0.9825,0.98222,0.98234,245,18
2026-05-21 10:20:00,0.98234,0.98234,0.98065,0.98086,566,18
2026-05-21 10:30:00,0.98088,0.98111,0.98016,0.98019,589,18
2026-05-21 10:40:00,0.98016,0.9808,0.97995,0.98066,477,18
2026-05-21 10:50:00,0.98069,0.98085,0.9803,0.98053,410,18
2026-05-21 11:00:00,0.98052,0.98116,0.9805,0.98082,411,18
2026-05-21 11:10:00,0.98082,0.98139,0.9808,0.98128,312,18
2026-05-21 11:20:00,0.98126,0.98199,0.98126,0.98182,420,18
2026-05-21 11:30:00,0.98182,0.98187,0.98108,0.98135,276,18
2026-05-21 11:40:00,0.98136,0.98152,0.98119,0.98119,229,18
2026-05-21 11:50:00,0.98118,0.98125,0.98059,0.98092,310,18
2026-05-21 12:00:00,0.98093,0.98149,0.98084,0.98128,353,18
2026-05-21 12:10:00,0.98125,0.98133,0.9808,0.98116,316,18
2026-05-21 12:20:00,0.98119,0.98119,0.9807,0.98099,317,18
2026-05-21 12:30:00,0.98102,0.98188,0.98097,0.98185,565,18
2026-05-21 12:40:00,0.98182,0.98187,0.98135,0.98162,407,18
2026-05-21 12:50:00,0.98162,0.98165,0.98119,0.98128,383,18
2026-05-21 13:00:00,0.98125,0.98188,0.98113,0.98151,407,18
2026-05-21 13:10:00,0.98151,0.98172,0.98129,0.98133,365,18
2026-05-21 13:20:00,0.98134,0.98173,0.98123,0.98173,366,18
2026-05-21 13:30:00,0.98175,0.98179,0.98097,0.9811,497,18
2026-05-21 13:40:00,0.98107,0.98148,0.98102,0.98134,457,18
2026-05-21 13:50:00,0.98134,0.9831,0.98134,0.98272,670,18
2026-05-21 14:00:00,0.98275,0.98292,0.98248,0.98273,483,18
2026-05-21 14:10:00,0.9827,0.9829,0.98222,0.98251,478,18
2026-05-21 14:20:00,0.98248,0.98289,0.98224,0.98273,450,18
2026-05-21 14:30:00,0.98275,0.98349,0.98275,0.98334,420,18
2026-05-21 14:40:00,0.98333,0.98361,0.9831,0.98323,419,18
2026-05-21 14:50:00,0.98324,0.98388,0.98303,0.98375,447,18
2026-05-21 15:00:00,0.98376,0.98384,0.98234,0.98272,505,18
2026-05-21 15:10:00,0.98269,0.98326,0.98241,0.98322,504,18
2026-05-21 15:20:00,0.98323,0.98324,0.98255,0.98258,387,18
2026-05-21 15:30:00,0.98259,0.98312,0.98246,0.98311,380,18
2026-05-21 15:40:00,0.98311,0.98317,0.98276,0.98301,340,18
2026-05-21 15:50:00,0.98302,0.98329,0.98293,0.98327,323,18
2026-05-21 16:00:00,0.98329,0.98399,0.98327,0.98392,373,18
2026-05-21 16:10:00,0.98392,0.98393,0.98357,0.98374,374,18
2026-05-21 16:20:00,0.98374,0.98386,0.98359,0.98384,271,18
2026-05-21 16:30:00,0.98384,0.98386,0.98357,0.9838,296,18
2026-05-21 16:40:00,0.9838,0.98386,0.9836,0.98369,297,18
2026-05-21 16:50:00,0.98368,0.98371,0.98345,0.98363,297,18
2026-05-21 17:00:00,0.98364,0.9838,0.98353,0.98361,288,18
2026-05-21 17:10:00,0.9836,0.98594,0.98359,0.9853,784,18
2026-05-21 17:20:00,0.9853,0.98612,0.98526,0.98607,637,18
2026-05-21 17:30:00,0.98607,0.98655,0.98577,0.98653,478,18
2026-05-21 17:40:00,0.98652,0.98703,0.98647,0.98681,453,18
2026-05-21 17:50:00,0.98678,0.98723,0.98661,0.98661,446,18
2026-05-21 18:00:00,0.98658,0.98684,0.98581,0.98609,534,18
2026-05-21 18:10:00,0.9861,0.98613,0.98561,0.98592,423,18
2026-05-21 18:20:00,0.98593,0.98603,0.98579,0.98579,332,18
2026-05-21 18:30:00,0.98582,0.98589,0.98562,0.98587,337,18
2026-05-21 18:40:00,0.98586,0.9862,0.9854,0.98543,399,18
2026-05-21 18:50:00,0.98544,0.98561,0.98443,0.98487,641,18
2026-05-21 19:00:00,0.98484,0.98524,0.98473,0.98514,420,18
2026-05-21 19:10:00,0.98512,0.98549,0.98495,0.98545,295,18
2026-05-21 19:20:00,0.98546,0.98568,0.98533,0.9856,255,18
2026-05-21 19:30:00,0.98562,0.98592,0.98561,0.98579,271,18
2026-05-21 19:40:00,0.9858,0.98585,0.9854,0.98555,240,18
2026-05-21 19:50:00,0.98558,0.98585,0.985,0.98559,390,18
2026-05-21 20:00:00,0.98561,0.98573,0.98506,0.98509,231,18
2026-05-21 20:10:00,0.98509,0.98512,0.98488,0.98493,142,18
2026-05-21 20:20:00,0.98493,0.98503,0.98488,0.98495,107,18
2026-05-21 20:30:00,0.98494,0.9851,0.98489,0.98499,119,18
2026-05-21 20:40:00,0.98499,0.98508,0.98493,0.98501,85,18
2026-05-21 20:50:00,0.98498,0.98517,0.98467,0.98482,157,18
2026-05-21 21:00:00,0.9848,0.9848,0.98479,0.98479,2,22
2026-05-21 21:10:00,0.98479,0.98482,0.98474,0.98478,22,22
2026-05-21 21:20:00,0.98477,0.98477,0.98468,0.98472,33,35
2026-05-21 21:30:00,0.98472,0.9849,0.98464,0.9847,127,50
2026-05-21 21:40:00,0.98469,0.98484,0.98455,0.98483,138,38
2026-05-21 21:50:00,0.98483,0.98488,0.98475,0.98485,38,30
2026-05-21 22:00:00,0.98491,0.9851,0.98458,0.98508,91,20
2026-05-21 22:10:00,0.98508,0.98523,0.98491,0.98511,90,18
2026-05-21 22:20:00,0.98512,0.98514,0.98499,0.98508,52,18
2026-05-21 22:30:00,0.98503,0.98508,0.98487,0.98497,87,18
2026-05-21 22:40:00,0.98497,0.98524,0.98495,0.98522,130,18
2026-05-21 22:50:00,0.98521,0.98525,0.98506,0.9851,119,18
2026-05-21 23:00:00,0.9851,0.98514,0.98499,0.98502,79,18
2026-05-21 23:10:00,0.98502,0.9851,0.98488,0.98489,71,18
2026-05-21 23:20:00,0.98489,0.985,0.98466,0.985,105,18
2026-05-21 23:30:00,0.985,0.98505,0.98495,0.98496,79,18
2026-05-21 23:40:00,0.98496,0.98496,0.98471,0.9848,157,18
2026-05-21 23:50:00,0.98482,0.98491,0.98445,0.98465,175,18
2026-05-22 00:00:00,0.98465,0.98492,0.98441,0.98485,330,18
2026-05-22 00:10:00,0.98484,0.98512,0.98443,0.98449,283,18
2026-05-22 00:20:00,0.98448,0.98494,0.98443,0.98487,235,18
2026-05-22 00:30:00,0.98488,0.98491,0.98452,0.98478,232,18
2026-05-22 00:40:00,0.98478,0.98498,0.98472,0.98474,168,18
2026-05-22 00:50:00,0.98474,0.98486,0.98423,0.98427,201,18
2026-05-22 01:00:00,0.98426,0.98427,0.98373,0.98402,299,18
2026-05-22 01:10:00,0.98401,0.9842,0.98392,0.98415,255,18
2026-05-22 01:20:00,0.98415,0.98445,0.98376,0.98439,240,18
2026-05-22 01:30:00,0.98436,0.98442,0.9839,0.98397,258,18
2026-05-22 01:40:00,0.98397,0.98446,0.9839,0.98442,278,18
2026-05-22 01:50:00,0.98442,0.98465,0.98404,0.98404,268,18
2026-05-22 02:00:00,0.98404,0.9845,0.98404,0.98441,213,18
2026-05-22 02:10:00,0.98441,0.9846,0.9843,0.98453,199,18
2026-05-22 02:20:00,0.98453,0.98455,0.98434,0.98446,192,18
2026-05-22 02:30:00,0.98446,0.98464,0.98433,0.98461,196,18
2026-05-22 02:40:00,0.98461,0.98483,0.98449,0.98455,169,18
2026-05-22 02:50:00,0.98455,0.98459,0.98413,0.98439,219,18
2026-05-22 03:00:00,0.98437,0.98446,0.98406,0.98414,218,18
2026-05-22 03:10:00,0.98415,0.98418,0.98391,0.98403,206,18
2026-05-22 03:20:00,0.98403,0.98407,0.98387,0.98405,187,18
2026-05-22 03:30:00,0.98406,0.98428,0.98406,0.98409,160,18
2026-05-22 03:40:00,0.98409,0.98419,0.98409,0.98413,121,18
2026-05-22 03:50:00,0.98413,0.98469,0.98408,0.98464,142,18
2026-05-22 04:00:00,0.98464,0.98478,0.98444,0.98457,193,18
2026-05-22 04:10:00,0.98458,0.98476,0.98452,0.98466,137,18
2026-05-22 04:20:00,0.98466,0.98469,0.98448,0.9845,129,18
2026-05-22 04:30:00,0.9845,0.98452,0.9843,0.98433,120,18
2026-05-22 04:40:00,0.98433,0.98453,0.98432,0.98444,130,18
2026-05-22 04:50:00,0.98446,0.98457,0.98442,0.98456,133,18
2026-05-22 05:00:00,0.98456,0.98488,0.9845,0.98488,201,18
2026-05-22 05:10:00,0.98488,0.98488,0.98473,0.98481,141,18
2026-05-22 05:20:00,0.98481,0.98484,0.98469,0.98483,176,18
2026-05-22 05:30:00,0.98482,0.98496,0.98482,0.98484,219,18
2026-05-22 05:40:00,0.98485,0.98517,0.98475,0.98511,194,18
2026-05-22 05:50:00,0.98511,0.98521,0.98432,0.98443,324,18
2026-05-22 06:00:00,0.98444,0.98479,0.9844,0.98479,289,18
2026-05-22 06:10:00,0.98478,0.98478,0.98392,0.98427,254,18
2026-05-22 06:20:00,0.98427,0.98444,0.98369,0.98415,328,18
2026-05-22 06:30:00,0.98414,0.98421,0.98391,0.98393,257,18
2026-05-22 06:40:00,0.98392,0.98405,0.98381,0.98394,253,18
2026-05-22 06:50:00,0.98393,0.98408,0.98378,0.98401,236,18
2026-05-22 07:00:00,0.98401,0.98404,0.98319,0.98321,310,18
2026-05-22 07:10:00,0.98321,0.98369,0.98319,0.98352,305,18
2026-05-22 07:20:00,0.98352,0.98395,0.98341,0.98359,248,18
2026-05-22 07:30:00,0.9836,0.98364,0.98334,0.98349,281,18
2026-05-22 07:40:00,0.98348,0.98374,0.98331,0.9834,223,18
2026-05-22 07:50:00,0.98341,0.9838,0.98323,0.9838,222,18
2026-05-22 08:00:00,0.98378,0.98379,0.98347,0.98354,293,18
2026-05-22 08:10:00,0.98355,0.98424,0.98345,0.98419,277,18
2026-05-22 08:20:00,0.9842,0.98467,0.98368,0.98386,324,18
2026-05-22 08:30:00,0.98389,0.98407,0.9832,0.98344,390,18
2026-05-22 08:40:00,0.98344,0.98376,0.9834,0.98359,235,18
2026-05-22 08:50:00,0.9836,0.98369,0.98321,0.98326,239,18
2026-05-22 09:00:00,0.98325,0.98338,0.98273,0.98285,303,18
2026-05-22 09:10:00,0.98285,0.98306,0.98268,0.98281,282,18
2026-05-22 09:20:00,0.98282,0.98302,0.98262,0.98295,243,18
2026-05-22 09:30:00,0.98296,0.98329,0.9828,0.98328,228,18
2026-05-22 09:40:00,0.98329,0.98338,0.98306,0.98332,203,18
2026-05-22 09:50:00,0.98329,0.98347,0.98307,0.98312,223,18
2026-05-22 10:00:00,0.98309,0.98359,0.98306,0.98357,239,18
2026-05-22 10:10:00,0.98358,0.98366,0.98325,0.98358,208,18
2026-05-22 10:20:00,0.98358,0.9836,0.98326,0.98326,194,18
2026-05-22 10:30:00,0.98326,0.98337,0.98275,0.98305,303,18
2026-05-22 10:40:00,0.98305,0.98322,0.98298,0.98301,224,18
2026-05-22 10:50:00,0.98301,0.98319,0.98297,0.98303,204,18
2026-05-22 11:00:00,0.98303,0.98317,0.98275,0.98275,238,18
2026-05-22 11:10:00,0.98276,0.98285,0.98255,0.98265,220,18
2026-05-22 11:20:00,0.98265,0.98282,0.98248,0.98269,189,18
2026-05-22 11:30:00,0.98268,0.98288,0.98238,0.98281,208,18
2026-05-22 11:40:00,0.98278,0.98304,0.98257,0.98284,276,18
2026-05-22 11:50:00,0.98284,0.98301,0.98268,0.98281,273,18
2026-05-22 12:00:00,0.98279,0.98296,0.98262,0.98265,275,18
2026-05-22 12:10:00,0.98266,0.98425,0.98263,0.98408,659,18
2026-05-22 12:20:00,0.98405,0.98405,0.98326,0.98351,377,18
2026-05-22 12:30:00,0.98351,0.98357,0.98304,0.98348,302,18
2026-05-22 12:40:00,0.98348,0.984,0.98303,0.98399,324,18
2026-05-22 12:50:00,0.98396,0.98438,0.98378,0.98434,258,18
2026-05-22 13:00:00,0.98437,0.98486,0.98405,0.98477,427,18
2026-05-22 13:10:00,0.9848,0.98507,0.98437,0.9845,480,18
2026-05-22 13:20:00,0.98451,0.98456,0.98401,0.98429,314,18
2026-05-22 13:30:00,0.98427,0.98447,0.98403,0.9841,449,18
2026-05-22 13:40:00,0.9841,0.98428,0.98311,0.98315,441,18
2026-05-22 13:50:00,0.98317,0.98386,0.98305,0.98365,355,18
2026-05-22 14:00:00,0.98362,0.98365,0.98253,0.98317,538,18
2026-05-22 14:10:00,0.98316,0.98326,0.98278,0.98314,426,18
2026-05-22 14:20:00,0.98315,0.98357,0.98295,0.98356,393,18
2026-05-22 14:30:00,0.98359,0.98416,0.98346,0.98389,369,18
2026-05-22 14:40:00,0.98388,0.98437,0.98388,0.98398,334,18
2026-05-22 14:50:00,0.984,0.98495,0.98393,0.98478,421,18
2026-05-22 15:00:00,0.98481,0.98519,0.98452,0.98501,403,18
2026-05-22 15:10:00,0.98499,0.98508,0.98477,0.98479,257,18
2026-05-22 15:20:00,0.9848,0.98513,0.98469,0.985,285,18
2026-05-22 15:30:00,0.98503,0.9852,0.98483,0.98517,320,18
2026-05-22 15:40:00,0.98516,0.98562,0.98512,0.98528,282,18
2026-05-22 15:50:00,0.9853,0.9855,0.98521,0.98529,274,18
2026-05-22 16:00:00,0.98528,0.98555,0.98513,0.98539,298,18
2026-05-22 16:10:00,0.98539,0.98552,0.98502,0.98511,262,18
2026-05-22 16:20:00,0.98511,0.98563,0.98509,0.98561,261,18
2026-05-22 16:30:00,0.98561,0.98571,0.98514,0.98523,246,18
2026-05-22 16:40:00,0.98523,0.98532,0.98513,0.98519,195,18
2026-05-22 16:50:00,0.98519,0.98528,0.98502,0.98514,219,18
2026-05-22 17:00:00,0.98515,0.98562,0.98515,0.98559,210,18
2026-05-22 17:10:00,0.98561,0.9857,0.98514,0.98514,245,18
2026-05-22 17:20:00,0.98511,0.98586,0.98497,0.9858,459,18
2026-05-22 17:30:00,0.98579,0.98621,0.98566,0.98601,414,18
2026-05-22 17:40:00,0.98601,0.98601,0.98578,0.98586,225,18
2026-05-22 17:50:00,0.98586,0.98596,0.98572,0.98572,236,18
2026-05-22 18:00:00,0.98573,0.98583,0.98525,0.98556,280,18
2026-05-22 18:10:00,0.98555,0.98562,0.98526,0.98554,237,18
2026-05-22 18:20:00,0.98554,0.98561,0.98533,0.98535,201,18
2026-05-22 18:30:00,0.98532,0.9856,0.98517,0.98541,221,18
2026-05-22 18:40:00,0.98541,0.98552,0.98535,0.98539,210,18
2026-05-22 18:50:00,0.98539,0.98561,0.98539,0.98559,175,18
2026-05-22 19:00:00,0.98557,0.98565,0.98516,0.98524,286,18
2026-05-22 19:10:00,0.98524,0.98539,0.98521,0.98535,208,18
2026-05-22 19:20:00,0.98534,0.98534,0.98488,0.98491,189,18
2026-05-22 19:30:00,0.98492,0.98495,0.98474,0.98491,236,18
2026-05-22 19:40:00,0.9849,0.98506,0.98482,0.98497,201,18
2026-05-22 19:50:00,0.98497,0.98526,0.98491,0.9852,229,18
2026-05-22 20:00:00,0.98519,0.98523,0.98493,0.98501,147,18
2026-05-22 20:10:00,0.98502,0.98507,0.98493,0.98498,92,18
2026-05-22 20:20:00,0.985,0.98501,0.98484,0.98484,88,18
2026-05-22 20:30:00,0.98484,0.98498,0.98456,0.98498,216,18
2026-05-22 20:40:00,0.98498,0.98506,0.98479,0.98497,146,18
2026-05-22 20:50:00,0.98494,0.98539,0.98477,0.98501,236,18
2026-05-24 21:20:00,0.98561,0.98588,0.98529,0.9858,36,126
2026-05-24 21:30:00,0.98597,0.98653,0.98595,0.98653,45,216
2026-05-24 21:40:00,0.98657,0.98723,0.98649,0.98723,82,155
2026-05-24 21:50:00,0.98724,0.98753,0.98724,0.98749,62,82
2026-05-24 22:00:00,0.98749,0.98875,0.98749,0.98828,286,18
2026-05-24 22:10:00,0.98829,0.9883,0.98785,0.98792,257,18
2026-05-24 22:20:00,0.98792,0.98796,0.98739,0.98749,230,18
2026-05-24 22:30:00,0.98749,0.98757,0.98737,0.98753,218,18
2026-05-24 22:40:00,0.98753,0.98787,0.98734,0.98787,191,18
2026-05-24 22:50:00,0.98787,0.98794,0.98767,0.98785,158,18
2026-05-24 23:00:00,0.98785,0.98816,0.98785,0.98804,174,18
2026-05-24 23:10:00,0.98804,0.9881,0.98779,0.98782,148,18
2026-05-24 23:20:00,0.98782,0.98794,0.9877,0.98783,142,18
2026-05-24 23:30:00,0.98783,0.98819,0.98776,0.98819,142,18
2026-05-24 23:40:00,0.9882,0.98834,0.98802,0.98803,179,18
2026-05-24 23:50:00,0.98804,0.98804,0.98765,0.98768,203,18
2026-05-25 00:00:00,0.98766,0.98791,0.9875,0.98791,235,18
2026-05-25 00:10:00,0.98791,0.98812,0.98788,0.98811,219,18
2026-05-25 00:20:00,0.9881,0.98857,0.98804,0.98856,213,18
2026-05-25 00:30:00,0.98859,0.98868,0.98831,0.98848,197,18
2026-05-25 00:40:00,0.98848,0.98886,0.98812,0.98871,190,18
2026-05-25 00:50:00,0.98871,0.9888,0.98795,0.98804,282,18
2026-05-25 01:00:00,0.98804,0.98857,0.98804,0.98846,300,18
2026-05-25 01:10:00,0.98845,0.98888,0.98843,0.98883,284,18
2026-05-25 01:20:00,0.98883,0.9894,0.98871,0.9894,257,18
2026-05-25 01:30:00,0.9894,0.9894,0.98859,0.98917,288,18
2026-05-25 01:40:00,0.98915,0.98931,0.98885,0.98889,232,18
2026-05-25 01:50:00,0.98891,0.98892,0.98861,0.98877,185,18
2026-05-25 02:00:00,0.98877,0.98921,0.98875,0.9891,234,18
2026-05-25 02:10:00,0.9891,0.98914,0.98881,0.98897,188,18
2026-05-25 02:20:00,0.98896,0.98938,0.98892,0.98919,155,18
2026-05-25 02:30:00,0.9892,0.98927,0.98892,0.98897,113,18
2026-05-25 02:40:00,0.98897,0.98904,0.98878,0.9889,143,18
2026-05-25 02:50:00,0.9889,0.98894,0.98848,0.98857,175,18
2026-05-25 03:00:00,0.98857,0.9888,0.98843,0.98858,203,18
2026-05-25 03:10:00,0.98858,0.9887,0.98848,0.98862,158,18
2026-05-25 03:20:00,0.98862,0.98879,0.98849,0.98872,170,18
2026-05-25 03:30:00,0.98873,0.98895,0.98869,0.98875,165,18
2026-05-25 03:40:00,0.98874,0.98883,0.98863,0.98871,130,18
2026-05-25 03:50:00,0.9887,0.98889,0.98866,0.98873,159,18
2026-05-25 04:00:00,0.98872,0.98897,0.98871,0.98882,129,18
2026-05-25 04:10:00,0.98882,0.98896,0.98875,0.98885,119,18
2026-05-25 04:20:00,0.98885,0.98922,0.98879,0.98919,146,18
2026-05-25 04:30:00,0.9892,0.98949,0.98913,0.98945,139,18
2026-05-25 04:40:00,0.98945,0.98977,0.98944,0.9897,116,18
2026-05-25 04:50:00,0.9897,0.98987,0.98961,0.98962,146,18
2026-05-25 05:00:00,0.98962,0.98986,0.98957,0.98967,179,18
2026-05-25 05:10:00,0.98968,0.98987,0.98967,0.98975,153,18
2026-05-25 05:20:00,0.98975,0.98975,0.98953,0.98956,95,18
2026-05-25 05:30:00,0.98956,0.98994,0.98942,0.98984,147,18
2026-05-25 05:40:00,0.98984,0.98985,0.98952,0.98954,150,18
2026-05-25 05:50:00,0.98954,0.98962,0.98936,0.98943,199,18
2026-05-25 06:00:00,0.9894,0.98993,0.98929,0.98991,220,18
2026-05-25 06:10:00,0.98991,0.98998,0.9897,0.9897,167,18
2026-05-25 06:20:00,0.98969,0.9897,0.98942,0.98951,177,18
2026-05-25 06:30:00,0.98951,0.98968,0.98944,0.98959,203,18
2026-05-25 06:40:00,0.98959,0.98973,0.98937,0.98948,157,18
2026-05-25 06:50:00,0.98948,0.98956,0.98932,0.98949,184,18
2026-05-25 07:00:00,0.98949,0.9896,0.98907,0.98915,237,18
2026-05-25 07:10:00,0.98913,0.98929,0.98826,0.98844,328,18
2026-05-25 07:20:00,0.98845,0.98894,0.98836,0.98882,303,18
2026-05-25 07:30:00,0.98882,0.98947,0.98882,0.98906,349,18
2026-05-25 07:40:00,0.98906,0.98917,0.98897,0.98908,196,18
2026-05-25 07:50:00,0.98908,0.98918,0.98895,0.98915,195,18
2026-05-25 08:00:00,0.98915,0.98943,0.989,0.98938,262,18
2026-05-25 08:10:00,0.98938,0.98948,0.98917,0.98927,209,18
2026-05-25 08:20:00,0.98928,0.98947,0.98917,0.98942,193,18
2026-05-25 08:30:00,0.98942,0.9899,0.9894,0.98982,201,18
2026-05-25 08:40:00,0.98983,0.98994,0.98969,0.98989,191,18
2026-05-25 08:50:00,0.98989,0.98989,0.98958,0.98979,195,18
2026-05-25 09:00:00,0.9898,0.99001,0.98977,0.98984,187,18
2026-05-25 09:10:00,0.98984,0.99006,0.98984,0.98991,196,18
2026-05-25 09:20:00,0.98992,0.98998,0.9898,0.98981,140,18
2026-05-25 09:30:00,0.98981,0.9901,0.98981,0.98999,192,18
2026-05-25 09:40:00,0.98998,0.99013,0.9899,0.98991,86,18
2026-05-25 09:50:00,0.98991,0.98998,0.98985,0.98993,130,18
2026-05-25 10:00:00,0.98994,0.99018,0.98992,0.99015,159,18
2026-05-25 10:10:00,0.99015,0.99026,0.99009,0.99022,140,18
2026-05-25 10:20:00,0.99022,0.99023,0.98996,0.98997,151,18
2026-05-25 10:30:00,0.98997,0.98999,0.98977,0.98978,115,18
2026-05-25 10:40:00,0.98978,0.99002,0.98978,0.98993,125,18
2026-05-25 10:50:00,0.98993,0.99001,0.9898,0.98986,95,18
2026-05-25 11:00:00,0.98985,0.98998,0.98979,0.98997,142,18
2026-05-25 11:10:00,0.98997,0.9901,0.98993,0.99005,126,18
2026-05-25 11:20:00,0.99005,0.99007,0.98981,0.98991,94,18
2026-05-25 11:30:00,0.98991,0.99044,0.98991,0.99043,194,18
2026-05-25 11:40:00,0.99043,0.99056,0.99031,0.99037,246,18
2026-05-25 11:50:00,0.99037,0.99044,0.9901,0.99012,203,18
2026-05-25 12:00:00,0.99011,0.99031,0.98998,0.9902,215,18
2026-05-25 12:10:00,0.9902,0.99042,0.9902,0.99026,184,18
2026-05-25 12:20:00,0.99029,0.99042,0.99016,0.99024,237,18
2026-05-25 12:30:00,0.99024,0.99037,0.99014,0.99025,203,18
2026-05-25 12:40:00,0.99025,0.99049,0.98997,0.98999,227,18
2026-05-25 12:50:00,0.98998,0.99,0.98964,0.98976,188,18
2026-05-25 13:00:00,0.98976,0.9901,0.98966,0.98996,229,18
2026-05-25 13:10:00,0.98997,0.98998,0.98965,0.98969,203,18
2026-05-25 13:20:00,0.98969,0.98981,0.98966,0.98969,204,18
2026-05-25 13:30:00,0.9897,0.99,0.98969,0.98994,222,18
2026-05-25 13:40:00,0.98995,0.98999,0.98961,0.9898,207,18
2026-05-25 13:50:00,0.9898,0.99008,0.98977,0.9898,188,18
2026-05-25 14:00:00,0.9898,0.99002,0.98979,0.98989,195,18
2026-05-25 14:10:00,0.98989,0.98989,0.98965,0.98985,148,18
2026-05-25 14:20:00,0.98988,0.98994,0.98976,0.98989,185,18
2026-05-25 14:30:00,0.98989,0.98991,0.98969,0.98983,196,18
2026-05-25 14:40:00,0.98983,0.98995,0.98975,0.98988,197,18
2026-05-25 14:50:00,0.98987,0.99057,0.98985,0.99054,223,18
2026-05-25 15:00:00,0.99051,0.99051,0.98995,0.98995,243,18
2026-05-25 15:10:00,0.98995,0.9907,0.98995,0.99029,378,18
2026-05-25 15:20:00,0.99029,0.99044,0.99026,0.99036,214,18
2026-05-25 15:30:00,0.99034,0.99034,0.99001,0.99002,141,18
2026-05-25 15:40:00,0.99001,0.99001,0.98979,0.9898,163,18
2026-05-25 15:50:00,0.9898,0.9898,0.98945,0.98955,126,18
2026-05-25 16:00:00,0.98953,0.98961,0.98929,0.9894,153,18
2026-05-25 16:10:00,0.9894,0.98969,0.98935,0.98942,151,18
2026-05-25 16:20:00,0.98942,0.98959,0.98936,0.98946,131,18
2026-05-25 16:30:00,0.98945,0.98976,0.98943,0.98973,180,18
2026-05-25 16:40:00,0.98973,0.98988,0.98959,0.98984,126,18
2026-05-25 16:50:00,0.98985,0.99006,0.9898,0.99003,161,18
2026-05-25 17:00:00,0.99003,0.99007,0.98994,0.99006,62,18
2026-05-25 17:10:00,0.99006,0.99021,0.98992,0.9902,79,18
2026-05-25 17:20:00,0.9902,0.99041,0.99016,0.99037,77,18
2026-05-25 17:30:00,0.99037,0.99042,0.99016,0.99019,57,18
2026-05-25 17:40:00,0.99019,0.99035,0.99019,0.99026,55,18
2026-05-25 17:50:00,0.99026,0.99035,0.99024,0.99032,55,18
2026-05-25 18:00:00,0.99032,0.99033,0.99016,0.99024,52,18
2026-05-25 18:10:00,0.99024,0.99038,0.99023,0.99038,42,18
2026-05-25 18:20:00,0.99038,0.99039,0.99022,0.99023,52,18
2026-05-25 18:30:00,0.99023,0.99031,0.99023,0.9903,29,18
2026-05-25 18:40:00,0.9903,0.99032,0.99018,0.9902,66,18
2026-05-25 18:50:00,0.9902,0.99037,0.9902,0.99036,60,18
2026-05-25 19:00:00,0.99035,0.99037,0.99027,0.99035,51,18
2026-05-25 19:10:00,0.99034,0.9904,0.99032,0.99035,40,18
2026-05-25 19:20:00,0.99035,0.99042,0.99033,0.9904,40,18
2026-05-25 19:30:00,0.99041,0.99042,0.99018,0.99022,81,18
2026-05-25 19:40:00,0.99022,0.99028,0.99013,0.99019,45,18
2026-05-25 19:50:00,0.99019,0.9902,0.99011,0.99011,55,18
2026-05-25 20:00:00,0.99011,0.99023,0.99011,0.99017,63,18
2026-05-25 20:10:00,0.99017,0.99021,0.99014,0.99018,44,18
2026-05-25 20:20:00,0.99018,0.99027,0.99015,0.99027,77,18
2026-05-25 20:30:00,0.99025,0.99029,0.99011,0.99011,82,18
2026-05-25 20:40:00,0.99011,0.99023,0.99004,0.99014,78,18
2026-05-25 20:50:00,0.99014,0.99029,0.99013,0.99028,63,18
2026-05-25 21:00:00,0.99027,0.99027,0.99027,0.99027,1,22
2026-05-25 21:10:00,0.99028,0.99028,0.99016,0.99016,44,22
2026-05-25 21:20:00,0.99018,0.99024,0.99012,0.99016,36,27
2026-05-25 21:30:00,0.99016,0.99019,0.98944,0.98944,72,31
2026-05-25 21:40:00,0.98945,0.9896,0.98942,0.9896,122,64
2026-05-25 21:50:00,0.98958,0.98989,0.98958,0.98983,132,24
2026-05-25 22:00:00,0.98989,0.9901,0.98978,0.98995,116,20
2026-05-25 22:10:00,0.98994,0.99011,0.98987,0.98997,79,18
2026-05-25 22:20:00,0.98997,0.99016,0.98992,0.99,95,18
2026-05-25 22:30:00,0.99,0.99008,0.98988,0.99,136,18
2026-05-25 22:40:00,0.99,0.99016,0.98992,0.99016,104,18
2026-05-25 22:50:00,0.99016,0.99019,0.99004,0.99005,127,18
2026-05-25 23:00:00,0.99008,0.99032,0.99007,0.99018,105,18
2026-05-25 23:10:00,0.99019,0.99025,0.99011,0.99019,72,18
2026-05-25 23:20:00,0.99021,0.99028,0.99008,0.99012,138,18
2026-05-25 23:30:00,0.99012,0.99013,0.98973,0.98973,133,18
2026-05-25 23:40:00,0.98974,0.99006,0.98967,0.9898,197,18
2026-05-25 23:50:00,0.9898,0.9898,0.98951,0.98954,165,18
2026-05-26 00:00:00,0.98957,0.98957,0.98927,0.98939,343,18
2026-05-26 00:10:00,0.9894,0.98973,0.98913,0.98925,291,18
2026-05-26 00:20:00,0.98924,0.98963,0.98923,0.98958,256,18
2026-05-26 00:30:00,0.98958,0.98975,0.98953,0.98955,225,18
2026-05-26 00:40:00,0.98955,0.98963,0.98938,0.98941,229,18
2026-05-26 00:50:00,0.98941,0.98967,0.98925,0.98964,203,18
2026-05-26 01:00:00,0.98965,0.98973,0.98906,0.98915,317,18
2026-05-26 01:10:00,0.98916,0.98951,0.98902,0.98931,290,18
2026-05-26 01:20:00,0.98933,0.98959,0.98896,0.98948,273,18
2026-05-26 01:30:00,0.98949,0.98959,0.98896,0.98902,282,18
2026-05-26 01:40:00,0.98903,0.98933,0.98889,0.98925,284,18
2026-05-26 01:50:00,0.98927,0.98954,0.98909,0.98926,243,18
2026-05-26 02:00:00,0.98926,0.98945,0.98915,0.98933,217,18
2026-05-26 02:10:00,0.98932,0.98932,0.98909,0.98927,155,18
2026-05-26 02:20:00,0.98926,0.98942,0.98911,0.98935,182,18
2026-05-26 02:30:00,0.98937,0.98946,0.98925,0.98927,205,18
2026-05-26 02:40:00,0.98927,0.98938,0.989,0.98937,195,18
2026-05-26 02:50:00,0.98937,0.98956,0.98923,0.98943,151,18
2026-05-26 03:00:00,0.98944,0.98994,0.9894,0.98983,160,18
2026-05-26 03:10:00,0.98983,0.98994,0.98964,0.98986,163,18
2026-05-26 03:20:00,0.98986,0.99015,0.98985,0.98987,153,18
2026-05-26 03:30:00,0.98988,0.98996,0.98979,0.98979,129,18
2026-05-26 03:40:00,0.98979,0.99005,0.98979,0.98998,132,18
2026-05-26 03:50:00,0.98998,0.99001,0.98989,0.98992,116,18
2026-05-26 04:00:00,0.98992,0.99002,0.9896,0.98977,152,18
2026-05-26 04:10:00,0.98978,0.99001,0.98978,0.9899,122,18
2026-05-26 04:20:00,0.9899,0.98994,0.98968,0.98969,99,18
2026-05-26 04:30:00,0.98969,0.98969,0.98921,0.98923,158,18
2026-05-26 04:40:00,0.98922,0.98931,0.98902,0.98916,179,18
2026-05-26 04:50:00,0.98916,0.98918,0.98887,0.98888,131,18
2026-05-26 05:00:00,0.98885,0.98894,0.98841,0.98865,241,18
2026-05-26 05:10:00,0.98865,0.98892,0.9886,0.98875,141,18
2026-05-26 05:20:00,0.98875,0.98893,0.98875,0.9889,120,18
2026-05-26 05:30:00,0.9889,0.98908,0.9889,0.98901,169,18
2026-05-26 05:40:00,0.98901,0.98906,0.98882,0.98892,195,18
2026-05-26 05:50:00,0.98893,0.98901,0.98881,0.98894,165,18
2026-05-26 06:00:00,0.98895,0.9891,0.98883,0.98894,228,18
2026-05-26 06:10:00,0.98894,0.98924,0.98892,0.9891,170,18
2026-05-26 06:20:00,0.98909,0.98983,0.98906,0.98933,255,18
2026-05-26 06:30:00,0.98933,0.98968,0.98916,0.98962,265,18
2026-05-26 06:40:00,0.98959,0.98963,0.98943,0.98944,175,18
2026-05-26 06:50:00,0.98944,0.98979,0.98941,0.98947,199,18
2026-05-26 07:00:00,0.98949,0.98957,0.98839,0.98869,417,18
2026-05-26 07:10:00,0.98868,0.98918,0.98865,0.98885,297,18
2026-05-26 07:20:00,0.98887,0.98896,0.98857,0.98866,222,18
2026-05-26 07:30:00,0.98867,0.98905,0.98813,0.98828,403,18
2026-05-26 07:40:00,0.98827,0.98877,0.98813,0.98876,228,18
2026-05-26 07:50:00,0.98877,0.98886,0.98832,0.98878,223,18
2026-05-26 08:00:00,0.9888,0.98895,0.9884,0.98864,281,18
2026-05-26 08:10:00,0.98864,0.98891,0.98856,0.98876,244,18
2026-05-26 08:20:00,0.98875,0.9889,0.9886,0.98876,231,18
2026-05-26 08:30:00,0.98877,0.98889,0.98855,0.98877,259,18
2026-05-26 08:40:00,0.98879,0.98881,0.98848,0.98848,220,18
2026-05-26 08:50:00,0.98848,0.98878,0.98832,0.98869,196,18
2026-05-26 09:00:00,0.98869,0.9887,0.98815,0.98824,276,18
2026-05-26 09:10:00,0.98823,0.98861,0.9882,0.9885,246,18
2026-05-26 09:20:00,0.98849,0.98872,0.9883,0.98869,227,18
2026-05-26 09:30:00,0.98868,0.98887,0.98862,0.98868,207,18
2026-05-26 09:40:00,0.98869,0.98874,0.98835,0.98861,198,18
2026-05-26 09:50:00,0.9886,0.98868,0.98839,0.98852,202,18
2026-05-26 10:00:00,0.98852,0.98863,0.98828,0.98837,210,18
2026-05-26 10:10:00,0.98837,0.98857,0.98836,0.98855,196,18
2026-05-26 10:20:00,0.98856,0.98894,0.98852,0.9888,215,18
2026-05-26 10:30:00,0.9888,0.98915,0.98874,0.98877,279,18
2026-05-26 10:40:00,0.98877,0.98904,0.98874,0.98894,232,18
2026-05-26 10:50:00,0.98895,0.98903,0.98875,0.98875,216,18
2026-05-26 11:00:00,0.98874,0.98914,0.98868,0.98908,208,18
2026-05-26 11:10:00,0.98908,0.98935,0.98904,0.98924,183,18
2026-05-26 11:20:00,0.98923,0.98937,0.98918,0.98928,160,18
2026-05-26 11:30:00,0.98928,0.98949,0.98862,0.98906,309,18
2026-05-26 11:40:00,0.98906,0.98932,0.98897,0.98919,236,18
2026-05-26 11:50:00,0.98919,0.98951,0.98915,0.9894,246,18
2026-05-26 12:00:00,0.9894,0.98967,0.98923,0.98959,285,18
2026-05-26 12:10:00,0.98959,0.98974,0.98941,0.98963,270,18
2026-05-26 12:20:00,0.98964,0.99016,0.98964,0.99016,207,18
2026-05-26 12:30:00,0.99014,0.99019,0.98997,0.99004,185,18
2026-05-26 12:40:00,0.99006,0.99052,0.99005,0.99036,228,18
2026-05-26 12:50:00,0.99037,0.99057,0.99026,0.99035,234,18
2026-05-26 13:00:00,0.99032,0.99065,0.99028,0.99063,241,18
2026-05-26 13:10:00,0.99062,0.99062,0.99039,0.99055,248,18
2026-05-26 13:20:00,0.99054,0.99106,0.99053,0.99064,263,18
2026-05-26 13:30:00,0.99064,0.99087,0.98994,0.99012,383,18
2026-05-26 13:40:00,0.9901,0.99062,0.99006,0.99041,394,18
2026-05-26 13:50:00,0.99042,0.99045,0.98919,0.98967,500,18
2026-05-26 14:00:00,0.9897,0.99001,0.9894,0.98958,410,18
2026-05-26 14:10:00,0.98961,0.98976,0.98939,0.98942,356,18
2026-05-26 14:20:00,0.98942,0.98983,0.98923,0.9894,367,18
2026-05-26 14:30:00,0.98937,0.9898,0.98912,0.98935,395,18
2026-05-26 14:40:00,0.98935,0.98965,0.9891,0.98921,342,18
2026-05-26 14:50:00,0.98921,0.98973,0.98918,0.98955,394,18
2026-05-26 15:00:00,0.98956,0.98963,0.98926,0.98944,391,18
2026-05-26 15:10:00,0.98942,0.98972,0.98921,0.98923,300,18
2026-05-26 15:20:00,0.98924,0.9893,0.98891,0.98894,286,18
2026-05-26 15:30:00,0.98894,0.98913,0.98849,0.98868,326,18
2026-05-26 15:40:00,0.98868,0.98872,0.98841,0.98843,287,18
2026-05-26 15:50:00,0.98844,0.98853,0.9883,0.98838,280,18
2026-05-26 16:00:00,0.98837,0.98875,0.98836,0.98875,243,18
2026-05-26 16:10:00,0.98877,0.98897,0.98868,0.98894,211,18
2026-05-26 16:20:00,0.98894,0.98916,0.98877,0.98913,196,18
2026-05-26 16:30:00,0.98913,0.98939,0.98904,0.98914,231,18
2026-05-26 16:40:00,0.98914,0.98918,0.98856,0.98861,237,18
2026-05-26 16:50:00,0.98861,0.98923,0.98861,0.98921,263,18
2026-05-26 17:00:00,0.9892,0.98939,0.98915,0.98916,229,18
2026-05-26 17:10:00,0.98917,0.98921,0.98906,0.9891,169,18
2026-05-26 17:20:00,0.98909,0.98934,0.98905,0.98928,209,18
2026-05-26 17:30:00,0.98926,0.98954,0.98921,0.98947,209,18
2026-05-26 17:40:00,0.98946,0.98952,0.98931,0.98951,187,18
2026-05-26 17:50:00,0.98951,0.98966,0.98946,0.98957,171,18
2026-05-26 18:00:00,0.98957,0.98965,0.98936,0.98965,199,18
2026-05-26 18:10:00,0.98965,0.98995,0.98961,0.98993,194,18
2026-05-26 18:20:00,0.98993,0.99,0.98979,0.9899,205,18
2026-05-26 18:30:00,0.98991,0.99018,0.98991,0.99005,226,18
2026-05-26 18:40:00,0.99004,0.99005,0.98992,0.98999,145,18
2026-05-26 18:50:00,0.98999,0.99016,0.98991,0.98997,186,18
2026-05-26 19:00:00,0.98997,0.99003,0.98986,0.99003,161,18
2026-05-26 19:10:00,0.99003,0.99013,0.98998,0.99,143,18
2026-05-26 19:20:00,0.99,0.99016,0.98995,0.99007,128,18
2026-05-26 19:30:00,0.99006,0.99024,0.99006,0.99019,116,18
2026-05-26 19:40:00,0.9902,0.99036,0.99019,0.99036,112,18
2026-05-26 19:50:00,0.99037,0.99042,0.9898,0.98988,220,18
2026-05-26 20:00:00,0.98988,0.9901,0.98978,0.98986,154,18
2026-05-26 20:10:00,0.98986,0.98996,0.98985,0.9899,75,18
2026-05-26 20:20:00,0.9899,0.99,0.98985,0.98994,77,18
2026-05-26 20:30:00,0.98996,0.99,0.98981,0.98983,80,18
2026-05-26 20:40:00,0.98983,0.98989,0.9898,0.98984,79,18
2026-05-26 20:50:00,0.98983,0.98993,0.9897,0.98975,108,18
2026-05-26 21:00:00,0.98975,0.9898,0.98965,0.98978,225,22
2026-05-26 21:10:00,0.98976,0.98978,0.98965,0.98974,127,46
2026-05-26 21:20:00,0.98975,0.98981,0.98974,0.98978,37,52
2026-05-26 21:30:00,0.98977,0.98981,0.98973,0.9898,47,38
2026-05-26 21:40:00,0.98981,0.98989,0.9897,0.98978,108,29
2026-05-26 21:50:00,0.98979,0.98986,0.98968,0.98977,73,24
2026-05-26 22:00:00,0.9898,0.98989,0.98963,0.98963,95,19
2026-05-26 22:10:00,0.98966,0.98979,0.98958,0.98975,75,18
2026-05-26 22:20:00,0.98975,0.98988,0.98973,0.98979,99,18
2026-05-26 22:30:00,0.98979,0.98991,0.98974,0.98985,90,18
2026-05-26 22:40:00,0.98981,0.98991,0.98971,0.98976,63,18
2026-05-26 22:50:00,0.98976,0.98982,0.98964,0.98971,141,18
2026-05-26 23:00:00,0.98971,0.98989,0.9897,0.98974,107,18
2026-05-26 23:10:00,0.98974,0.98977,0.98966,0.98975,62,18
2026-05-26 23:20:00,0.98975,0.98991,0.9897,0.98986,108,18
2026-05-26 23:30:00,0.98984,0.99009,0.98983,0.99009,68,18
2026-05-26 23:40:00,0.99008,0.99029,0.99007,0.99014,141,18
2026-05-26 23:50:00,0.99011,0.99021,0.98994,0.98998,145,18
2026-05-27 00:00:00,0.98998,0.99013,0.98985,0.98994,260,18
2026-05-27 00:10:00,0.98995,0.99025,0.98986,0.99012,249,18
2026-05-27 00:20:00,0.99014,0.99045,0.99001,0.99041,219,18
2026-05-27 00:30:00,0.99041,0.99068,0.99034,0.99055,191,18
2026-05-27 00:40:00,0.99058,0.99097,0.99054,0.9909,167,18
2026-05-27 00:50:00,0.9909,0.99097,0.99048,0.99063,240,18
2026-05-27 01:00:00,0.99063,0.99086,0.99055,0.99079,264,18
2026-05-27 01:10:00,0.99081,0.99111,0.99078,0.991,202,18
2026-05-27 01:20:00,0.99097,0.99111,0.99077,0.99093,171,18
2026-05-27 01:30:00,0.99096,0.99096,0.98845,0.98864,631,18
2026-05-27 01:40:00,0.98867,0.98917,0.98845,0.98871,279,18
2026-05-27 01:50:00,0.9887,0.9887,0.98796,0.98835,359,18
2026-05-27 02:00:00,0.98841,0.98912,0.98818,0.98908,502,18
2026-05-27 02:10:00,0.98909,0.98921,0.98864,0.98866,284,18
2026-05-27 02:20:00,0.98866,0.98879,0.9883,0.98838,252,18
2026-05-27 02:30:00,0.98838,0.98862,0.98835,0.98851,243,18
2026-05-27 02:40:00,0.98851,0.98894,0.9885,0.98894,227,18
2026-05-27 02:50:00,0.98894,0.98934,0.98874,0.98899,243,18
2026-05-27 03:00:00,0.98899,0.98956,0.98889,0.98944,284,18
2026-05-27 03:10:00,0.98945,0.98946,0.98888,0.98896,196,18
2026-05-27 03:20:00,0.98896,0.98897,0.98869,0.98896,206,18
2026-05-27 03:30:00,0.98896,0.98911,0.98854,0.98869,264,18
2026-05-27 03:40:00,0.98869,0.98876,0.9885,0.98851,192,18
2026-05-27 03:50:00,0.98851,0.98885,0.98843,0.98875,207,18
2026-05-27 04:00:00,0.98875,0.98894,0.98848,0.98894,208,18
2026-05-27 04:10:00,0.98891,0.98909,0.98881,0.98887,196,18
2026-05-27 04:20:00,0.98886,0.98916,0.98871,0.98873,206,18
2026-05-27 04:30:00,0.9887,0.98889,0.98862,0.98888,209,18
2026-05-27 04:40:00,0.98887,0.98915,0.98878,0.9891,202,18
2026-05-27 04:50:00,0.98911,0.98914,0.98871,0.98877,157,18
2026-05-27 05:00:00,0.98876,0.98891,0.98855,0.98891,189,18
2026-05-27 05:10:00,0.98891,0.98893,0.98863,0.98864,171,18
2026-05-27 05:20:00,0.98864,0.98885,0.98857,0.98884,187,18
2026-05-27 05:30:00,0.98884,0.98895,0.98818,0.98851,300,18
2026-05-27 05:40:00,0.98851,0.98863,0.98831,0.98843,242,18
2026-05-27 05:50:00,0.98843,0.98861,0.98822,0.98822,251,18
2026-05-27 06:00:00,0.98822,0.98846,0.98802,0.98844,297,18
2026-05-27 06:10:00,0.98847,0.98858,0.98778,0.98787,247,18
2026-05-27 06:20:00,0.98789,0.98796,0.98734,0.98757,297,18
2026-05-27 06:30:00,0.98759,0.98804,0.98751,0.98791,271,18
2026-05-27 06:40:00,0.98791,0.98809,0.98774,0.98796,271,18
2026-05-27 06:50:00,0.98796,0.98797,0.98739,0.98746,268,18
2026-05-27 07:00:00,0.98748,0.98785,0.98737,0.98742,314,18
2026-05-27 07:10:00,0.98742,0.98793,0.98734,0.98785,198,18
2026-05-27 07:20:00,0.98784,0.98786,0.98722,0.98755,280,18
2026-05-27 07:30:00,0.98756,0.98764,0.98705,0.98707,241,18
2026-05-27 07:40:00,0.98707,0.98731,0.98683,0.98688,251,18
2026-05-27 07:50:00,0.98688,0.98708,0.98664,0.98696,307,18
2026-05-27 08:00:00,0.98694,0.98731,0.98686,0.98699,320,18
2026-05-27 08:10:00,0.98699,0.98705,0.98653,0.98678,338,18
2026-05-27 08:20:00,0.98678,0.98693,0.98649,0.98674,259,18
2026-05-27 08:30:00,0.98674,0.98695,0.98658,0.98673,228,18
2026-05-27 08:40:00,0.98674,0.98723,0.98674,0.98708,205,18
2026-05-27 08:50:00,0.98708,0.98752,0.98708,0.98741,214,18
2026-05-27 09:00:00,0.98742,0.9875,0.98718,0.98724,202,18
2026-05-27 09:10:00,0.98726,0.98768,0.98716,0.98767,208,18
2026-05-27 09:20:00,0.98768,0.98775,0.98736,0.98746,184,18
2026-05-27 09:30:00,0.98746,0.98764,0.98741,0.98757,170,18
2026-05-27 09:40:00,0.98759,0.9876,0.98696,0.98717,156,18
2026-05-27 09:50:00,0.9872,0.98762,0.9872,0.98726,212,18
2026-05-27 10:00:00,0.98725,0.98757,0.98722,0.98749,205,18
2026-05-27 10:10:00,0.98746,0.98758,0.98739,0.98744,202,18
2026-05-27 10:20:00,0.98744,0.98757,0.98716,0.9872,222,18
2026-05-27 10:30:00,0.98718,0.98761,0.98714,0.98738,192,18
2026-05-27 10:40:00,0.98735,0.98746,0.98705,0.98739,232,18
2026-05-27 10:50:00,0.98738,0.98739,0.9867,0.98691,231,18
2026-05-27 11:00:00,0.98694,0.9871,0.98667,0.9867,270,18
2026-05-27 11:10:00,0.98671,0.98686,0.98653,0.9867,245,18
2026-05-27 11:20:00,0.9867,0.98686,0.98657,0.98664,234,18
2026-05-27 11:30:00,0.98663,0.98685,0.98635,0.98665,243,18
2026-05-27 11:40:00,0.98665,0.98691,0.98644,0.98652,274,18
2026-05-27 11:50:00,0.9865,0.9866,0.98638,0.98653,209,18
2026-05-27 12:00:00,0.98653,0.98656,0.98625,0.98631,295,18
2026-05-27 12:10:00,0.9863,0.98709,0.98556,0.98657,537,18
2026-05-27 12:20:00,0.98654,0.98803,0.98627,0.98786,767,18
2026-05-27 12:30:00,0.98788,0.98811,0.98683,0.98697,563,18
2026-05-27 12:40:00,0.98699,0.98705,0.98638,0.9866,437,18
2026-05-27 12:50:00,0.9866,0.98685,0.98623,0.98637,336,18
2026-05-27 13:00:00,0.98634,0.98695,0.98628,0.98637,429,18
2026-05-27 13:10:00,0.98638,0.98687,0.98638,0.98677,393,18
2026-05-27 13:20:00,0.98676,0.98704,0.98636,0.98659,380,18
2026-05-27 13:30:00,0.98656,0.987,0.98628,0.98663,484,18
2026-05-27 13:40:00,0.98663,0.98715,0.98641,0.98658,473,18
2026-05-27 13:50:00,0.9866,0.98684,0.98643,0.98676,427,18
2026-05-27 14:00:00,0.98679,0.98695,0.98656,0.98679,450,18
2026-05-27 14:10:00,0.98682,0.9872,0.98666,0.98713,386,18
2026-05-27 14:20:00,0.98712,0.98719,0.98642,0.98663,453,18
2026-05-27 14:30:00,0.9866,0.98683,0.9858,0.9865,618,18
2026-05-27 14:40:00,0.98652,0.98674,0.98604,0.98644,421,18
2026-05-27 14:50:00,0.98641,0.98699,0.98641,0.98692,500,18
2026-05-27 15:00:00,0.98689,0.98725,0.98673,0.98689,454,18
2026-05-27 15:10:00,0.98689,0.98722,0.9868,0.98715,330,18
2026-05-27 15:20:00,0.98715,0.98728,0.98704,0.98719,318,18
2026-05-27 15:30:00,0.98721,0.98744,0.98683,0.9869,397,18
2026-05-27 15:40:00,0.9869,0.98714,0.98633,0.98645,360,18
2026-05-27 15:50:00,0.98646,0.98682,0.98639,0.98673,327,18
2026-05-27 16:00:00,0.98675,0.98696,0.98651,0.98678,379,18
2026-05-27 16:10:00,0.9868,0.98698,0.98671,0.98677,259,18
2026-05-27 16:20:00,0.98677,0.98693,0.98669,0.98681,262,18
2026-05-27 16:30:00,0.9868,0.98712,0.98671,0.98695,233,18
2026-05-27 16:40:00,0.98695,0.98729,0.98695,0.98727,197,18
2026-05-27 16:50:00,0.98728,0.98729,0.98686,0.98695,220,18
2026-05-27 17:00:00,0.98696,0.98709,0.98654,0.98658,334,18
2026-05-27 17:10:00,0.98658,0.98674,0.98652,0.98653,285,18
2026-05-27 17:20:00,0.98653,0.98658,0.98638,0.98651,218,18
2026-05-27 17:30:00,0.9865,0.98665,0.98645,0.98654,224,18
2026-05-27 17:40:00,0.98654,0.9868,0.98649,0.98679,184,18
2026-05-27 17:50:00,0.9868,0.98692,0.98671,0.98675,192,18
2026-05-27 18:00:00,0.98672,0.98695,0.98667,0.98689,188,18
2026-05-27 18:10:00,0.98689,0.98695,0.9868,0.98689,187,18
2026-05-27 18:20:00,0.98688,0.98719,0.98688,0.98719,203,18
2026-05-27 18:30:00,0.9872,0.98724,0.98697,0.9872,170,18
2026-05-27 18:40:00,0.9872,0.98743,0.98717,0.98741,154,18
2026-05-27 18:50:00,0.98741,0.98757,0.98733,0.98753,203,18
2026-05-27 19:00:00,0.98753,0.98767,0.98741,0.98755,194,18
2026-05-27 19:10:00,0.98754,0.9876,0.98741,0.98759,170,18
2026-05-27 19:20:00,0.98759,0.9876,0.98733,0.9874,165,18
2026-05-27 19:30:00,0.9874,0.98773,0.98736,0.9877,182,18
2026-05-27 19:40:00,0.9877,0.98776,0.98759,0.98769,169,18
2026-05-27 19:50:00,0.98766,0.98779,0.98762,0.98772,207,18
2026-05-27 20:00:00,0.9877,0.98792,0.98759,0.98789,142,18
2026-05-27 20:10:00,0.98789,0.98789,0.98774,0.98779,108,18
2026-05-27 20:20:00,0.9878,0.98794,0.98773,0.98791,92,18
2026-05-27 20:30:00,0.98788,0.98817,0.98788,0.98806,84,18
2026-05-27 20:40:00,0.98806,0.98824,0.98805,0.98811,99,18
2026-05-27 20:50:00,0.98811,0.98833,0.9881,0.98814,126,18
2026-05-27 21:00:00,0.98813,0.98813,0.98813,0.98813,1,32
2026-05-27 21:10:00,0.98812,0.98812,0.9881,0.9881,2,32
2026-05-27 21:20:00,0.98812,0.98814,0.98812,0.98814,2,32
2026-05-27 21:30:00,0.98812,0.98812,0.98695,0.98733,178,34
2026-05-27 21:40:00,0.98733,0.98775,0.98732,0.98766,198,66
2026-05-27 21:50:00,0.98765,0.98774,0.98757,0.98774,108,25
2026-05-27 22:00:00,0.98774,0.9882,0.98774,0.988,94,28
2026-05-27 22:10:00,0.98799,0.98815,0.98788,0.98809,83,18
2026-05-27 22:20:00,0.98809,0.98818,0.98805,0.98813,96,18
2026-05-27 22:30:00,0.98813,0.98815,0.988,0.988,90,18
2026-05-27 22:40:00,0.98806,0.98816,0.98802,0.98811,69,18
2026-05-27 22:50:00,0.98811,0.98822,0.98806,0.98815,65,18
2026-05-27 23:00:00,0.98814,0.98826,0.98811,0.98826,64,18
2026-05-27 23:10:00,0.98827,0.98842,0.9882,0.98839,113,18
2026-05-27 23:20:00,0.98839,0.98841,0.98789,0.98798,211,18
2026-05-27 23:30:00,0.98799,0.9881,0.98763,0.98777,187,18
2026-05-27 23:40:00,0.98778,0.98782,0.98758,0.9877,171,18
2026-05-27 23:50:00,0.98768,0.9877,0.98729,0.98732,223,18
2026-05-28 00:00:00,0.98729,0.98756,0.98697,0.9874,397,18
2026-05-28 00:10:00,0.98737,0.98759,0.98722,0.98749,262,18
2026-05-28 00:20:00,0.98749,0.98769,0.98745,0.98752,254,18
2026-05-28 00:30:00,0.98753,0.98753,0.98689,0.98705,309,18
2026-05-28 00:40:00,0.98705,0.98724,0.98699,0.9872,233,18
2026-05-28 00:50:00,0.98719,0.98743,0.98697,0.98737,254,18
2026-05-28 01:00:00,0.98734,0.98761,0.98718,0.98743,297,18
2026-05-28 01:10:00,0.98743,0.98759,0.98695,0.98701,310,18
2026-05-28 01:20:00,0.98701,0.98711,0.98664,0.98671,262,18
2026-05-28 01:30:00,0.98672,0.98674,0.9862,0.98638,304,18
2026-05-28 01:40:00,0.98636,0.98636,0.98599,0.98621,285,18
2026-05-28 01:50:00,0.98621,0.98639,0.98579,0.98611,290,18
2026-05-28 02:00:00,0.9861,0.98638,0.98595,0.98637,284,18
2026-05-28 02:10:00,0.98636,0.98664,0.98626,0.98656,228,18
2026-05-28 02:20:00,0.98655,0.98676,0.98653,0.98669,193,18
2026-05-28 02:30:00,0.98669,0.98686,0.98664,0.98681,158,18
2026-05-28 02:40:00,0.98681,0.98682,0.98621,0.98652,265,18
2026-05-28 02:50:00,0.98652,0.98669,0.98648,0.98667,184,18
2026-05-28 03:00:00,0.98667,0.98706,0.98645,0.98653,271,18
2026-05-28 03:10:00,0.98653,0.98653,0.98546,0.98564,374,18
2026-05-28 03:20:00,0.98565,0.98571,0.98527,0.98538,277,18
2026-05-28 03:30:00,0.98538,0.98551,0.98486,0.98507,402,18
2026-05-28 03:40:00,0.98507,0.98527,0.98466,0.98472,399,18
2026-05-28 03:50:00,0.98471,0.9849,0.98446,0.98478,331,18
2026-05-28 04:00:00,0.98476,0.98499,0.98423,0.98463,394,18
2026-05-28 04:10:00,0.98464,0.98495,0.9846,0.98461,309,18
2026-05-28 04:20:00,0.98458,0.98458,0.98416,0.98431,335,18
2026-05-28 04:30:00,0.98433,0.98449,0.98405,0.98438,291,18
2026-05-28 04:40:00,0.98439,0.98443,0.98425,0.98439,212,18
2026-05-28 04:50:00,0.9844,0.98465,0.98431,0.98458,227,18
2026-05-28 05:00:00,0.98458,0.98482,0.98425,0.98479,273,18
2026-05-28 05:10:00,0.9848,0.98507,0.98471,0.985,265,18
2026-05-28 05:20:00,0.98501,0.98588,0.98499,0.9858,268,18
2026-05-28 05:30:00,0.98584,0.98623,0.98574,0.98597,337,18
2026-05-28 05:40:00,0.986,0.98619,0.9857,0.98606,282,18
2026-05-28 05:50:00,0.98606,0.98638,0.98594,0.98598,230,18
2026-05-28 06:00:00,0.98601,0.98614,0.98587,0.98608,272,18
2026-05-28 06:10:00,0.98608,0.98673,0.98603,0.9867,298,18
2026-05-28 06:20:00,0.98671,0.98698,0.98637,0.98647,271,18
2026-05-28 06:30:00,0.98649,0.98669,0.98637,0.98651,234,18
2026-05-28 06:40:00,0.98648,0.98655,0.98626,0.98642,193,18
2026-05-28 06:50:00,0.98642,0.98642,0.98607,0.9861,194,18
2026-05-28 07:00:00,0.98613,0.98648,0.98613,0.98634,330,18
2026-05-28 07:10:00,0.98634,0.98646,0.98615,0.98634,274,18
2026-05-28 07:20:00,0.98637,0.98668,0.98633,0.98635,286,18
2026-05-28 07:30:00,0.98637,0.98663,0.98611,0.98617,275,18
2026-05-28 07:40:00,0.98617,0.98646,0.9861,0.98632,278,18
2026-05-28 07:50:00,0.98632,0.98655,0.98618,0.98651,238,18
2026-05-28 08:00:00,0.98654,0.98673,0.98631,0.98643,288,18
2026-05-28 08:10:00,0.98643,0.98644,0.98607,0.98628,235,18
2026-05-28 08:20:00,0.98628,0.9865,0.98594,0.98603,273,18
2026-05-28 08:30:00,0.98604,0.98637,0.98604,0.98625,237,18
2026-05-28 08:40:00,0.98625,0.98632,0.98611,0.98631,227,18
2026-05-28 08:50:00,0.98631,0.9864,0.98605,0.98625,193,18
2026-05-28 09:00:00,0.98624,0.98634,0.98616,0.98631,227,18
2026-05-28 09:10:00,0.98631,0.98694,0.98622,0.98674,182,18
2026-05-28 09:20:00,0.98672,0.98689,0.98663,0.9868,233,18
2026-05-28 09:30:00,0.98681,0.98681,0.98653,0.98669,202,18
2026-05-28 09:40:00,0.98668,0.98692,0.98668,0.98687,214,18
2026-05-28 09:50:00,0.98688,0.98729,0.98688,0.98707,253,18
2026-05-28 10:00:00,0.98706,0.98725,0.98694,0.98715,249,18
2026-05-28 10:10:00,0.98715,0.9874,0.9871,0.9871,263,18
2026-05-28 10:20:00,0.98711,0.98723,0.98691,0.98705,245,18
2026-05-28 10:30:00,0.98705,0.98705,0.98674,0.98677,184,18
2026-05-28 10:40:00,0.98676,0.98677,0.98627,0.98645,252,18
2026-05-28 10:50:00,0.98645,0.9865,0.98571,0.98581,408,18
2026-05-28 11:00:00,0.98579,0.98619,0.98579,0.98611,305,18
2026-05-28 11:10:00,0.98611,0.98615,0.9858,0.98611,254,18
2026-05-28 11:20:00,0.98611,0.98617,0.98556,0.9857,205,18
2026-05-28 11:30:00,0.98568,0.98589,0.98561,0.98579,199,18
2026-05-28 11:40:00,0.98578,0.98586,0.98561,0.98561,216,18
2026-05-28 11:50:00,0.98558,0.98579,0.98557,0.98565,275,18
2026-05-28 12:00:00,0.98564,0.98612,0.98564,0.98599,267,18
2026-05-28 12:10:00,0.98599,0.98613,0.98581,0.98604,249,18
2026-05-28 12:20:00,0.98603,0.98608,0.9857,0.98581,249,18
2026-05-28 12:30:00,0.98581,0.98691,0.98577,0.98653,433,18
2026-05-28 12:40:00,0.98652,0.98693,0.98637,0.98683,380,18
2026-05-28 12:50:00,0.98683,0.98711,0.98679,0.98708,332,18
2026-05-28 13:00:00,0.98706,0.98756,0.98661,0.98666,400,18
2026-05-28 13:10:00,0.98666,0.98705,0.98652,0.98704,296,18
2026-05-28 13:20:00,0.98704,0.98723,0.9868,0.9868,315,18
2026-05-28 13:30:00,0.98683,0.98695,0.98636,0.98636,409,18
2026-05-28 13:40:00,0.98638,0.98664,0.98623,0.98644,366,18
2026-05-28 13:50:00,0.98644,0.98691,0.98643,0.98678,354,18
2026-05-28 14:00:00,0.98672,0.987,0.98663,0.98694,387,18
2026-05-28 14:10:00,0.98697,0.98921,0.98671,0.9885,1119,18
2026-05-28 14:20:00,0.98852,0.98887,0.9882,0.98887,599,18
2026-05-28 14:30:00,0.98885,0.98892,0.98751,0.98806,509,18
2026-05-28 14:40:00,0.98805,0.98875,0.98785,0.98797,578,18
2026-05-28 14:50:00,0.98799,0.98818,0.98724,0.98759,532,18
2026-05-28 15:00:00,0.98762,0.98826,0.98757,0.98804,468,18
2026-05-28 15:10:00,0.98805,0.9883,0.98772,0.98781,393,18
2026-05-28 15:20:00,0.98781,0.98817,0.98781,0.9881,352,18
2026-05-28 15:30:00,0.98807,0.9884,0.98781,0.98812,384,18
2026-05-28 15:40:00,0.9881,0.9882,0.98772,0.98772,335,18
2026-05-28 15:50:00,0.98772,0.98789,0.9875,0.98756,279,18
2026-05-28 16:00:00,0.98757,0.98796,0.98747,0.98795,319,18
2026-05-28 16:10:00,0.98795,0.98842,0.98792,0.98838,341,18
2026-05-28 16:20:00,0.98841,0.98877,0.9882,0.98856,352,18
2026-05-28 16:30:00,0.98856,0.98856,0.98808,0.98817,286,18
2026-05-28 16:40:00,0.98815,0.98845,0.98815,0.98819,275,18
2026-05-28 16:50:00,0.98822,0.9885,0.98816,0.98839,293,18
2026-05-28 17:00:00,0.98841,0.98842,0.98761,0.98768,286,18
2026-05-28 17:10:00,0.98769,0.98794,0.98752,0.98777,246,18
2026-05-28 17:20:00,0.98778,0.98781,0.98751,0.98757,239,18
2026-05-28 17:30:00,0.98758,0.98805,0.98752,0.98795,206,18
2026-05-28 17:40:00,0.98795,0.98798,0.98778,0.98783,214,18
2026-05-28 17:50:00,0.98783,0.98783,0.98753,0.98758,227,18
2026-05-28 18:00:00,0.98757,0.98769,0.98737,0.98744,217,18
2026-05-28 18:10:00,0.98743,0.9876,0.9872,0.98732,291,18
2026-05-28 18:20:00,0.98732,0.98736,0.9871,0.98722,247,18
2026-05-28 18:30:00,0.98722,0.98723,0.98684,0.98691,215,18
2026-05-28 18:40:00,0.98691,0.98706,0.98689,0.98698,175,18
2026-05-28 18:50:00,0.98698,0.98722,0.98697,0.98711,224,18
2026-05-28 19:00:00,0.98709,0.98728,0.987,0.98704,205,18
2026-05-28 19:10:00,0.98703,0.98716,0.98688,0.98698,174,18
2026-05-28 19:20:00,0.98698,0.98702,0.98683,0.98699,159,18
2026-05-28 19:30:00,0.98699,0.98711,0.98688,0.98695,204,18
2026-05-28 19:40:00,0.98695,0.98707,0.9869,0.98696,182,18
2026-05-28 19:50:00,0.98693,0.98704,0.98682,0.98692,255,18
2026-05-28 20:00:00,0.98693,0.98708,0.98684,0.98698,171,18
2026-05-28 20:10:00,0.98696,0.98707,0.98687,0.98702,122,18
2026-05-28 20:20:00,0.98703,0.98707,0.98692,0.98702,92,18
2026-05-28 20:30:00,0.98702,0.98727,0.987,0.98718,105,18
2026-05-28 20:40:00,0.98718,0.98722,0.98696,0.98697,72,18
2026-05-28 20:50:00,0.987,0.98719,0.98692,0.98709,133,18
2026-05-28 21:00:00,0.98708,0.98708,0.98708,0.98708,1,24
2026-05-28 21:10:00,0.98709,0.98709,0.98708,0.98708,2,22
2026-05-28 21:20:00,0.98709,0.9871,0.98709,0.9871,2,22
2026-05-28 21:30:00,0.9871,0.9871,0.98694,0.98695,124,22
2026-05-28 21:40:00,0.98696,0.98703,0.9869,0.98697,155,22
2026-05-28 21:50:00,0.98697,0.98725,0.98695,0.98725,100,22
2026-05-28 22:00:00,0.98747,0.98752,0.98713,0.98733,125,28
2026-05-28 22:10:00,0.98735,0.98737,0.98723,0.9873,67,18
2026-05-28 22:20:00,0.9873,0.98735,0.98724,0.98731,84,18
2026-05-28 22:30:00,0.98731,0.98733,0.98713,0.98722,85,18
2026-05-28 22:40:00,0.98722,0.98728,0.98714,0.98722,94,18
2026-05-28 22:50:00,0.9872,0.98727,0.98711,0.98717,79,18
2026-05-28 23:00:00,0.98718,0.98741,0.98708,0.98728,218,18
2026-05-28 23:10:00,0.98729,0.98732,0.98708,0.98715,144,18
2026-05-28 23:20:00,0.98715,0.98727,0.98708,0.98712,99,18
2026-05-28 23:30:00,0.98713,0.9874,0.98701,0.98735,106,18
2026-05-28 23:40:00,0.98736,0.98736,0.98713,0.98715,114,18
2026-05-28 23:50:00,0.98713,0.98726,0.98696,0.98719,174,18
2026-05-29 00:00:00,0.98716,0.98734,0.98698,0.98698,287,18
2026-05-29 00:10:00,0.98701,0.98745,0.98691,0.98745,190,18
2026-05-29 00:20:00,0.98745,0.98759,0.98729,0.98729,182,18
2026-05-29 00:30:00,0.98727,0.98727,0.98655,0.98659,215,18
2026-05-29 00:40:00,0.98659,0.98681,0.98659,0.98679,195,18
2026-05-29 00:50:00,0.98679,0.98691,0.98666,0.98687,190,18
2026-05-29 01:00:00,0.98687,0.98711,0.98642,0.98699,325,18
2026-05-29 01:10:00,0.98699,0.98724,0.98687,0.98709,260,18
2026-05-29 01:20:00,0.9871,0.9872,0.98693,0.98695,249,18
2026-05-29 01:30:00,0.98696,0.98719,0.98683,0.98693,261,18
2026-05-29 01:40:00,0.98693,0.98723,0.9868,0.98688,224,18
2026-05-29 01:50:00,0.98688,0.98704,0.98686,0.98698,221,18
2026-05-29 02:00:00,0.98698,0.98698,0.98656,0.98663,219,18
2026-05-29 02:10:00,0.98662,0.98678,0.98648,0.98649,166,18
2026-05-29 02:20:00,0.98649,0.98657,0.98627,0.98631,164,18
2026-05-29 02:30:00,0.98631,0.98667,0.9863,0.98663,172,18
2026-05-29 02:40:00,0.98664,0.98719,0.98661,0.98698,213,18
2026-05-29 02:50:00,0.98698,0.98699,0.98645,0.98653,195,18
2026-05-29 03:00:00,0.98653,0.98661,0.98633,0.98652,224,18
2026-05-29 03:10:00,0.98652,0.98664,0.98637,0.98658,158,18
2026-05-29 03:20:00,0.98657,0.98671,0.98641,0.98649,180,18
2026-05-29 03:30:00,0.9865,0.98671,0.98646,0.98653,173,18
2026-05-29 03:40:00,0.98654,0.98666,0.98649,0.9865,152,18
2026-05-29 03:50:00,0.98651,0.98656,0.98631,0.98643,197,18
2026-05-29 04:00:00,0.98645,0.98678,0.98644,0.98664,198,18
2026-05-29 04:10:00,0.98664,0.98674,0.98658,0.98674,143,18
2026-05-29 04:20:00,0.98674,0.98699,0.98674,0.98691,171,18
2026-05-29 04:30:00,0.98691,0.98729,0.98686,0.98729,148,18
2026-05-29 04:40:00,0.98729,0.98742,0.98718,0.98739,138,18
2026-05-29 04:50:00,0.9874,0.98767,0.98726,0.98766,163,18
2026-05-29 05:00:00,0.98765,0.98791,0.9876,0.98783,178,18
2026-05-29 05:10:00,0.98783,0.98784,0.98758,0.98771,170,18
2026-05-29 05:20:00,0.9877,0.98779,0.98763,0.98771,149,18
2026-05-29 05:30:00,0.98772,0.98796,0.98768,0.98774,191,18
2026-05-29 05:40:00,0.98774,0.98774,0.98738,0.98749,152,18
2026-05-29 05:50:00,0.98749,0.98758,0.98737,0.98749,188,18
2026-05-29 06:00:00,0.98749,0.98796,0.98749,0.98783,265,18
2026-05-29 06:10:00,0.98784,0.98785,0.9875,0.98751,197,18
2026-05-29 06:20:00,0.98748,0.98759,0.98721,0.98751,270,18
2026-05-29 06:30:00,0.98751,0.9879,0.98729,0.98734,290,18
2026-05-29 06:40:00,0.98733,0.98757,0.98721,0.98745,214,18
2026-05-29 06:50:00,0.98744,0.98782,0.98728,0.98762,198,18
2026-05-29 07:00:00,0.98762,0.98792,0.98749,0.98782,284,18
2026-05-29 07:10:00,0.98781,0.98832,0.98773,0.98819,219,18
2026-05-29 07:20:00,0.98818,0.9882,0.9877,0.98781,289,18
2026-05-29 07:30:00,0.98781,0.98793,0.98705,0.9874,358,18
2026-05-29 07:40:00,0.98739,0.9878,0.98736,0.98759,261,18
2026-05-29 07:50:00,0.98759,0.98827,0.98759,0.98816,226,18
2026-05-29 08:00:00,0.98813,0.98818,0.98755,0.98768,331,18
2026-05-29 08:10:00,0.98765,0.98781,0.9876,0.98766,234,18
2026-05-29 08:20:00,0.98766,0.98774,0.98746,0.98755,237,18
2026-05-29 08:30:00,0.98755,0.98758,0.98695,0.98709,232,18
2026-05-29 08:40:00,0.98709,0.98725,0.98698,0.98703,201,18
2026-05-29 08:50:00,0.98703,0.98743,0.98689,0.98737,221,18
2026-05-29 09:00:00,0.98736,0.98755,0.98709,0.98726,236,18
2026-05-29 09:10:00,0.98726,0.9881,0.98726,0.98796,272,18
2026-05-29 09:20:00,0.98797,0.98799,0.98762,0.98783,233,18
2026-05-29 09:30:00,0.98784,0.98791,0.98733,0.98747,246,18
2026-05-29 09:40:00,0.98748,0.98783,0.98746,0.98773,199,18
2026-05-29 09:50:00,0.98773,0.98797,0.98755,0.98792,238,18
2026-05-29 10:00:00,0.98792,0.98799,0.9877,0.98796,209,18
2026-05-29 10:10:00,0.98796,0.98809,0.98782,0.98787,194,18
2026-05-29 10:20:00,0.98788,0.98804,0.98766,0.98775,206,18
2026-05-29 10:30:00,0.98774,0.98798,0.98763,0.98798,184,18
2026-05-29 10:40:00,0.98798,0.98809,0.98785,0.98806,204,18
2026-05-29 10:50:00,0.98806,0.9883,0.98802,0.98821,207,18
2026-05-29 11:00:00,0.98822,0.98865,0.98822,0.98854,202,18
2026-05-29 11:10:00,0.98854,0.98893,0.98849,0.98876,182,18
2026-05-29 11:20:00,0.98877,0.98901,0.98864,0.98893,273,18
2026-05-29 11:30:00,0.98894,0.98908,0.98873,0.98901,236,18
2026-05-29 11:40:00,0.98901,0.98926,0.98901,0.98921,174,18
2026-05-29 11:50:00,0.98921,0.98942,0.98872,0.98934,286,18
2026-05-29 12:00:00,0.98933,0.98993,0.98922,0.98976,322,18
2026-05-29 12:10:00,0.98975,0.9903,0.98975,0.9902,296,18
2026-05-29 12:20:00,0.9902,0.99043,0.99004,0.99034,256,18
2026-05-29 12:30:00,0.99034,0.99138,0.99034,0.99124,423,18
2026-05-29 12:40:00,0.99124,0.99187,0.99109,0.99181,323,18
2026-05-29 12:50:00,0.9918,0.99209,0.99169,0.99187,319,18
2026-05-29 13:00:00,0.99189,0.99207,0.99169,0.99186,371,18
2026-05-29 13:10:00,0.99186,0.99206,0.99156,0.99156,309,18
2026-05-29 13:20:00,0.99155,0.99184,0.99137,0.99183,303,18
2026-05-29 13:30:00,0.99182,0.99199,0.9916,0.99175,388,18
2026-05-29 13:40:00,0.99172,0.99274,0.99167,0.99274,348,18
2026-05-29 13:50:00,0.99273,0.99297,0.99238,0.99267,416,18
2026-05-29 14:00:00,0.99269,0.9931,0.99219,0.99219,380,18
2026-05-29 14:10:00,0.99221,0.99222,0.9916,0.9917,414,18
2026-05-29 14:20:00,0.99167,0.99171,0.99122,0.99138,466,18
2026-05-29 14:30:00,0.99137,0.9916,0.99062,0.99062,493,18
2026-05-29 14:40:00,0.99065,0.9912,0.99041,0.99077,513,18
2026-05-29 14:50:00,0.99079,0.99138,0.99059,0.99094,873,18
2026-05-29 15:00:00,0.99095,0.99188,0.99073,0.99167,575,18
2026-05-29 15:10:00,0.99168,0.99253,0.9912,0.99128,476,18
2026-05-29 15:20:00,0.99131,0.9916,0.99101,0.9913,402,18
2026-05-29 15:30:00,0.99132,0.99138,0.99072,0.99094,478,18
2026-05-29 15:40:00,0.99094,0.99128,0.99067,0.99115,493,18
2026-05-29 15:50:00,0.99117,0.9912,0.9909,0.99099,309,18
2026-05-29 16:00:00,0.99099,0.99145,0.99096,0.99132,324,18
2026-05-29 16:10:00,0.99133,0.99155,0.99116,0.99128,281,18
2026-05-29 16:20:00,0.99129,0.99165,0.99122,0.99151,276,18
2026-05-29 16:30:00,0.99151,0.99195,0.99142,0.99191,344,18
2026-05-29 16:40:00,0.9919,0.99201,0.99174,0.99177,288,18
2026-05-29 16:50:00,0.99176,0.99186,0.9916,0.99185,251,18
2026-05-29 17:00:00,0.99183,0.9919,0.99162,0.99178,233,18
2026-05-29 17:10:00,0.99178,0.9918,0.99154,0.99155,213,18
2026-05-29 17:20:00,0.99155,0.99162,0.99128,0.99142,283,18
2026-05-29 17:30:00,0.99143,0.9915,0.99109,0.99115,242,18
2026-05-29 17:40:00,0.99115,0.99118,0.99099,0.9911,208,18
2026-05-29 17:50:00,0.9911,0.99118,0.99052,0.99052,234,18
2026-05-29 18:00:00,0.99049,0.99076,0.99048,0.99069,232,18
2026-05-29 18:10:00,0.99069,0.9907,0.99043,0.99063,239,18
2026-05-29 18:20:00,0.99063,0.9907,0.99048,0.99067,236,18
2026-05-29 18:30:00,0.9907,0.9909,0.99069,0.99076,173,18
2026-05-29 18:40:00,0.99076,0.99085,0.99045,0.9906,301,18
2026-05-29 18:50:00,0.99063,0.99113,0.99052,0.99077,272,18
2026-05-29 19:00:00,0.9908,0.99104,0.9907,0.99104,253,18
2026-05-29 19:10:00,0.99105,0.99113,0.99072,0.99078,191,18
2026-05-29 19:20:00,0.99077,0.99085,0.99058,0.9907,211,18
2026-05-29 19:30:00,0.9907,0.99098,0.9907,0.99098,190,18
2026-05-29 19:40:00,0.99098,0.99118,0.99093,0.99117,212,18
2026-05-29 19:50:00,0.99114,0.99131,0.99071,0.99097,351,18
2026-05-29 20:00:00,0.991,0.99104,0.9906,0.99092,253,18
2026-05-29 20:10:00,0.99092,0.99097,0.99073,0.99084,141,18
2026-05-29 20:20:00,0.99085,0.9909,0.99061,0.99071,138,18
2026-05-29 20:30:00,0.99071,0.99105,0.99065,0.99097,146,18
2026-05-29 20:40:00,0.99096,0.99119,0.99092,0.99117,137,18
2026-05-29 20:50:00,0.99116,0.99123,0.99062,0.99083,220,18
2026-05-31 21:00:00,0.98915,0.98923,0.98915,0.98923,3,58
2026-05-31 21:10:00,0.98924,0.98938,0.98892,0.98938,47,54
2026-05-31 21:20:00,0.98941,0.98958,0.98937,0.98958,37,71
2026-05-31 21:30:00,0.98953,0.98957,0.98896,0.98948,101,28
2026-05-31 21:40:00,0.98948,0.98976,0.98948,0.98976,89,28
2026-05-31 21:50:00,0.98972,0.99008,0.98972,0.98998,50,43
2026-05-31 22:00:00,0.98983,0.99045,0.98934,0.99013,215,28
2026-05-31 22:10:00,0.99013,0.99036,0.99001,0.99022,111,18
2026-05-31 22:20:00,0.99021,0.99028,0.99014,0.99025,96,18
2026-05-31 22:30:00,0.9902,0.99042,0.9902,0.99034,141,18
2026-05-31 22:40:00,0.99028,0.99055,0.99027,0.99034,109,18
2026-05-31 22:50:00,0.99034,0.99044,0.99019,0.9902,109,18
2026-05-31 23:00:00,0.99026,0.99064,0.99021,0.99061,165,18
2026-05-31 23:10:00,0.99061,0.99076,0.99053,0.99072,98,18
2026-05-31 23:20:00,0.99072,0.99076,0.99062,0.99071,82,18
2026-05-31 23:30:00,0.99072,0.99088,0.99072,0.99077,111,18
2026-05-31 23:40:00,0.99077,0.99079,0.99031,0.99058,200,18
2026-05-31 23:50:00,0.99059,0.99076,0.99036,0.99052,183,18
2026-06-01 00:00:00,0.99052,0.99092,0.9903,0.99088,252,18
2026-06-01 00:10:00,0.99088,0.99122,0.99069,0.99111,273,18
2026-06-01 00:20:00,0.9911,0.99135,0.99089,0.99115,292,18
2026-06-01 00:30:00,0.99118,0.99123,0.99099,0.99109,231,18
2026-06-01 00:40:00,0.9911,0.99129,0.99103,0.99129,197,18
2026-06-01 00:50:00,0.99129,0.99175,0.99122,0.9916,259,18
2026-06-01 01:00:00,0.99159,0.99214,0.99145,0.99185,286,18
2026-06-01 01:10:00,0.99185,0.992,0.99162,0.99164,237,18
2026-06-01 01:20:00,0.99164,0.99193,0.99158,0.99178,201,18
2026-06-01 01:30:00,0.99177,0.9921,0.99172,0.99191,207,18
2026-06-01 01:40:00,0.99188,0.992,0.99174,0.99185,201,18
2026-06-01 01:50:00,0.99185,0.9921,0.99181,0.99205,170,18
2026-06-01 02:00:00,0.99205,0.99215,0.99186,0.99197,161,18
2026-06-01 02:10:00,0.99197,0.99207,0.99194,0.99203,156,18
2026-06-01 02:20:00,0.99203,0.99235,0.99198,0.99234,139,18
2026-06-01 02:30:00,0.99234,0.99236,0.99216,0.99218,194,18
2026-06-01 02:40:00,0.99217,0.99217,0.99183,0.99204,246,18
2026-06-01 02:50:00,0.99204,0.99206,0.99191,0.99195,168,18
2026-06-01 03:00:00,0.99198,0.9921,0.99197,0.99199,161,18
2026-06-01 03:10:00,0.99199,0.99199,0.99099,0.99117,223,18
2026-06-01 03:20:00,0.99118,0.99184,0.99118,0.99184,232,18
2026-06-01 03:30:00,0.99184,0.99202,0.99155,0.99161,183,18
2026-06-01 03:40:00,0.99161,0.9917,0.99138,0.99168,170,18
2026-06-01 03:50:00,0.99168,0.99175,0.99159,0.99169,139,18
2026-06-01 04:00:00,0.99168,0.99192,0.99168,0.9919,157,18
2026-06-01 04:10:00,0.9919,0.99205,0.99189,0.99203,96,18
2026-06-01 04:20:00,0.99203,0.99211,0.99196,0.99201,81,18
2026-06-01 04:30:00,0.992,0.9921,0.99199,0.9921,100,18
2026-06-01 04:40:00,0.9921,0.99215,0.99191,0.99193,104,18
2026-06-01 04:50:00,0.99193,0.99209,0.99192,0.99207,144,18
2026-06-01 05:00:00,0.99206,0.9924,0.99195,0.99223,232,18
2026-06-01 05:10:00,0.99224,0.99226,0.99201,0.99224,176,18
2026-06-01 05:20:00,0.99224,0.99236,0.99219,0.99219,151,18
2026-06-01 05:30:00,0.9922,0.99235,0.99217,0.99234,175,18
2026-06-01 05:40:00,0.99234,0.99257,0.9922,0.99251,185,18
2026-06-01 05:50:00,0.9925,0.99255,0.99222,0.99225,200,18
2026-06-01 06:00:00,0.99228,0.99255,0.99205,0.99208,236,18
2026-06-01 06:10:00,0.99208,0.99208,0.99165,0.99168,235,18
2026-06-01 06:20:00,0.99168,0.99168,0.99121,0.99122,180,18
2026-06-01 06:30:00,0.99121,0.99136,0.99098,0.99099,218,18
2026-06-01 06:40:00,0.99099,0.99136,0.99098,0.99136,198,18
2026-06-01 06:50:00,0.99136,0.99144,0.99117,0.99134,227,18
2026-06-01 07:00:00,0.99133,0.99171,0.99124,0.99167,247,18
2026-06-01 07:10:00,0.99168,0.99178,0.99127,0.99144,254,18
2026-06-01 07:20:00,0.99145,0.99192,0.99139,0.99188,213,18
2026-06-01 07:30:00,0.99187,0.99217,0.99181,0.99186,197,18
2026-06-01 07:40:00,0.99185,0.99189,0.99154,0.99177,245,18
2026-06-01 07:50:00,0.99177,0.99195,0.99156,0.99171,230,18
2026-06-01 08:00:00,0.99171,0.99205,0.99169,0.99182,249,18
2026-06-01 08:10:00,0.99182,0.99213,0.9918,0.99196,216,18
2026-06-01 08:20:00,0.99193,0.99231,0.99187,0.99219,188,18
2026-06-01 08:30:00,0.99219,0.99224,0.9919,0.992,160,18
2026-06-01 08:40:00,0.992,0.99231,0.99188,0.99212,222,18
2026-06-01 08:50:00,0.99212,0.99237,0.99197,0.99236,191,18
2026-06-01 09:00:00,0.99236,0.99256,0.99207,0.99235,234,18
2026-06-01 09:10:00,0.99234,0.99254,0.99211,0.99239,243,18
2026-06-01 09:20:00,0.99239,0.99242,0.99189,0.99191,214,18
2026-06-01 09:30:00,0.9919,0.99219,0.99188,0.99211,211,18
2026-06-01 09:40:00,0.99211,0.99226,0.9918,0.99181,208,18
2026-06-01 09:50:00,0.99181,0.99199,0.99174,0.99189,201,18
2026-06-01 10:00:00,0.99192,0.99193,0.99167,0.99171,190,18
2026-06-01 10:10:00,0.99172,0.99178,0.99163,0.99167,172,18
2026-06-01 10:20:00,0.99168,0.99174,0.99138,0.99152,207,18
2026-06-01 10:30:00,0.99152,0.99167,0.9915,0.99159,181,18
2026-06-01 10:40:00,0.99157,0.99186,0.99157,0.99183,182,18
2026-06-01 10:50:00,0.99183,0.99203,0.99178,0.99192,152,18
2026-06-01 11:00:00,0.9919,0.99211,0.99185,0.99191,250,18
2026-06-01 11:10:00,0.9919,0.99207,0.99183,0.99203,187,18
2026-06-01 11:20:00,0.99204,0.99216,0.99193,0.99211,184,18
2026-06-01 11:30:00,0.9921,0.99229,0.99201,0.99224,189,18
2026-06-01 11:40:00,0.99225,0.99232,0.99204,0.9921,224,18
2026-06-01 11:50:00,0.9921,0.99222,0.99192,0.99196,193,18
2026-06-01 12:00:00,0.99194,0.99203,0.99171,0.99188,220,18
2026-06-01 12:10:00,0.99188,0.99199,0.99149,0.99178,247,18
2026-06-01 12:20:00,0.99177,0.99256,0.9917,0.99245,220,18
2026-06-01 12:30:00,0.99245,0.99249,0.99177,0.99179,288,18
2026-06-01 12:40:00,0.9918,0.99195,0.99138,0.99138,373,18
2026-06-01 12:50:00,0.99137,0.99146,0.99097,0.99118,282,18
2026-06-01 13:00:00,0.99119,0.99146,0.99101,0.99146,363,18
2026-06-01 13:10:00,0.99146,0.99154,0.98886,0.98953,914,18
2026-06-01 13:20:00,0.98952,0.9896,0.98842,0.98862,622,18
2026-06-01 13:30:00,0.98866,0.98958,0.9885,0.98934,671,18
2026-06-01 13:40:00,0.98937,0.98949,0.98864,0.98878,523,18
2026-06-01 13:50:00,0.98877,0.98898,0.98803,0.98814,507,18
2026-06-01 14:00:00,0.98809,0.9887,0.98778,0.98866,531,18
2026-06-01 14:10:00,0.98866,0.98881,0.98767,0.98768,510,18
2026-06-01 14:20:00,0.98771,0.98849,0.98771,0.98848,410,18
2026-06-01 14:30:00,0.98847,0.98891,0.98817,0.9882,402,18
2026-06-01 14:40:00,0.98823,0.98855,0.98808,0.98815,346,18
2026-06-01 14:50:00,0.98815,0.98851,0.98779,0.98838,411,18
2026-06-01 15:00:00,0.98836,0.98901,0.98829,0.98863,432,18
2026-06-01 15:10:00,0.98861,0.98904,0.98859,0.98903,303,18
2026-06-01 15:20:00,0.98903,0.98911,0.98872,0.98902,278,18
2026-06-01 15:30:00,0.98899,0.98999,0.98899,0.98966,611,18
2026-06-01 15:40:00,0.98966,0.98998,0.98937,0.9894,272,18
2026-06-01 15:50:00,0.98939,0.98962,0.98932,0.98961,314,18
2026-06-01 16:00:00,0.98962,0.99005,0.98956,0.98957,292,18
2026-06-01 16:10:00,0.98956,0.98957,0.98929,0.9895,292,18
2026-06-01 16:20:00,0.98949,0.98967,0.98931,0.98963,239,18
2026-06-01 16:30:00,0.98964,0.98981,0.98936,0.9894,289,18
2026-06-01 16:40:00,0.9894,0.98957,0.98939,0.98954,220,18
2026-06-01 16:50:00,0.98952,0.99028,0.9895,0.99001,362,18
2026-06-01 17:00:00,0.99,0.99012,0.98982,0.9899,310,18
2026-06-01 17:10:00,0.9899,0.99003,0.98984,0.98994,215,18
2026-06-01 17:20:00,0.98995,0.99087,0.98987,0.99087,258,18
2026-06-01 17:30:00,0.99092,0.99109,0.99062,0.99076,402,18
2026-06-01 17:40:00,0.99075,0.99149,0.99073,0.99108,330,18
2026-06-01 17:50:00,0.99108,0.99132,0.99104,0.99117,234,18
2026-06-01 18:00:00,0.99117,0.99129,0.99105,0.99125,184,18
2026-06-01 18:10:00,0.99126,0.99128,0.99087,0.99108,147,18
2026-06-01 18:20:00,0.99108,0.99118,0.99103,0.99106,135,18
2026-06-01 18:30:00,0.99106,0.9912,0.99097,0.99118,146,18
2026-06-01 18:40:00,0.99121,0.99128,0.99114,0.99121,153,18
2026-06-01 18:50:00,0.9912,0.99128,0.99109,0.99122,209,18
2026-06-01 19:00:00,0.99122,0.99141,0.9911,0.99128,182,18
2026-06-01 19:10:00,0.99128,0.99132,0.99115,0.99115,154,18
2026-06-01 19:20:00,0.99115,0.99129,0.99114,0.99115,139,18
2026-06-01 19:30:00,0.99115,0.9912,0.99097,0.99098,140,18
2026-06-01 19:40:00,0.99097,0.99111,0.99086,0.99086,164,18
2026-06-01 19:50:00,0.99089,0.99097,0.9907,0.99094,249,18
2026-06-01 20:00:00,0.99093,0.99109,0.99087,0.991,144,18
2026-06-01 20:10:00,0.99099,0.991,0.99082,0.99092,120,18
2026-06-01 20:20:00,0.99093,0.99095,0.9908,0.99085,88,18
2026-06-01 20:30:00,0.99087,0.99091,0.99081,0.99084,88,18
2026-06-01 20:40:00,0.99084,0.99096,0.99082,0.99096,113,18
2026-06-01 20:50:00,0.99097,0.99102,0.99089,0.99097,116,18
2026-06-01 21:00:00,0.99097,0.99103,0.99064,0.99066,64,22
2026-06-01 21:10:00,0.99063,0.99084,0.99063,0.99079,104,85
2026-06-01 21:20:00,0.99078,0.99082,0.9907,0.99073,54,95
2026-06-01 21:30:00,0.99073,0.99095,0.99069,0.99088,143,84
2026-06-01 21:40:00,0.99088,0.9912,0.99085,0.99113,119,60
2026-06-01 21:50:00,0.99114,0.99136,0.99088,0.99115,154,28
2026-06-01 22:00:00,0.9913,0.99131,0.99088,0.99101,99,20
2026-06-01 22:10:00,0.99101,0.99114,0.99099,0.99114,95,18
2026-06-01 22:20:00,0.99114,0.99116,0.99095,0.99096,75,18
2026-06-01 22:30:00,0.99096,0.99119,0.99095,0.99111,90,18
2026-06-01 22:40:00,0.99111,0.99113,0.99092,0.99107,60,18
2026-06-01 22:50:00,0.99107,0.99112,0.99091,0.99096,80,18
2026-06-01 23:00:00,0.99102,0.99127,0.99097,0.9912,105,18
2026-06-01 23:10:00,0.9912,0.99126,0.9912,0.99122,30,18
2026-06-01 23:20:00,0.99122,0.99124,0.99112,0.99118,54,18
2026-06-01 23:30:00,0.99118,0.99128,0.99097,0.99121,100,18
2026-06-01 23:40:00,0.99121,0.99162,0.99121,0.99133,129,18
2026-06-01 23:50:00,0.99134,0.99154,0.99129,0.99154,96,18
2026-06-02 00:00:00,0.99155,0.99155,0.9908,0.9912,303,18
2026-06-02 00:10:00,0.9912,0.99156,0.99118,0.9914,250,18
2026-06-02 00:20:00,0.9914,0.99153,0.99116,0.99135,192,18
2026-06-02 00:30:00,0.99136,0.99164,0.99128,0.99149,214,18
2026-06-02 00:40:00,0.99149,0.99156,0.99114,0.99121,191,18
2026-06-02 00:50:00,0.99121,0.99153,0.99086,0.99106,267,18
2026-06-02 01:00:00,0.99108,0.99162,0.99091,0.9915,293,18
2026-06-02 01:10:00,0.99151,0.99207,0.99151,0.99168,307,18
2026-06-02 01:20:00,0.99167,0.99191,0.99164,0.99181,277,18
2026-06-02 01:30:00,0.99181,0.99215,0.99156,0.99159,255,18
2026-06-02 01:40:00,0.99156,0.99167,0.99043,0.99056,326,18
2026-06-02 01:50:00,0.99056,0.99092,0.99043,0.99056,327,18
2026-06-02 02:00:00,0.99056,0.99076,0.99041,0.99057,275,18
2026-06-02 02:10:00,0.99057,0.99111,0.99054,0.99108,232,18
2026-06-02 02:20:00,0.99107,0.99131,0.99098,0.99122,222,18
2026-06-02 02:30:00,0.99124,0.99138,0.99104,0.99106,201,18
2026-06-02 02:40:00,0.99106,0.99129,0.99101,0.9911,151,18
2026-06-02 02:50:00,0.9911,0.99116,0.99091,0.9911,169,18
2026-06-02 03:00:00,0.9911,0.99132,0.99083,0.99088,193,18
2026-06-02 03:10:00,0.99088,0.99107,0.99078,0.99094,187,18
2026-06-02 03:20:00,0.99093,0.99094,0.99054,0.99068,214,18
2026-06-02 03:30:00,0.99068,0.99092,0.99059,0.99089,212,18
2026-06-02 03:40:00,0.99088,0.99114,0.9907,0.99105,181,18
2026-06-02 03:50:00,0.99106,0.99113,0.99088,0.99112,169,18
2026-06-02 04:00:00,0.99111,0.99133,0.99101,0.9912,173,18
2026-06-02 04:10:00,0.9912,0.99125,0.99099,0.99121,167,18
2026-06-02 04:20:00,0.99121,0.99129,0.99113,0.99119,157,18
2026-06-02 04:30:00,0.99118,0.99118,0.99099,0.99108,131,18
2026-06-02 04:40:00,0.99108,0.99133,0.99105,0.99131,122,18
2026-06-02 04:50:00,0.99131,0.99151,0.99129,0.99146,168,18
2026-06-02 05:00:00,0.99146,0.99162,0.99137,0.99159,179,18
2026-06-02 05:10:00,0.9916,0.99177,0.99139,0.99142,180,18
2026-06-02 05:20:00,0.99141,0.99176,0.99141,0.99173,181,18
2026-06-02 05:30:00,0.99174,0.99188,0.99164,0.99176,201,18
2026-06-02 05:40:00,0.99176,0.99181,0.99148,0.99161,117,18
2026-06-02 05:50:00,0.99161,0.99162,0.9914,0.99143,142,18
2026-06-02 06:00:00,0.99142,0.992,0.99142,0.99197,229,18
2026-06-02 06:10:00,0.99198,0.99226,0.99197,0.99215,242,18
2026-06-02 06:20:00,0.99215,0.99243,0.99206,0.9924,261,18
2026-06-02 06:30:00,0.99239,0.99295,0.99239,0.99294,277,18
2026-06-02 06:40:00,0.99294,0.99312,0.99273,0.99289,261,18
2026-06-02 06:50:00,0.99289,0.99308,0.9928,0.99303,192,18
2026-06-02 07:00:00,0.99304,0.99326,0.99293,0.99306,290,18
2026-06-02 07:10:00,0.99305,0.9937,0.99305,0.99365,272,18
2026-06-02 07:20:00,0.99362,0.99367,0.9934,0.99351,258,18
2026-06-02 07:30:00,0.99351,0.99377,0.99343,0.99359,212,18
2026-06-02 07:40:00,0.99359,0.99389,0.99353,0.99389,213,18
2026-06-02 07:50:00,0.9939,0.99399,0.99364,0.99378,247,18
2026-06-02 08:00:00,0.99378,0.99427,0.99378,0.99424,274,18
2026-06-02 08:10:00,0.99424,0.99431,0.99412,0.99424,213,18
2026-06-02 08:20:00,0.99424,0.99442,0.99412,0.99418,226,18
2026-06-02 08:30:00,0.99416,0.99451,0.99412,0.99421,197,18
2026-06-02 08:40:00,0.99421,0.99427,0.99401,0.99403,204,18
2026-06-02 08:50:00,0.99403,0.99411,0.99387,0.99406,165,18
2026-06-02 09:00:00,0.99406,0.99413,0.99383,0.99405,195,18
2026-06-02 09:10:00,0.99404,0.99409,0.99383,0.99409,221,18
2026-06-02 09:20:00,0.9941,0.99428,0.99392,0.99416,209,18
2026-06-02 09:30:00,0.99416,0.99432,0.99409,0.99428,205,18
2026-06-02 09:40:00,0.99428,0.99457,0.99416,0.99437,209,18
2026-06-02 09:50:00,0.99437,0.99481,0.99437,0.99474,206,18
2026-06-02 10:00:00,0.99471,0.99473,0.99451,0.9946,211,18
2026-06-02 10:10:00,0.9946,0.9947,0.99445,0.99449,186,18
2026-06-02 10:20:00,0.99452,0.99455,0.99424,0.99454,183,18
2026-06-02 10:30:00,0.99457,0.99481,0.99457,0.99478,146,18
2026-06-02 10:40:00,0.99478,0.99487,0.99466,0.99484,174,18
2026-06-02 10:50:00,0.99484,0.99498,0.99478,0.99485,183,18
2026-06-02 11:00:00,0.99488,0.99503,0.99457,0.99477,219,18
2026-06-02 11:10:00,0.99477,0.99483,0.99456,0.99459,191,18
2026-06-02 11:20:00,0.99459,0.99484,0.99457,0.99466,181,18
2026-06-02 11:30:00,0.99466,0.99471,0.99435,0.99456,195,18
2026-06-02 11:40:00,0.99459,0.99472,0.99418,0.9942,198,18
2026-06-02 11:50:00,0.9942,0.99424,0.99374,0.99374,224,18
2026-06-02 12:00:00,0.99377,0.99393,0.9935,0.99355,238,18
2026-06-02 12:10:00,0.99355,0.99367,0.99339,0.99347,235,18
2026-06-02 12:20:00,0.99349,0.99395,0.99344,0.99394,249,18
2026-06-02 12:30:00,0.99397,0.99399,0.99329,0.99351,282,18
2026-06-02 12:40:00,0.9935,0.99354,0.99322,0.9933,253,18
2026-06-02 12:50:00,0.9933,0.99338,0.9929,0.993,243,18
2026-06-02 13:00:00,0.99302,0.99325,0.99256,0.99273,348,18
2026-06-02 13:10:00,0.99271,0.99275,0.99227,0.9923,351,18
2026-06-02 13:20:00,0.9923,0.99259,0.99202,0.99208,291,18
2026-06-02 13:30:00,0.99207,0.99213,0.99139,0.99161,415,18
2026-06-02 13:40:00,0.99163,0.99222,0.99161,0.99207,370,18
2026-06-02 13:50:00,0.99208,0.99257,0.99206,0.99223,328,18
2026-06-02 14:00:00,0.99212,0.99269,0.9918,0.99258,397,18
2026-06-02 14:10:00,0.9926,0.9929,0.99246,0.99257,340,18
2026-06-02 14:20:00,0.99254,0.99287,0.99232,0.99267,359,18
2026-06-02 14:30:00,0.99269,0.9929,0.99256,0.99285,362,18
2026-06-02 14:40:00,0.99283,0.99332,0.99272,0.99314,305,18
2026-06-02 14:50:00,0.99313,0.99365,0.99286,0.99363,343,18
2026-06-02 15:00:00,0.99363,0.99371,0.99325,0.99366,319,18
2026-06-02 15:10:00,0.99366,0.99366,0.99307,0.99357,222,18
2026-06-02 15:20:00,0.99357,0.99367,0.99333,0.9934,284,18
2026-06-02 15:30:00,0.9934,0.99354,0.99326,0.99326,276,18
2026-06-02 15:40:00,0.99326,0.99338,0.99317,0.99323,226,18
2026-06-02 15:50:00,0.99323,0.99332,0.99304,0.99308,230,18
2026-06-02 16:00:00,0.99309,0.99341,0.99305,0.99335,227,18
2026-06-02 16:10:00,0.99334,0.99337,0.99302,0.99309,207,18
2026-06-02 16:20:00,0.99307,0.99309,0.99267,0.99268,216,18
2026-06-02 16:30:00,0.99268,0.99277,0.99257,0.99257,205,18
2026-06-02 16:40:00,0.99258,0.99308,0.99257,0.99305,231,18
2026-06-02 16:50:00,0.99307,0.99313,0.99291,0.993,150,18
2026-06-02 17:00:00,0.993,0.99319,0.99295,0.99306,238,18
2026-06-02 17:10:00,0.99306,0.99306,0.99277,0.99284,199,18
2026-06-02 17:20:00,0.99284,0.99288,0.99257,0.99267,187,18
2026-06-02 17:30:00,0.99267,0.99284,0.99259,0.99262,206,18
2026-06-02 17:40:00,0.9926,0.99271,0.99257,0.99259,149,18
2026-06-02 17:50:00,0.99258,0.99261,0.99247,0.99253,145,18
2026-06-02 18:00:00,0.99254,0.99269,0.99247,0.99261,152,18
2026-06-02 18:10:00,0.99261,0.99267,0.99244,0.99244,179,18
2026-06-02 18:20:00,0.99245,0.9929,0.99237,0.99285,184,18
2026-06-02 18:30:00,0.99287,0.99297,0.99271,0.99277,182,18
2026-06-02 18:40:00,0.99276,0.99292,0.99261,0.99286,155,18
2026-06-02 18:50:00,0.99287,0.99289,0.99266,0.99284,169,18
2026-06-02 19:00:00,0.99284,0.99313,0.99284,0.99311,147,18
2026-06-02 19:10:00,0.99311,0.99318,0.99309,0.99313,113,18
2026-06-02 19:20:00,0.99313,0.99319,0.99306,0.99308,123,18
2026-06-02 19:30:00,0.99308,0.99323,0.99308,0.99318,108,18
2026-06-02 19:40:00,0.99318,0.99343,0.99315,0.99336,131,18
2026-06-02 19:50:00,0.99337,0.99361,0.99328,0.99358,201,18
2026-06-02 20:00:00,0.99361,0.99364,0.99343,0.99351,125,18
2026-06-02 20:10:00,0.9935,0.99358,0.99341,0.99343,116,18
2026-06-02 20:20:00,0.99345,0.99362,0.99345,0.9935,77,18
2026-06-02 20:30:00,0.9935,0.99355,0.99338,0.99347,99,18
2026-06-02 20:40:00,0.99347,0.99371,0.99347,0.99371,86,18
2026-06-02 20:50:00,0.99371,0.99371,0.99333,0.99344,134,18
2026-06-02 21:00:00,0.99344,0.99344,0.99342,0.99342,4,22
2026-06-02 21:10:00,0.9934,0.99341,0.99286,0.9929,112,25
2026-06-02 21:20:00,0.99288,0.9932,0.99282,0.99315,132,48
2026-06-02 21:30:00,0.99314,0.99321,0.99308,0.99318,132,49
2026-06-02 21:40:00,0.9932,0.99344,0.9932,0.9934,97,22
2026-06-02 21:50:00,0.9934,0.99351,0.99339,0.99348,63,17
2026-06-02 22:00:00,0.99332,0.99349,0.99322,0.99345,89,28
2026-06-02 22:10:00,0.99345,0.99352,0.99333,0.9935,92,18
2026-06-02 22:20:00,0.9935,0.99361,0.99343,0.99349,84,18
2026-06-02 22:30:00,0.99349,0.99355,0.9934,0.99346,65,18
2026-06-02 22:40:00,0.99346,0.99349,0.99337,0.99348,89,18
2026-06-02 22:50:00,0.99348,0.99349,0.9932,0.99324,144,18
2026-06-02 23:00:00,0.99331,0.99342,0.99314,0.99314,149,18
2026-06-02 23:10:00,0.99314,0.99319,0.9929,0.99292,124,18
2026-06-02 23:20:00,0.99292,0.99295,0.9926,0.99287,235,18
2026-06-02 23:30:00,0.99288,0.99291,0.99265,0.99285,217,18
2026-06-02 23:40:00,0.99283,0.99308,0.99281,0.99297,168,18
2026-06-02 23:50:00,0.99297,0.99311,0.99295,0.99306,179,18
2026-06-03 00:00:00,0.99306,0.99345,0.993,0.99341,267,18
2026-06-03 00:10:00,0.99341,0.99348,0.99321,0.99348,179,18
2026-06-03 00:20:00,0.99345,0.99363,0.9934,0.99346,153,18
2026-06-03 00:30:00,0.99346,0.99353,0.99341,0.99347,105,18
2026-06-03 00:40:00,0.99347,0.99356,0.99337,0.99349,147,18
2026-06-03 00:50:00,0.99348,0.99384,0.99346,0.99376,180,18
2026-06-03 01:00:00,0.99376,0.99381,0.99316,0.99325,262,18
2026-06-03 01:10:00,0.99325,0.99353,0.99315,0.99328,197,18
2026-06-03 01:20:00,0.99328,0.99353,0.99327,0.99339,158,18
2026-06-03 01:30:00,0.99339,0.99345,0.99223,0.99327,408,18
2026-06-03 01:40:00,0.99327,0.99338,0.99309,0.99318,193,18
2026-06-03 01:50:00,0.99319,0.99323,0.993,0.99318,210,18
2026-06-03 02:00:00,0.99317,0.99333,0.99313,0.99327,177,18
2026-06-03 02:10:00,0.99327,0.99346,0.9932,0.99346,131,18
2026-06-03 02:20:00,0.99346,0.99351,0.99333,0.99347,156,18
2026-06-03 02:30:00,0.99348,0.99348,0.99318,0.99344,166,18
2026-06-03 02:40:00,0.99344,0.99344,0.99267,0.99284,242,18
2026-06-03 02:50:00,0.99283,0.99313,0.99259,0.9931,203,18
2026-06-03 03:00:00,0.9931,0.99325,0.99296,0.99317,169,18
2026-06-03 03:10:00,0.99317,0.99324,0.99302,0.99305,154,18
2026-06-03 03:20:00,0.99305,0.99312,0.99278,0.99285,168,18
2026-06-03 03:30:00,0.99286,0.99294,0.99264,0.99291,190,18
2026-06-03 03:40:00,0.99289,0.99316,0.99288,0.99303,122,18
2026-06-03 03:50:00,0.99303,0.99311,0.99294,0.99299,120,18
2026-06-03 04:00:00,0.993,0.99322,0.993,0.99308,117,18
2026-06-03 04:10:00,0.99308,0.99311,0.99298,0.99304,115,18
2026-06-03 04:20:00,0.99305,0.99322,0.99293,0.99296,107,18
2026-06-03 04:30:00,0.99295,0.99302,0.99268,0.99289,133,18
2026-06-03 04:40:00,0.99289,0.9929,0.99263,0.99271,160,18
2026-06-03 04:50:00,0.99271,0.99274,0.99256,0.99265,147,18
2026-06-03 05:00:00,0.99268,0.9929,0.99257,0.9929,183,18
2026-06-03 05:10:00,0.9929,0.99306,0.99282,0.99301,171,18
2026-06-03 05:20:00,0.99301,0.99316,0.99248,0.99255,185,18
2026-06-03 05:30:00,0.99255,0.99256,0.99219,0.9923,236,18
2026-06-03 05:40:00,0.9923,0.99236,0.99214,0.99219,175,18
2026-06-03 05:50:00,0.99219,0.99232,0.99197,0.99209,217,18
2026-06-03 06:00:00,0.99209,0.99233,0.9919,0.99191,304,18
2026-06-03 06:10:00,0.9919,0.99202,0.99156,0.99202,271,18
2026-06-03 06:20:00,0.99202,0.99204,0.99113,0.99155,355,18
2026-06-03 06:30:00,0.99152,0.99168,0.99096,0.99143,322,18
2026-06-03 06:40:00,0.99142,0.99157,0.99106,0.99119,276,18
2026-06-03 06:50:00,0.99119,0.9917,0.9911,0.99169,275,18
2026-06-03 07:00:00,0.99172,0.99203,0.99148,0.99195,301,18
2026-06-03 07:10:00,0.99195,0.99262,0.99193,0.99248,262,18
2026-06-03 07:20:00,0.99248,0.99249,0.99197,0.99201,244,18
2026-06-03 07:30:00,0.99199,0.99247,0.99176,0.99219,374,18
2026-06-03 07:40:00,0.99219,0.9925,0.99188,0.99239,272,18
2026-06-03 07:50:00,0.99237,0.99258,0.99234,0.99237,218,18
2026-06-03 08:00:00,0.9924,0.99252,0.9922,0.99239,282,18
2026-06-03 08:10:00,0.9924,0.99259,0.9921,0.99231,278,18
2026-06-03 08:20:00,0.99232,0.99246,0.99196,0.99239,251,18
2026-06-03 08:30:00,0.99242,0.99268,0.99219,0.99219,324,18
2026-06-03 08:40:00,0.99218,0.99241,0.99192,0.99226,237,18
2026-06-03 08:50:00,0.99227,0.99234,0.992,0.99216,223,18
2026-06-03 09:00:00,0.99216,0.99268,0.99216,0.99268,250,18
2026-06-03 09:10:00,0.99265,0.99276,0.99253,0.99269,218,18
2026-06-03 09:20:00,0.99268,0.99279,0.99241,0.99248,228,18
2026-06-03 09:30:00,0.99249,0.99259,0.99227,0.99253,210,18
2026-06-03 09:40:00,0.99253,0.99268,0.99247,0.99261,189,18
2026-06-03 09:50:00,0.99261,0.99283,0.99242,0.99253,229,18
2026-06-03 10:00:00,0.99251,0.99367,0.9924,0.99323,465,18
2026-06-03 10:10:00,0.99323,0.99346,0.99287,0.99287,297,18
2026-06-03 10:20:00,0.99287,0.99316,0.99278,0.99293,232,18
2026-06-03 10:30:00,0.99294,0.99308,0.99282,0.99282,237,18
2026-06-03 10:40:00,0.99282,0.99287,0.99247,0.9927,195,18
2026-06-03 10:50:00,0.9927,0.99293,0.99258,0.99283,188,18
2026-06-03 11:00:00,0.99283,0.99306,0.99283,0.99294,219,18
2026-06-03 11:10:00,0.99294,0.99307,0.9928,0.99301,209,18
2026-06-03 11:20:00,0.99302,0.99312,0.99291,0.99298,174,18
2026-06-03 11:30:00,0.99298,0.99307,0.99266,0.99267,193,18
2026-06-03 11:40:00,0.99267,0.99277,0.99246,0.99277,189,18
2026-06-03 11:50:00,0.99277,0.99288,0.9926,0.99264,228,18
2026-06-03 12:00:00,0.99264,0.99266,0.99219,0.99224,308,18
2026-06-03 12:10:00,0.99226,0.99252,0.99214,0.99224,231,18
2026-06-03 12:20:00,0.99221,0.99232,0.99201,0.99201,226,18
2026-06-03 12:30:00,0.99201,0.99209,0.99134,0.9915,301,18
2026-06-03 12:40:00,0.99148,0.99209,0.99148,0.99166,298,18
2026-06-03 12:50:00,0.99168,0.99189,0.99165,0.99177,272,18
2026-06-03 13:00:00,0.99178,0.99201,0.99159,0.99197,296,18
2026-06-03 13:10:00,0.99197,0.99198,0.99151,0.99159,296,18
2026-06-03 13:20:00,0.99159,0.99166,0.99121,0.99131,330,18
2026-06-03 13:30:00,0.99128,0.99141,0.99086,0.99093,415,18
2026-06-03 13:40:00,0.99094,0.99113,0.99044,0.99046,415,18
2026-06-03 13:50:00,0.99046,0.99073,0.99007,0.9906,462,18
2026-06-03 14:00:00,0.99049,0.99093,0.9904,0.99079,434,18
2026-06-03 14:10:00,0.99081,0.99121,0.99069,0.99093,484,18
2026-06-03 14:20:00,0.99093,0.99108,0.99075,0.99086,387,18
2026-06-03 14:30:00,0.99086,0.99127,0.99069,0.99114,368,18
2026-06-03 14:40:00,0.99116,0.99129,0.99095,0.99121,354,18
2026-06-03 14:50:00,0.99121,0.99189,0.99098,0.99176,467,18
2026-06-03 15:00:00,0.99178,0.99186,0.99135,0.99142,375,18
2026-06-03 15:10:00,0.9914,0.9919,0.99127,0.99157,375,18
2026-06-03 15:20:00,0.99158,0.99166,0.99121,0.99149,367,18
2026-06-03 15:30:00,0.99146,0.99153,0.991,0.99118,331,18
2026-06-03 15:40:00,0.99118,0.9915,0.99106,0.9915,275,18
2026-06-03 15:50:00,0.99148,0.99163,0.99125,0.9915,281,18
2026-06-03 16:00:00,0.9915,0.9915,0.99096,0.99112,317,18
2026-06-03 16:10:00,0.99112,0.99145,0.99112,0.99128,290,18
2026-06-03 16:20:00,0.9913,0.99152,0.99114,0.99126,316,18
2026-06-03 16:30:00,0.99128,0.99146,0.99099,0.99099,283,18
2026-06-03 16:40:00,0.99099,0.99103,0.99082,0.99087,246,18
2026-06-03 16:50:00,0.99087,0.99128,0.9908,0.99128,295,18
2026-06-03 17:00:00,0.99129,0.99143,0.99099,0.99134,276,18
2026-06-03 17:10:00,0.99135,0.99136,0.99063,0.99064,261,18
2026-06-03 17:20:00,0.99064,0.99069,0.99056,0.99068,199,18
2026-06-03 17:30:00,0.99067,0.99086,0.99053,0.99081,203,18
2026-06-03 17:40:00,0.9908,0.99095,0.99076,0.9909,195,18
2026-06-03 17:50:00,0.9909,0.9911,0.99089,0.99101,148,18
2026-06-03 18:00:00,0.99102,0.99122,0.99093,0.99098,186,18
2026-06-03 18:10:00,0.99099,0.99108,0.99087,0.99106,185,18
2026-06-03 18:20:00,0.99107,0.99113,0.99092,0.99103,188,18
2026-06-03 18:30:00,0.99105,0.99105,0.99071,0.99077,175,18
2026-06-03 18:40:00,0.99077,0.9908,0.99062,0.99072,162,18
2026-06-03 18:50:00,0.99072,0.99075,0.99064,0.99071,183,18
2026-06-03 19:00:00,0.9907,0.99074,0.99059,0.99067,180,18
2026-06-03 19:10:00,0.99067,0.99074,0.99059,0.99064,189,18
2026-06-03 19:20:00,0.99064,0.99069,0.99041,0.99048,170,18
2026-06-03 19:30:00,0.99048,0.99071,0.99046,0.99063,142,18
2026-06-03 19:40:00,0.99063,0.99064,0.99056,0.99059,136,18
2026-06-03 19:50:00,0.99059,0.99073,0.99056,0.99071,226,18
2026-06-03 20:00:00,0.99072,0.99072,0.99044,0.99051,164,18
2026-06-03 20:10:00,0.99052,0.99068,0.99043,0.99044,189,18
2026-06-03 20:20:00,0.99044,0.99047,0.99035,0.99037,125,18
2026-06-03 20:30:00,0.99037,0.99044,0.99024,0.99033,130,18
2026-06-03 20:40:00,0.99033,0.99055,0.99028,0.99047,133,18
2026-06-03 20:50:00,0.99047,0.99049,0.9903,0.99045,115,18
2026-06-03 21:00:00,0.99045,0.99047,0.99045,0.99045,4,22
2026-06-03 21:10:00,0.99045,0.99045,0.99034,0.99042,95,22
2026-06-03 21:20:00,0.99043,0.99044,0.99025,0.99034,156,22
2026-06-03 21:30:00,0.99035,0.99039,0.99029,0.99037,69,22
2026-06-03 21:40:00,0.99037,0.99038,0.99012,0.99015,109,22
2026-06-03 21:50:00,0.99016,0.99032,0.98995,0.98995,86,22
2026-06-03 22:00:00,0.99,0.99055,0.99,0.99051,118,18
2026-06-03 22:10:00,0.99051,0.9906,0.99023,0.9903,157,18
2026-06-03 22:20:00,0.99024,0.99051,0.9902,0.99039,122,18
2026-06-03 22:30:00,0.9904,0.99049,0.99029,0.99039,128,18
2026-06-03 22:40:00,0.9904,0.99051,0.99031,0.99046,91,18
2026-06-03 22:50:00,0.99046,0.99127,0.99029,0.991,245,18
2026-06-03 23:00:00,0.99108,0.99118,0.99051,0.99059,265,18
2026-06-03 23:10:00,0.99059,0.9906,0.99032,0.99046,175,18
2026-06-03 23:20:00,0.99046,0.99055,0.99025,0.99035,130,18
2026-06-03 23:30:00,0.99035,0.99047,0.99022,0.99032,123,18
2026-06-03 23:40:00,0.99031,0.99064,0.9903,0.99058,171,18
2026-06-03 23:50:00,0.99058,0.99103,0.99057,0.99096,209,18
2026-06-04 00:00:00,0.99096,0.99105,0.99059,0.99062,449,18
2026-06-04 00:10:00,0.99061,0.99107,0.99053,0.991,339,18
2026-06-04 00:20:00,0.991,0.99108,0.99067,0.99074,266,18
2026-06-04 00:30:00,0.99074,0.99091,0.99056,0.99071,282,18
2026-06-04 00:40:00,0.99071,0.99088,0.99054,0.99067,229,18
2026-06-04 00:50:00,0.99067,0.99069,0.99042,0.99049,217,18
2026-06-04 01:00:00,0.9905,0.99052,0.98998,0.99013,284,18
2026-06-04 01:10:00,0.99014,0.99053,0.99007,0.99016,283,18
2026-06-04 01:20:00,0.99016,0.99049,0.99011,0.99049,259,18
2026-06-04 01:30:00,0.9905,0.99125,0.9905,0.99122,320,18
2026-06-04 01:40:00,0.99122,0.99133,0.99086,0.99113,299,18
2026-06-04 01:50:00,0.99114,0.99116,0.99072,0.99077,276,18
2026-06-04 02:00:00,0.99078,0.99082,0.99043,0.99044,314,18
2026-06-04 02:10:00,0.99044,0.99045,0.98985,0.99008,290,18
2026-06-04 02:20:00,0.99009,0.99047,0.99007,0.99029,271,18
2026-06-04 02:30:00,0.99029,0.99031,0.99003,0.99017,234,18
2026-06-04 02:40:00,0.99017,0.99054,0.99008,0.99051,203,18
2026-06-04 02:50:00,0.99051,0.99051,0.99027,0.99037,220,18
2026-06-04 03:00:00,0.99038,0.99044,0.99016,0.99023,207,18
2026-06-04 03:10:00,0.99023,0.99041,0.99012,0.99033,174,18
2026-06-04 03:20:00,0.99034,0.99035,0.99002,0.99026,190,18
2026-06-04 03:30:00,0.99027,0.99045,0.99027,0.99043,173,18
2026-06-04 03:40:00,0.99042,0.99043,0.99013,0.99013,182,18
2026-06-04 03:50:00,0.99013,0.99059,0.99012,0.99055,169,18
2026-06-04 04:00:00,0.99055,0.99065,0.99043,0.99051,158,18
2026-06-04 04:10:00,0.99052,0.99073,0.99048,0.99049,158,18
2026-06-04 04:20:00,0.99049,0.99078,0.99045,0.99073,153,18
2026-06-04 04:30:00,0.99073,0.99116,0.99073,0.99112,230,18
2026-06-04 04:40:00,0.99109,0.99138,0.99109,0.99127,156,18
2026-06-04 04:50:00,0.99127,0.99127,0.99081,0.99097,151,18
2026-06-04 05:00:00,0.99098,0.99106,0.99067,0.99091,247,18
2026-06-04 05:10:00,0.99093,0.99107,0.99087,0.991,180,18
2026-06-04 05:20:00,0.99099,0.991,0.99067,0.99076,186,18
2026-06-04 05:30:00,0.99075,0.99109,0.99054,0.99096,218,18
2026-06-04 05:40:00,0.99095,0.99126,0.99077,0.99106,214,18
2026-06-04 05:50:00,0.99106,0.99126,0.99099,0.99116,193,18
2026-06-04 06:00:00,0.99116,0.99154,0.991,0.99147,320,18
2026-06-04 06:10:00,0.99146,0.99179,0.99134,0.99169,264,18
2026-06-04 06:20:00,0.99166,0.99186,0.99133,0.99185,249,18
2026-06-04 06:30:00,0.99188,0.99224,0.99168,0.99219,274,18
2026-06-04 06:40:00,0.99217,0.99224,0.99189,0.99198,208,18
2026-06-04 06:50:00,0.99198,0.99239,0.99198,0.99227,278,18
2026-06-04 07:00:00,0.99225,0.99264,0.99212,0.99258,329,18
2026-06-04 07:10:00,0.99257,0.99282,0.99242,0.99273,257,18
2026-06-04 07:20:00,0.99273,0.99275,0.99223,0.99255,289,18
2026-06-04 07:30:00,0.99255,0.99262,0.99213,0.99242,270,18
2026-06-04 07:40:00,0.99242,0.99258,0.99209,0.99257,271,18
2026-06-04 07:50:00,0.99258,0.99258,0.99231,0.99248,234,18
2026-06-04 08:00:00,0.99251,0.99279,0.99238,0.99262,321,18
2026-06-04 08:10:00,0.9926,0.99263,0.99217,0.99219,284,18
2026-06-04 08:20:00,0.99219,0.99219,0.99184,0.99201,270,18
2026-06-04 08:30:00,0.99203,0.99234,0.99166,0.99174,305,18
2026-06-04 08:40:00,0.99173,0.99191,0.99172,0.99177,214,18
2026-06-04 08:50:00,0.99178,0.99223,0.99178,0.99216,183,18
2026-06-04 09:00:00,0.99219,0.99237,0.99198,0.9921,337,18
2026-06-04 09:10:00,0.99207,0.99209,0.99156,0.99183,304,18
2026-06-04 09:20:00,0.99182,0.99189,0.99155,0.99155,236,18
2026-06-04 09:30:00,0.99153,0.992,0.99146,0.99195,262,18
2026-06-04 09:40:00,0.99195,0.99203,0.99178,0.99201,206,18
2026-06-04 09:50:00,0.99199,0.99199,0.99138,0.99141,239,18
2026-06-04 10:00:00,0.99141,0.99162,0.99128,0.99143,248,18
2026-06-04 10:10:00,0.99143,0.99167,0.99135,0.99165,241,18
2026-06-04 10:20:00,0.99165,0.99192,0.99164,0.99181,195,18
2026-06-04 10:30:00,0.99184,0.99193,0.99171,0.99174,221,18
2026-06-04 10:40:00,0.99173,0.99179,0.99165,0.99166,202,18
2026-06-04 10:50:00,0.99165,0.99165,0.99137,0.99149,233,18
2026-06-04 11:00:00,0.99151,0.992,0.99149,0.99192,287,18
2026-06-04 11:10:00,0.99191,0.99235,0.99164,0.99225,305,18
2026-06-04 11:20:00,0.99228,0.9924,0.99212,0.99221,288,18
2026-06-04 11:30:00,0.99224,0.99224,0.99198,0.99211,288,18
2026-06-04 11:40:00,0.9921,0.99265,0.99194,0.99263,322,18
2026-06-04 11:50:00,0.99262,0.9928,0.99248,0.9928,290,18
2026-06-04 12:00:00,0.9928,0.99294,0.99228,0.99229,341,18
2026-06-04 12:10:00,0.9923,0.99238,0.99186,0.99194,354,18
2026-06-04 12:20:00,0.99193,0.99224,0.99169,0.99183,299,18
2026-06-04 12:30:00,0.99186,0.99217,0.99166,0.99208,337,18
2026-06-04 12:40:00,0.99208,0.99213,0.99175,0.99188,258,18
2026-06-04 12:50:00,0.99188,0.99228,0.99171,0.99172,300,18
2026-06-04 13:00:00,0.99173,0.99201,0.99158,0.99196,333,18
2026-06-04 13:10:00,0.99195,0.99233,0.99182,0.99229,280,18
2026-06-04 13:20:00,0.99227,0.99231,0.99188,0.99197,268,18
2026-06-04 13:30:00,0.99199,0.99213,0.99179,0.99196,426,18
2026-06-04 13:40:00,0.99196,0.99198,0.99155,0.99193,389,18
2026-06-04 13:50:00,0.99193,0.99198,0.99166,0.99175,395,18
2026-06-04 14:00:00,0.99177,0.992,0.99149,0.99155,384,18
2026-06-04 14:10:00,0.99154,0.99176,0.99143,0.99152,343,18
2026-06-04 14:20:00,0.99153,0.9917,0.99151,0.99158,312,18
2026-06-04 14:30:00,0.99158,0.99158,0.99127,0.9914,310,18
2026-06-04 14:40:00,0.9914,0.99161,0.99136,0.99149,287,18
2026-06-04 14:50:00,0.9915,0.9919,0.99136,0.99181,321,18
2026-06-04 15:00:00,0.99181,0.99206,0.99164,0.99202,326,18
2026-06-04 15:10:00,0.99201,0.99254,0.99198,0.99254,297,18
2026-06-04 15:20:00,0.99254,0.99257,0.99215,0.99215,264,18
2026-06-04 15:30:00,0.99218,0.99225,0.99201,0.99215,289,18
2026-06-04 15:40:00,0.99215,0.99216,0.99168,0.99183,277,18
2026-06-04 15:50:00,0.99183,0.99194,0.99174,0.99179,271,18
2026-06-04 16:00:00,0.9918,0.9919,0.99174,0.9918,232,18
2026-06-04 16:10:00,0.99182,0.99198,0.9917,0.99195,216,18
2026-06-04 16:20:00,0.99196,0.99216,0.99191,0.99205,198,18
2026-06-04 16:30:00,0.99207,0.99226,0.99198,0.99211,256,18
2026-06-04 16:40:00,0.99211,0.99226,0.99202,0.99203,169,18
2026-06-04 16:50:00,0.99203,0.99219,0.99186,0.99195,198,18
2026-06-04 17:00:00,0.99193,0.992,0.9918,0.99197,218,18
2026-06-04 17:10:00,0.99196,0.99211,0.99187,0.99203,176,18
2026-06-04 17:20:00,0.99203,0.9921,0.99197,0.992,181,18
2026-06-04 17:30:00,0.992,0.99239,0.992,0.9922,211,18
2026-06-04 17:40:00,0.9922,0.99233,0.99213,0.99218,186,18
2026-06-04 17:50:00,0.99218,0.99226,0.99213,0.99216,171,18
2026-06-04 18:00:00,0.99217,0.99232,0.99204,0.99204,184,18
2026-06-04 18:10:00,0.99204,0.99214,0.99202,0.99209,166,18
2026-06-04 18:20:00,0.99209,0.99213,0.99185,0.99187,177,18
2026-06-04 18:30:00,0.99185,0.9919,0.99156,0.99158,240,18
2026-06-04 18:40:00,0.99157,0.99175,0.99154,0.99167,138,18
2026-06-04 18:50:00,0.99167,0.99172,0.99151,0.99163,183,18
2026-06-04 19:00:00,0.99163,0.99174,0.99162,0.99166,173,18
2026-06-04 19:10:00,0.99166,0.9917,0.9915,0.99157,154,18
2026-06-04 19:20:00,0.99157,0.99176,0.99157,0.99174,138,18
2026-06-04 19:30:00,0.99174,0.99176,0.99163,0.9917,159,18
2026-06-04 19:40:00,0.99173,0.99182,0.99165,0.99181,140,18
2026-06-04 19:50:00,0.9918,0.99196,0.99172,0.99193,159,18
2026-06-04 20:00:00,0.99195,0.99201,0.99187,0.99197,133,18
2026-06-04 20:10:00,0.99198,0.99216,0.99198,0.99204,104,18
2026-06-04 20:20:00,0.99204,0.99209,0.99192,0.99192,90,18
2026-06-04 20:30:00,0.99191,0.99196,0.99186,0.99187,91,18
2026-06-04 20:40:00,0.99189,0.99189,0.99174,0.9918,80,18
2026-06-04 20:50:00,0.9918,0.99207,0.99177,0.99204,98,18
2026-06-04 21:00:00,0.99205,0.99205,0.99205,0.99205,1,22
2026-06-04 21:10:00,0.99205,0.99208,0.99194,0.99194,38,22
2026-06-04 21:20:00,0.99192,0.99201,0.99187,0.99197,131,35
2026-06-04 21:30:00,0.99197,0.99208,0.99196,0.99206,46,36
2026-06-04 21:40:00,0.99205,0.99215,0.99198,0.99212,121,28
2026-06-04 21:50:00,0.99213,0.99213,0.99176,0.99176,156,29
2026-06-04 22:00:00,0.99182,0.99193,0.9915,0.99193,98,18
2026-06-04 22:10:00,0.99193,0.99196,0.99183,0.9919,81,18
2026-06-04 22:20:00,0.9919,0.992,0.99187,0.99193,69,18
2026-06-04 22:30:00,0.99193,0.992,0.99184,0.99197,70,18
2026-06-04 22:40:00,0.99197,0.99203,0.99172,0.99185,97,18
2026-06-04 22:50:00,0.99182,0.992,0.99181,0.99193,58,18
2026-06-04 23:00:00,0.99192,0.99202,0.99192,0.99202,68,18
2026-06-04 23:10:00,0.99202,0.9922,0.99201,0.99212,60,18
2026-06-04 23:20:00,0.99212,0.99219,0.99201,0.99202,82,18
2026-06-04 23:30:00,0.99202,0.99204,0.99187,0.99198,80,18
2026-06-04 23:40:00,0.99198,0.99199,0.99167,0.99168,125,18
2026-06-04 23:50:00,0.99168,0.99177,0.99138,0.99153,171,18
2026-06-05 00:00:00,0.99151,0.99151,0.99104,0.99106,301,18
2026-06-05 00:10:00,0.99106,0.99111,0.99047,0.99074,298,18
2026-06-05 00:20:00,0.99073,0.99086,0.9905,0.99067,292,18
2026-06-05 00:30:00,0.99068,0.99116,0.99062,0.99106,240,18
2026-06-05 00:40:00,0.99106,0.99112,0.9906,0.99061,252,18
2026-06-05 00:50:00,0.99061,0.99068,0.99041,0.99048,246,18
2026-06-05 01:00:00,0.99048,0.99055,0.98955,0.98955,400,18
2026-06-05 01:10:00,0.98955,0.98966,0.98885,0.98906,384,18
2026-06-05 01:20:00,0.98907,0.98909,0.9884,0.98871,388,18
2026-06-05 01:30:00,0.98871,0.98915,0.98868,0.98894,320,18
2026-06-05 01:40:00,0.98894,0.98931,0.98888,0.98908,272,18
2026-06-05 01:50:00,0.98908,0.98978,0.98903,0.98967,271,18
2026-06-05 02:00:00,0.98967,0.98991,0.98946,0.98977,255,18
2026-06-05 02:10:00,0.98979,0.98999,0.98958,0.9897,226,18
2026-06-05 02:20:00,0.9897,0.9903,0.9897,0.99025,229,18
2026-06-05 02:30:00,0.99025,0.99038,0.99011,0.99018,268,18
2026-06-05 02:40:00,0.99015,0.99018,0.98986,0.99014,248,18
2026-06-05 02:50:00,0.99014,0.99071,0.99014,0.99039,222,18
2026-06-05 03:00:00,0.9904,0.99065,0.99022,0.99048,260,18
2026-06-05 03:10:00,0.99048,0.99083,0.99045,0.99069,214,18
2026-06-05 03:20:00,0.99069,0.99088,0.99063,0.99067,208,18
2026-06-05 03:30:00,0.99067,0.99085,0.99039,0.99043,227,18
2026-06-05 03:40:00,0.99043,0.9906,0.99035,0.99055,174,18
2026-06-05 03:50:00,0.99055,0.9906,0.99011,0.99022,241,18
2026-06-05 04:00:00,0.99022,0.99039,0.99015,0.99035,227,18
2026-06-05 04:10:00,0.99036,0.99058,0.99026,0.99042,197,18
2026-06-05 04:20:00,0.99042,0.99077,0.99042,0.99056,215,18
2026-06-05 04:30:00,0.99056,0.99091,0.99056,0.99091,210,18
2026-06-05 04:40:00,0.99091,0.99097,0.99085,0.99095,172,18
2026-06-05 04:50:00,0.99095,0.99113,0.99084,0.99084,177,18
2026-06-05 05:00:00,0.99084,0.99094,0.99061,0.99068,194,18
2026-06-05 05:10:00,0.99068,0.99086,0.99054,0.99056,159,18
2026-06-05 05:20:00,0.99056,0.99064,0.99047,0.99049,150,18
2026-06-05 05:30:00,0.99049,0.99078,0.99047,0.99054,223,18
2026-06-05 05:40:00,0.99055,0.99059,0.99006,0.99012,206,18
2026-06-05 05:50:00,0.99012,0.99016,0.98973,0.98989,212,18
2026-06-05 06:00:00,0.98989,0.99022,0.98988,0.99005,298,18
2026-06-05 06:10:00,0.99005,0.99016,0.98956,0.98984,231,18
2026-06-05 06:20:00,0.98983,0.98983,0.98952,0.98977,270,18
2026-06-05 06:30:00,0.98979,0.99008,0.98973,0.98992,259,18
2026-06-05 06:40:00,0.98994,0.99019,0.9899,0.99011,213,18
2026-06-05 06:50:00,0.99011,0.99031,0.98994,0.9902,206,18
2026-06-05 07:00:00,0.99017,0.99057,0.99011,0.9905,291,18
2026-06-05 07:10:00,0.99048,0.99052,0.99014,0.99022,263,18
2026-06-05 07:20:00,0.99021,0.99027,0.98994,0.99016,288,18
2026-06-05 07:30:00,0.99015,0.99061,0.99012,0.99051,271,18
2026-06-05 07:40:00,0.99052,0.99052,0.99024,0.9905,226,18
2026-06-05 07:50:00,0.9905,0.99062,0.99007,0.9901,214,18
2026-06-05 08:00:00,0.99008,0.99042,0.98999,0.99028,278,18
2026-06-05 08:10:00,0.99025,0.99057,0.99017,0.99055,236,18
2026-06-05 08:20:00,0.99055,0.99079,0.99052,0.99079,233,18
2026-06-05 08:30:00,0.99079,0.99108,0.99069,0.99099,208,18
2026-06-05 08:40:00,0.99099,0.99101,0.99079,0.99086,212,18
2026-06-05 08:50:00,0.99086,0.99086,0.9902,0.99021,209,18
2026-06-05 09:00:00,0.99021,0.9906,0.99011,0.99051,237,18
2026-06-05 09:10:00,0.99051,0.99109,0.99035,0.99084,402,18
2026-06-05 09:20:00,0.99085,0.99085,0.99024,0.99025,277,18
2026-06-05 09:30:00,0.99025,0.99043,0.9901,0.99017,257,18
2026-06-05 09:40:00,0.99017,0.99043,0.99012,0.99038,221,18
2026-06-05 09:50:00,0.99038,0.99044,0.99023,0.99032,211,18
2026-06-05 10:00:00,0.99032,0.99055,0.9903,0.99043,232,18
2026-06-05 10:10:00,0.99043,0.99055,0.99006,0.99009,184,18
2026-06-05 10:20:00,0.99008,0.99076,0.99002,0.99072,216,18
2026-06-05 10:30:00,0.99072,0.99087,0.99049,0.99057,234,18
2026-06-05 10:40:00,0.99057,0.99064,0.99045,0.99053,177,18
2026-06-05 10:50:00,0.99053,0.99081,0.99042,0.9908,205,18
2026-06-05 11:00:00,0.99077,0.99088,0.99059,0.9907,237,18
2026-06-05 11:10:00,0.99069,0.9909,0.99068,0.9908,192,18
2026-06-05 11:20:00,0.9908,0.99111,0.99068,0.9911,274,18
2026-06-05 11:30:00,0.99108,0.99113,0.99089,0.99091,234,18
2026-06-05 11:40:00,0.99094,0.99119,0.99078,0.99118,229,18
2026-06-05 11:50:00,0.99119,0.99134,0.99115,0.99115,213,18
2026-06-05 12:00:00,0.99116,0.99124,0.9907,0.99108,259,18
2026-06-05 12:10:00,0.99108,0.99113,0.99053,0.99066,263,18
2026-06-05 12:20:00,0.99065,0.99141,0.99059,0.99102,313,18
2026-06-05 12:30:00,0.99107,0.99107,0.98802,0.98871,834,18
2026-06-05 12:40:00,0.98873,0.98918,0.98812,0.9883,523,18
2026-06-05 12:50:00,0.98831,0.98834,0.98667,0.98677,579,18
2026-06-05 13:00:00,0.98676,0.98749,0.98656,0.98741,729,18
2026-06-05 13:10:00,0.98741,0.98797,0.98695,0.98705,491,18
2026-06-05 13:20:00,0.98705,0.9871,0.98594,0.98608,449,18
2026-06-05 13:30:00,0.9861,0.98623,0.98535,0.98563,536,18
2026-06-05 13:40:00,0.9856,0.9857,0.98492,0.98495,508,18
2026-06-05 13:50:00,0.98497,0.98534,0.98447,0.9845,521,18
2026-06-05 14:00:00,0.98449,0.98503,0.98399,0.98425,648,18
2026-06-05 14:10:00,0.98427,0.98446,0.9835,0.98425,529,18
2026-06-05 14:20:00,0.98425,0.98434,0.98339,0.98372,512,18
2026-06-05 14:30:00,0.98374,0.98433,0.98372,0.98405,503,18
2026-06-05 14:40:00,0.98406,0.98471,0.98395,0.98471,430,18
2026-06-05 14:50:00,0.98471,0.98533,0.98452,0.98532,504,18
2026-06-05 15:00:00,0.98531,0.98542,0.98462,0.98465,424,18
2026-06-05 15:10:00,0.98466,0.98472,0.98404,0.98421,411,18
2026-06-05 15:20:00,0.9842,0.98461,0.98405,0.98428,444,18
2026-06-05 15:30:00,0.98429,0.98463,0.98391,0.98402,417,18
2026-06-05 15:40:00,0.98401,0.98427,0.98398,0.98402,362,18
2026-06-05 15:50:00,0.98402,0.98413,0.9833,0.9833,393,18
2026-06-05 16:00:00,0.9833,0.98342,0.98256,0.9826,416,18
2026-06-05 16:10:00,0.98262,0.98309,0.98254,0.98264,392,18
2026-06-05 16:20:00,0.98265,0.98328,0.98262,0.98299,392,18
2026-06-05 16:30:00,0.983,0.98313,0.98284,0.98307,354,18
2026-06-05 16:40:00,0.98305,0.98307,0.98283,0.98305,333,18
2026-06-05 16:50:00,0.98306,0.98382,0.98302,0.9838,416,18
2026-06-05 17:00:00,0.9838,0.98388,0.98344,0.98348,405,18
2026-06-05 17:10:00,0.98346,0.98369,0.98335,0.98354,329,18
2026-06-05 17:20:00,0.98354,0.98368,0.98333,0.98341,351,18
2026-06-05 17:30:00,0.9834,0.98357,0.98319,0.98345,310,18
2026-06-05 17:40:00,0.98345,0.98357,0.98298,0.98305,319,18
2026-06-05 17:50:00,0.98305,0.98352,0.98305,0.98345,291,18
2026-06-05 18:00:00,0.98348,0.98352,0.98286,0.98287,307,18
2026-06-05 18:10:00,0.98286,0.98294,0.98239,0.98256,335,18
2026-06-05 18:20:00,0.98256,0.98285,0.98243,0.98253,393,18
2026-06-05 18:30:00,0.98253,0.98269,0.98242,0.98253,329,18
2026-06-05 18:40:00,0.98253,0.98255,0.9821,0.98252,334,18
2026-06-05 18:50:00,0.98252,0.9828,0.98225,0.9824,366,18
2026-06-05 19:00:00,0.98237,0.9824,0.98194,0.98209,329,18
2026-06-05 19:10:00,0.9821,0.98217,0.98184,0.98204,307,18
2026-06-05 19:20:00,0.98204,0.98221,0.98187,0.98219,345,18
2026-06-05 19:30:00,0.9822,0.9822,0.98188,0.98216,277,18
2026-06-05 19:40:00,0.98215,0.98237,0.98194,0.98229,339,18
2026-06-05 19:50:00,0.98226,0.9825,0.98202,0.98215,309,18
2026-06-05 20:00:00,0.98215,0.98215,0.98179,0.98183,326,18
2026-06-05 20:10:00,0.98183,0.98186,0.98143,0.9815,217,18
2026-06-05 20:20:00,0.9815,0.98172,0.98139,0.9814,182,18
2026-06-05 20:30:00,0.98141,0.98171,0.98127,0.98132,197,18
2026-06-05 20:40:00,0.9813,0.98155,0.9813,0.9815,172,18
2026-06-05 20:50:00,0.98152,0.98202,0.9814,0.98197,277,18
2026-06-07 21:10:00,0.97879,0.97887,0.97876,0.97887,13,283
2026-06-07 21:20:00,0.97887,0.97912,0.97883,0.97907,97,186
2026-06-07 21:30:00,0.97913,0.97941,0.9785,0.97915,144,98
2026-06-07 21:40:00,0.97912,0.97973,0.97904,0.97973,198,70
2026-06-07 21:50:00,0.97973,0.97986,0.97967,0.97986,59,67
2026-06-07 22:00:00,0.98001,0.98068,0.97976,0.9803,294,18
2026-06-07 22:10:00,0.9803,0.98132,0.98026,0.98108,354,18
2026-06-07 22:20:00,0.98101,0.98125,0.98052,0.98069,305,18
2026-06-07 22:30:00,0.98069,0.9812,0.98066,0.98115,263,18
2026-06-07 22:40:00,0.98115,0.98125,0.98091,0.98109,229,18
2026-06-07 22:50:00,0.98109,0.98119,0.98041,0.98089,294,18
2026-06-07 23:00:00,0.98093,0.98152,0.98093,0.98152,253,18
2026-06-07 23:10:00,0.9815,0.98163,0.98127,0.98143,256,18
2026-06-07 23:20:00,0.98142,0.98156,0.9812,0.98156,248,18
2026-06-07 23:30:00,0.98155,0.98166,0.98141,0.98151,179,18
2026-06-07 23:40:00,0.98151,0.98194,0.98148,0.98179,227,18
2026-06-07 23:50:00,0.98176,0.98205,0.98174,0.98197,244,18
2026-06-08 00:00:00,0.98194,0.98221,0.98175,0.98221,278,18
2026-06-08 00:10:00,0.98221,0.98238,0.98198,0.98232,267,18
2026-06-08 00:20:00,0.98233,0.98272,0.98233,0.98258,222,18
2026-06-08 00:30:00,0.98257,0.98357,0.98257,0.98352,240,18
2026-06-08 00:40:00,0.98353,0.98365,0.98327,0.9836,284,18
2026-06-08 00:50:00,0.9836,0.98377,0.98345,0.9837,309,18
2026-06-08 01:00:00,0.98369,0.9842,0.98346,0.98403,360,18
2026-06-08 01:10:00,0.98406,0.9841,0.98287,0.98289,491,18
2026-06-08 01:20:00,0.98289,0.98331,0.98194,0.98218,586,18
2026-06-08 01:30:00,0.98221,0.98264,0.98151,0.98222,705,18
2026-06-08 01:40:00,0.98223,0.98328,0.98217,0.98301,508,18
2026-06-08 01:50:00,0.98302,0.98321,0.98281,0.98317,408,18
2026-06-08 02:00:00,0.98317,0.98323,0.98253,0.98255,385,18
2026-06-08 02:10:00,0.98254,0.98282,0.98232,0.98242,318,18
2026-06-08 02:20:00,0.98243,0.98304,0.98238,0.98289,280,18
2026-06-08 02:30:00,0.98289,0.98293,0.98254,0.98288,407,18
2026-06-08 02:40:00,0.98286,0.98347,0.98284,0.98331,314,18
2026-06-08 02:50:00,0.98333,0.98343,0.98301,0.98323,312,18
2026-06-08 03:00:00,0.98323,0.98347,0.98309,0.98327,274,18
2026-06-08 03:10:00,0.98325,0.98329,0.98267,0.98271,229,18
2026-06-08 03:20:00,0.98271,0.98309,0.9826,0.9827,253,18
2026-06-08 03:30:00,0.98271,0.98297,0.98266,0.98278,211,18
2026-06-08 03:40:00,0.98278,0.98314,0.98271,0.98311,215,18
2026-06-08 03:50:00,0.98312,0.98332,0.98298,0.98306,203,18
2026-06-08 04:00:00,0.98308,0.98327,0.9828,0.98304,244,18
2026-06-08 04:10:00,0.98304,0.98353,0.98303,0.98314,188,18
2026-06-08 04:20:00,0.98315,0.98329,0.98295,0.98329,199,18
2026-06-08 04:30:00,0.98329,0.98339,0.98289,0.98303,261,18
2026-06-08 04:40:00,0.98303,0.98307,0.98255,0.98258,235,18
2026-06-08 04:50:00,0.98258,0.98272,0.98207,0.98222,263,18
2026-06-08 05:00:00,0.98225,0.98254,0.9822,0.98225,314,18
2026-06-08 05:10:00,0.98225,0.98249,0.98185,0.98248,340,18
2026-06-08 05:20:00,0.98248,0.98283,0.98241,0.98251,331,18
2026-06-08 05:30:00,0.98251,0.98254,0.9813,0.98176,449,18
2026-06-08 05:40:00,0.98173,0.98179,0.98125,0.98144,415,18
2026-06-08 05:50:00,0.98144,0.98165,0.98106,0.9814,397,18
2026-06-08 06:00:00,0.9814,0.98187,0.98135,0.98176,472,18
2026-06-08 06:10:00,0.98179,0.98202,0.98164,0.98196,381,18
2026-06-08 06:20:00,0.98196,0.98237,0.98196,0.98232,353,18
2026-06-08 06:30:00,0.9823,0.98231,0.98158,0.98175,360,18
2026-06-08 06:40:00,0.98175,0.98222,0.98157,0.98198,295,18
2026-06-08 06:50:00,0.98195,0.98226,0.9818,0.98203,304,18
2026-06-08 07:00:00,0.98205,0.98292,0.98198,0.98285,456,18
2026-06-08 07:10:00,0.98282,0.98356,0.98273,0.98322,446,18
2026-06-08 07:20:00,0.98325,0.98388,0.98318,0.98341,373,18
2026-06-08 07:30:00,0.98341,0.98358,0.98319,0.9835,355,18
2026-06-08 07:40:00,0.98348,0.98369,0.98333,0.98364,304,18
2026-06-08 07:50:00,0.98361,0.98364,0.98315,0.98316,331,18
2026-06-08 08:00:00,0.98316,0.98371,0.98306,0.98367,368,18
2026-06-08 08:10:00,0.98367,0.98372,0.98327,0.98359,310,18
2026-06-08 08:20:00,0.98359,0.98367,0.98322,0.98358,347,18
2026-06-08 08:30:00,0.9836,0.98377,0.98331,0.98331,295,18
2026-06-08 08:40:00,0.98331,0.98335,0.98256,0.98301,325,18
2026-06-08 08:50:00,0.98302,0.98335,0.9827,0.98316,367,18
2026-06-08 09:00:00,0.98315,0.9834,0.98269,0.98271,335,18
2026-06-08 09:10:00,0.9827,0.98286,0.98255,0.98275,287,18
2026-06-08 09:20:00,0.98275,0.98308,0.9825,0.98252,271,18
2026-06-08 09:30:00,0.98254,0.9831,0.98201,0.98295,478,18
2026-06-08 09:40:00,0.98296,0.98353,0.98269,0.98338,376,18
2026-06-08 09:50:00,0.98338,0.98346,0.98311,0.98341,306,18
2026-06-08 10:00:00,0.98342,0.98366,0.98304,0.9835,371,18
2026-06-08 10:10:00,0.9835,0.98369,0.98316,0.98316,245,18
2026-06-08 10:20:00,0.98317,0.98334,0.98304,0.9833,210,18
2026-06-08 10:30:00,0.98331,0.98471,0.98331,0.98389,525,18
2026-06-08 10:40:00,0.98389,0.98428,0.9838,0.98413,253,18
2026-06-08 10:50:00,0.98414,0.98434,0.98389,0.98397,284,18
2026-06-08 11:00:00,0.98396,0.98415,0.98378,0.98415,236,18
2026-06-08 11:10:00,0.98415,0.98559,0.98407,0.98557,565,18
2026-06-08 11:20:00,0.98557,0.98589,0.98531,0.98543,400,18
2026-06-08 11:30:00,0.98543,0.98574,0.98499,0.98523,330,18
2026-06-08 11:40:00,0.98524,0.9856,0.98517,0.98529,277,18
2026-06-08 11:50:00,0.98528,0.98553,0.98517,0.98525,249,18
2026-06-08 12:00:00,0.98525,0.98593,0.98525,0.98587,425,18
2026-06-08 12:10:00,0.98585,0.98586,0.98489,0.98509,351,18
2026-06-08 12:20:00,0.9851,0.98529,0.98483,0.98518,314,18
2026-06-08 12:30:00,0.9852,0.98529,0.98477,0.98477,312,18
2026-06-08 12:40:00,0.98479,0.98525,0.98476,0.98486,352,18
2026-06-08 12:50:00,0.98485,0.98495,0.98445,0.9849,327,18
2026-06-08 13:00:00,0.98493,0.98531,0.98481,0.98517,427,18
2026-06-08 13:10:00,0.9852,0.98524,0.98477,0.98494,322,18
2026-06-08 13:20:00,0.98495,0.98559,0.98489,0.98492,403,18
2026-06-08 13:30:00,0.98489,0.98495,0.9842,0.98475,534,18
2026-06-08 13:40:00,0.98475,0.98486,0.98401,0.98415,461,18
2026-06-08 13:50:00,0.98412,0.98448,0.98369,0.98369,467,18
2026-06-08 14:00:00,0.98369,0.98403,0.98337,0.98355,482,18
2026-06-08 14:10:00,0.98355,0.9837,0.98287,0.98308,457,18
2026-06-08 14:20:00,0.98306,0.98321,0.9827,0.9832,454,18
2026-06-08 14:30:00,0.98319,0.98377,0.98312,0.9836,432,18
2026-06-08 14:40:00,0.98358,0.98399,0.98321,0.98346,438,18
2026-06-08 14:50:00,0.98345,0.98412,0.98336,0.98399,423,18
2026-06-08 15:00:00,0.98402,0.98426,0.98393,0.98394,381,18
2026-06-08 15:10:00,0.98397,0.98437,0.98386,0.98424,391,18
2026-06-08 15:20:00,0.98425,0.98441,0.98375,0.98378,370,18
2026-06-08 15:30:00,0.98379,0.98402,0.98359,0.98398,376,18
2026-06-08 15:40:00,0.98397,0.9842,0.98387,0.98392,349,18
2026-06-08 15:50:00,0.98393,0.98437,0.98386,0.98392,321,18
2026-06-08 16:00:00,0.98394,0.98422,0.98383,0.9839,354,18
2026-06-08 16:10:00,0.98389,0.98415,0.98367,0.984,313,18
2026-06-08 16:20:00,0.98402,0.98412,0.98367,0.98368,292,18
2026-06-08 16:30:00,0.98367,0.98394,0.98367,0.98392,320,18
2026-06-08 16:40:00,0.9839,0.98402,0.98375,0.98386,286,18
2026-06-08 16:50:00,0.98388,0.98398,0.98376,0.98378,274,18
2026-06-08 17:00:00,0.98376,0.98383,0.9833,0.9834,343,18
2026-06-08 17:10:00,0.9834,0.98365,0.98328,0.98347,310,18
2026-06-08 17:20:00,0.98348,0.98379,0.98334,0.98375,287,18
2026-06-08 17:30:00,0.98373,0.98374,0.98342,0.98356,348,18
2026-06-08 17:40:00,0.98356,0.98361,0.98324,0.98353,306,18
2026-06-08 17:50:00,0.98353,0.98364,0.98339,0.98341,253,18
2026-06-08 18:00:00,0.9834,0.98377,0.98338,0.98356,307,18
2026-06-08 18:10:00,0.98356,0.98367,0.98325,0.98336,277,18
2026-06-08 18:20:00,0.98336,0.98361,0.98324,0.98356,236,18
2026-06-08 18:30:00,0.98356,0.98378,0.98324,0.98328,275,18
2026-06-08 18:40:00,0.9833,0.9834,0.98325,0.9833,209,18
2026-06-08 18:50:00,0.98331,0.9834,0.98297,0.98308,242,18
2026-06-08 19:00:00,0.98309,0.98317,0.98285,0.98286,261,18
2026-06-08 19:10:00,0.98285,0.98297,0.98276,0.98296,256,18
2026-06-08 19:20:00,0.98296,0.98305,0.98271,0.98282,245,18
2026-06-08 19:30:00,0.98283,0.98308,0.98281,0.98292,269,18
2026-06-08 19:40:00,0.98292,0.98308,0.98272,0.98284,256,18
2026-06-08 19:50:00,0.98284,0.98302,0.9827,0.9828,291,18
2026-06-08 20:00:00,0.98281,0.98302,0.98276,0.98281,183,18
2026-06-08 20:10:00,0.98281,0.98289,0.98269,0.9827,129,18
2026-06-08 20:20:00,0.9827,0.98293,0.98265,0.98286,135,18
2026-06-08 20:30:00,0.98289,0.98289,0.98278,0.98286,112,18
2026-06-08 20:40:00,0.98286,0.98298,0.98277,0.98284,111,18
2026-06-08 20:50:00,0.98284,0.983,0.98284,0.98289,113,18
2026-06-08 21:00:00,0.98289,0.98293,0.98229,0.98236,125,22
2026-06-08 21:10:00,0.98235,0.98236,0.9822,0.98231,52,88
2026-06-08 21:20:00,0.9823,0.98244,0.98225,0.9824,266,70
2026-06-08 21:30:00,0.98238,0.98245,0.98229,0.98237,232,63
2026-06-08 21:40:00,0.98239,0.98248,0.98235,0.98247,162,49
2026-06-08 21:50:00,0.98247,0.98267,0.98243,0.98259,72,24
2026-06-08 22:00:00,0.98274,0.98291,0.9825,0.98252,143,18
2026-06-08 22:10:00,0.98252,0.98257,0.98244,0.98254,128,18
2026-06-08 22:20:00,0.98254,0.98267,0.98251,0.98264,96,18
2026-06-08 22:30:00,0.98264,0.98271,0.98256,0.98271,93,18
2026-06-08 22:40:00,0.98271,0.98274,0.98259,0.98266,62,18
2026-06-08 22:50:00,0.98267,0.98284,0.98252,0.98282,100,18
2026-06-08 23:00:00,0.98282,0.98284,0.98274,0.98282,69,18
2026-06-08 23:10:00,0.98282,0.98282,0.98261,0.98267,80,18
2026-06-08 23:20:00,0.98267,0.98286,0.98266,0.98279,99,18
2026-06-08 23:30:00,0.9828,0.98288,0.98263,0.98286,115,18
2026-06-08 23:40:00,0.98286,0.98296,0.98254,0.98254,143,18
2026-06-08 23:50:00,0.98254,0.98256,0.98219,0.98242,177,18
2026-06-09 00:00:00,0.9824,0.9824,0.98187,0.98199,426,18
2026-06-09 00:10:00,0.98197,0.98236,0.98182,0.98206,338,18
2026-06-09 00:20:00,0.98206,0.98232,0.98203,0.98226,270,18
2026-06-09 00:30:00,0.98226,0.98245,0.98203,0.98232,316,18
2026-06-09 00:40:00,0.98232,0.98246,0.98226,0.98244,301,18
2026-06-09 00:50:00,0.98244,0.98263,0.98211,0.98263,287,18
2026-06-09 01:00:00,0.98263,0.98306,0.98255,0.98286,376,18
2026-06-09 01:10:00,0.98284,0.98332,0.98274,0.98316,329,18
2026-06-09 01:20:00,0.98317,0.98371,0.98312,0.98345,380,18
2026-06-09 01:30:00,0.98349,0.98384,0.98335,0.98383,303,18
2026-06-09 01:40:00,0.98382,0.98417,0.98369,0.98401,315,18
2026-06-09 01:50:00,0.984,0.98416,0.98382,0.98413,290,18
2026-06-09 02:00:00,0.98414,0.98429,0.984,0.98418,277,18
2026-06-09 02:10:00,0.98417,0.98422,0.98356,0.98363,258,18
2026-06-09 02:20:00,0.98363,0.98363,0.98298,0.98337,327,18
2026-06-09 02:30:00,0.98339,0.98354,0.98311,0.98321,299,18
2026-06-09 02:40:00,0.98323,0.98344,0.98311,0.98316,261,18
2026-06-09 02:50:00,0.98315,0.98316,0.98279,0.98298,223,18
2026-06-09 03:00:00,0.98295,0.9831,0.98266,0.98273,351,18
2026-06-09 03:10:00,0.98274,0.98286,0.9825,0.9825,274,18
2026-06-09 03:20:00,0.98251,0.98259,0.98217,0.9824,259,18
2026-06-09 03:30:00,0.98241,0.9827,0.98227,0.98242,274,18
2026-06-09 03:40:00,0.98242,0.98271,0.98222,0.98259,230,18
2026-06-09 03:50:00,0.98259,0.98265,0.98223,0.98256,203,18
2026-06-09 04:00:00,0.98256,0.98288,0.98234,0.98285,189,18
2026-06-09 04:10:00,0.98285,0.98304,0.9828,0.98298,174,18
2026-06-09 04:20:00,0.98298,0.98324,0.98282,0.98324,162,18
2026-06-09 04:30:00,0.98322,0.98374,0.98304,0.98371,205,18
2026-06-09 04:40:00,0.98372,0.98391,0.98352,0.9839,223,18
2026-06-09 04:50:00,0.9839,0.9839,0.98357,0.98373,191,18
2026-06-09 05:00:00,0.98373,0.98396,0.98354,0.98354,245,18
2026-06-09 05:10:00,0.98354,0.98368,0.98347,0.98361,240,18
2026-06-09 05:20:00,0.98362,0.98368,0.98321,0.98321,237,18
2026-06-09 05:30:00,0.98322,0.98377,0.98322,0.98355,367,18
2026-06-09 05:40:00,0.98358,0.98405,0.9835,0.98397,273,18
2026-06-09 05:50:00,0.98398,0.98399,0.98331,0.98341,290,18
2026-06-09 06:00:00,0.98341,0.98394,0.98332,0.98382,360,18
2026-06-09 06:10:00,0.98382,0.98485,0.98381,0.98469,355,18
2026-06-09 06:20:00,0.98468,0.98474,0.98389,0.98402,327,18
2026-06-09 06:30:00,0.98403,0.98415,0.98379,0.98405,277,18
2026-06-09 06:40:00,0.98405,0.98412,0.98348,0.98365,277,18
2026-06-09 06:50:00,0.98364,0.9838,0.98342,0.98376,267,18
2026-06-09 07:00:00,0.98378,0.98408,0.9835,0.98356,355,18
2026-06-09 07:10:00,0.98356,0.98366,0.98294,0.98309,331,18
2026-06-09 07:20:00,0.98309,0.9834,0.98302,0.98304,309,18
2026-06-09 07:30:00,0.98303,0.98314,0.98264,0.98285,323,18
2026-06-09 07:40:00,0.98285,0.98313,0.98279,0.98307,263,18
2026-06-09 07:50:00,0.98308,0.98333,0.98274,0.98276,263,18
2026-06-09 08:00:00,0.98277,0.98288,0.98234,0.98274,339,18
2026-06-09 08:10:00,0.98277,0.98332,0.98263,0.9831,394,18
2026-06-09 08:20:00,0.9831,0.98329,0.98279,0.9828,309,18
2026-06-09 08:30:00,0.98282,0.98309,0.98276,0.98301,242,18
2026-06-09 08:40:00,0.983,0.98301,0.98264,0.98266,240,18
2026-06-09 08:50:00,0.98269,0.98279,0.98237,0.98279,236,18
2026-06-09 09:00:00,0.98282,0.98294,0.98243,0.98277,243,18
2026-06-09 09:10:00,0.98276,0.98322,0.98259,0.98311,262,18
2026-06-09 09:20:00,0.9831,0.98322,0.98272,0.98272,228,18
2026-06-09 09:30:00,0.98272,0.98281,0.98249,0.98256,245,18
2026-06-09 09:40:00,0.98256,0.9829,0.98251,0.98274,217,18
2026-06-09 09:50:00,0.98274,0.98289,0.98243,0.98244,208,18
2026-06-09 10:00:00,0.98241,0.98287,0.98205,0.98214,323,18
2026-06-09 10:10:00,0.98214,0.98295,0.98214,0.98295,292,18
2026-06-09 10:20:00,0.98296,0.98328,0.98285,0.98322,205,18
2026-06-09 10:30:00,0.98322,0.98331,0.98292,0.98292,169,18
2026-06-09 10:40:00,0.98292,0.98315,0.9829,0.98295,177,18
2026-06-09 10:50:00,0.98295,0.98325,0.98295,0.98309,206,18
2026-06-09 11:00:00,0.98309,0.9834,0.98305,0.98307,232,18
2026-06-09 11:10:00,0.98306,0.98318,0.98299,0.98312,205,18
2026-06-09 11:20:00,0.98311,0.98316,0.98284,0.98291,211,18
2026-06-09 11:30:00,0.98291,0.983,0.98273,0.98283,202,18
2026-06-09 11:40:00,0.98283,0.98298,0.98274,0.98285,226,18
2026-06-09 11:50:00,0.98284,0.983,0.9827,0.98282,252,18
2026-06-09 12:00:00,0.9828,0.98287,0.98265,0.98284,241,18
2026-06-09 12:10:00,0.98284,0.98286,0.98265,0.98278,210,18
2026-06-09 12:20:00,0.98279,0.98302,0.98276,0.98284,215,18
2026-06-09 12:30:00,0.98282,0.98312,0.98267,0.98273,264,18
2026-06-09 12:40:00,0.98273,0.9828,0.98247,0.98252,215,18
2026-06-09 12:50:00,0.98252,0.9828,0.98252,0.98278,212,18
2026-06-09 13:00:00,0.98277,0.98323,0.98275,0.98314,347,18
2026-06-09 13:10:00,0.98315,0.98317,0.98266,0.98266,272,18
2026-06-09 13:20:00,0.98265,0.98284,0.98242,0.98254,274,18
2026-06-09 13:30:00,0.98257,0.98263,0.98193,0.98206,423,18
2026-06-09 13:40:00,0.98205,0.98326,0.98178,0.98289,448,18
2026-06-09 13:50:00,0.98292,0.98296,0.98243,0.9825,429,18
2026-06-09 14:00:00,0.98252,0.9834,0.98242,0.98318,495,18
2026-06-09 14:10:00,0.98318,0.98318,0.98179,0.98215,507,18
2026-06-09 14:20:00,0.98213,0.98283,0.98209,0.98261,493,18
2026-06-09 14:30:00,0.98262,0.98276,0.98219,0.98233,562,18
2026-06-09 14:40:00,0.98231,0.98247,0.98102,0.98117,548,18
2026-06-09 14:50:00,0.98117,0.98199,0.98114,0.98196,570,18
2026-06-09 15:00:00,0.98198,0.98212,0.98168,0.98208,488,18
2026-06-09 15:10:00,0.9821,0.98225,0.98181,0.98193,444,18
2026-06-09 15:20:00,0.98194,0.98206,0.98098,0.98102,482,18
2026-06-09 15:30:00,0.98103,0.98121,0.98035,0.98075,654,18
2026-06-09 15:40:00,0.98072,0.98125,0.98054,0.98125,558,18
2026-06-09 15:50:00,0.98127,0.98151,0.98057,0.98076,563,18
2026-06-09 16:00:00,0.98076,0.9811,0.98058,0.98075,589,18
2026-06-09 16:10:00,0.98072,0.98087,0.98025,0.98035,527,18
2026-06-09 16:20:00,0.98033,0.98067,0.98007,0.98011,497,18
2026-06-09 16:30:00,0.98008,0.98026,0.9786,0.97867,827,18
2026-06-09 16:40:00,0.9787,0.97913,0.97832,0.97903,821,18
2026-06-09 16:50:00,0.97901,0.97941,0.97878,0.97941,564,18
2026-06-09 17:00:00,0.97943,0.97998,0.97935,0.97982,534,18
2026-06-09 17:10:00,0.9798,0.98028,0.97942,0.98024,523,18
2026-06-09 17:20:00,0.98024,0.98079,0.98019,0.98047,537,18
2026-06-09 17:30:00,0.98048,0.98067,0.98028,0.98058,389,18
2026-06-09 17:40:00,0.9806,0.98097,0.98036,0.98041,420,18
2026-06-09 17:50:00,0.98042,0.98068,0.98038,0.98057,401,18
2026-06-09 18:00:00,0.98058,0.9808,0.98039,0.98072,422,18
2026-06-09 18:10:00,0.98072,0.98094,0.98042,0.98089,419,18
2026-06-09 18:20:00,0.9809,0.9811,0.98077,0.98107,352,18
2026-06-09 18:30:00,0.98108,0.98127,0.98096,0.98109,356,18
2026-06-09 18:40:00,0.98109,0.98115,0.98071,0.98077,314,18
2026-06-09 18:50:00,0.98079,0.98121,0.98069,0.98113,325,18
2026-06-09 19:00:00,0.98113,0.98117,0.98082,0.98085,286,18
2026-06-09 19:10:00,0.98084,0.98087,0.9801,0.9801,301,18
2026-06-09 19:20:00,0.98011,0.9802,0.98,0.98015,351,18
2026-06-09 19:30:00,0.98014,0.98032,0.98001,0.98001,319,18
2026-06-09 19:40:00,0.98001,0.98009,0.97984,0.97992,358,18
2026-06-09 19:50:00,0.97995,0.98054,0.97995,0.98001,431,18
2026-06-09 20:00:00,0.98002,0.98021,0.97992,0.98004,317,18
2026-06-09 20:10:00,0.98005,0.98025,0.97998,0.98014,150,18
2026-06-09 20:20:00,0.98015,0.98047,0.98015,0.98036,169,18
2026-06-09 20:30:00,0.98038,0.98038,0.9802,0.98023,124,18
2026-06-09 20:40:00,0.98023,0.98034,0.98017,0.98024,124,18
2026-06-09 20:50:00,0.98021,0.9803,0.98009,0.98013,135,18
2026-06-09 21:00:00,0.98014,0.98014,0.98014,0.98014,1,22
2026-06-09 21:10:00,0.98016,0.98017,0.98007,0.98009,36,22
2026-06-09 21:20:00,0.98008,0.98012,0.9797,0.9797,113,38
2026-06-09 21:30:00,0.97969,0.9797,0.97898,0.97947,115,81
2026-06-09 21:40:00,0.97946,0.97965,0.97946,0.97963,172,59
2026-06-09 21:50:00,0.97963,0.97979,0.97961,0.97969,74,28
2026-06-09 22:00:00,0.97972,0.97996,0.97948,0.97987,172,18
2026-06-09 22:10:00,0.97987,0.97991,0.97967,0.97979,148,18
2026-06-09 22:20:00,0.97979,0.97981,0.97958,0.97962,121,18
2026-06-09 22:30:00,0.97963,0.97974,0.9795,0.97957,194,18
2026-06-09 22:40:00,0.97957,0.97964,0.97908,0.9791,214,18
2026-06-09 22:50:00,0.97914,0.97939,0.9791,0.97928,224,18
2026-06-09 23:00:00,0.97933,0.97968,0.97922,0.97959,182,18
2026-06-09 23:10:00,0.97959,0.97959,0.97935,0.97936,128,18
2026-06-09 23:20:00,0.97936,0.9794,0.97907,0.97917,180,18
2026-06-09 23:30:00,0.97916,0.97935,0.97907,0.97933,149,18
2026-06-09 23:40:00,0.97934,0.97965,0.97925,0.97959,200,18
2026-06-09 23:50:00,0.9796,0.98005,0.97946,0.98002,271,18
2026-06-10 00:00:00,0.97999,0.98037,0.97974,0.98016,427,18
2026-06-10 00:10:00,0.98016,0.98074,0.98005,0.98048,352,18
2026-06-10 00:20:00,0.98048,0.98073,0.98038,0.98053,302,18
2026-06-10 00:30:00,0.98053,0.98054,0.97955,0.97976,389,18
2026-06-10 00:40:00,0.97976,0.97979,0.97921,0.97978,384,18
2026-06-10 00:50:00,0.97975,0.98053,0.97947,0.98029,451,18
2026-06-10 01:00:00,0.98029,0.9804,0.98004,0.9802,457,18
2026-06-10 01:10:00,0.98023,0.98063,0.98012,0.98044,350,18
2026-06-10 01:20:00,0.98044,0.98044,0.9801,0.98025,355,18
2026-06-10 01:30:00,0.98022,0.98064,0.98004,0.98036,438,18
2026-06-10 01:40:00,0.98037,0.98065,0.98019,0.98051,353,18
2026-06-10 01:50:00,0.98048,0.98054,0.97988,0.98013,434,18
2026-06-10 02:00:00,0.98013,0.98021,0.97969,0.9797,364,18
2026-06-10 02:10:00,0.97971,0.98003,0.97963,0.97965,306,18
2026-06-10 02:20:00,0.97963,0.98001,0.97946,0.97999,334,18
2026-06-10 02:30:00,0.98,0.98018,0.9796,0.9796,352,18
2026-06-10 02:40:00,0.97961,0.97988,0.97954,0.97969,297,18
2026-06-10 02:50:00,0.9797,0.97971,0.97928,0.97942,306,18
2026-06-10 03:00:00,0.97943,0.97992,0.97937,0.97979,303,18
2026-06-10 03:10:00,0.97979,0.97999,0.97973,0.97984,229,18
2026-06-10 03:20:00,0.97984,0.97984,0.97961,0.97962,245,18
2026-06-10 03:30:00,0.97964,0.97965,0.97945,0.97958,229,18
2026-06-10 03:40:00,0.97958,0.97977,0.97937,0.97976,237,18
2026-06-10 03:50:00,0.97973,0.97994,0.97972,0.97982,265,18
2026-06-10 04:00:00,0.97982,0.97988,0.97947,0.97952,211,18
2026-06-10 04:10:00,0.97953,0.97955,0.97924,0.97948,248,18
2026-06-10 04:20:00,0.97948,0.9796,0.97931,0.97933,254,18
2026-06-10 04:30:00,0.97934,0.97936,0.97898,0.97902,245,18
2026-06-10 04:40:00,0.97903,0.97909,0.97856,0.97881,262,18
2026-06-10 04:50:00,0.9788,0.97891,0.97867,0.97873,245,18
2026-06-10 05:00:00,0.97873,0.97873,0.97838,0.97842,329,18
2026-06-10 05:10:00,0.97842,0.97845,0.9776,0.97768,306,18
2026-06-10 05:20:00,0.97769,0.97848,0.97764,0.97846,323,18
2026-06-10 05:30:00,0.97849,0.97867,0.9783,0.97852,373,18
2026-06-10 05:40:00,0.97854,0.97865,0.97828,0.9783,315,18
2026-06-10 05:50:00,0.9783,0.97872,0.97825,0.97853,282,18
2026-06-10 06:00:00,0.97855,0.9792,0.97855,0.97895,344,18
2026-06-10 06:10:00,0.97893,0.97901,0.97856,0.97886,313,18
2026-06-10 06:20:00,0.97886,0.97889,0.97836,0.97855,286,18
2026-06-10 06:30:00,0.97852,0.97893,0.97837,0.97893,266,18
2026-06-10 06:40:00,0.97892,0.97897,0.97868,0.97868,224,18
2026-06-10 06:50:00,0.9787,0.9787,0.97823,0.97823,275,18
2026-06-10 07:00:00,0.97823,0.97849,0.97816,0.97839,312,18
2026-06-10 07:10:00,0.97838,0.97863,0.97834,0.97846,295,18
2026-06-10 07:20:00,0.97846,0.97855,0.97798,0.978,273,18
2026-06-10 07:30:00,0.97798,0.97824,0.97789,0.97804,290,18
2026-06-10 07:40:00,0.97804,0.97813,0.97777,0.97784,286,18
2026-06-10 07:50:00,0.97785,0.978,0.97774,0.978,293,18
2026-06-10 08:00:00,0.978,0.97804,0.97711,0.9773,413,18
2026-06-10 08:10:00,0.9773,0.97751,0.97709,0.97726,334,18
2026-06-10 08:20:00,0.97725,0.97748,0.97702,0.97724,357,18
2026-06-10 08:30:00,0.97722,0.97741,0.97702,0.9772,296,18
2026-06-10 08:40:00,0.97721,0.97729,0.97673,0.97697,311,18
2026-06-10 08:50:00,0.97695,0.97713,0.97652,0.97654,339,18
2026-06-10 09:00:00,0.97654,0.97665,0.97618,0.97621,325,18
2026-06-10 09:10:00,0.97621,0.97648,0.97592,0.97619,326,18
2026-06-10 09:20:00,0.97619,0.97655,0.97604,0.97629,283,18
2026-06-10 09:30:00,0.97629,0.97648,0.97609,0.97614,339,18
2026-06-10 09:40:00,0.97614,0.97618,0.97586,0.97611,259,18
2026-06-10 09:50:00,0.97611,0.97624,0.97586,0.9762,248,18
2026-06-10 10:00:00,0.97621,0.97628,0.97595,0.97604,271,18
2026-06-10 10:10:00,0.97606,0.9761,0.97588,0.97597,243,18
2026-06-10 10:20:00,0.97598,0.9762,0.97597,0.97605,241,18
2026-06-10 10:30:00,0.97606,0.97621,0.97587,0.97608,287,18
2026-06-10 10:40:00,0.97608,0.9763,0.97594,0.97627,231,18
2026-06-10 10:50:00,0.97627,0.97669,0.97617,0.97663,289,18
2026-06-10 11:00:00,0.97666,0.97668,0.975,0.97564,697,18
2026-06-10 11:10:00,0.97567,0.97625,0.97565,0.97588,449,18
2026-06-10 11:20:00,0.97587,0.9762,0.97526,0.97546,550,18
2026-06-10 11:30:00,0.97546,0.97553,0.97481,0.9749,411,18
2026-06-10 11:40:00,0.9749,0.97527,0.97479,0.97495,357,18
2026-06-10 11:50:00,0.97492,0.97548,0.97487,0.9753,333,18
2026-06-10 12:00:00,0.97531,0.97555,0.97507,0.97546,364,18
2026-06-10 12:10:00,0.97547,0.97639,0.97546,0.97567,448,18
2026-06-10 12:20:00,0.97568,0.97657,0.97568,0.97657,389,18
2026-06-10 12:30:00,0.97666,0.97814,0.97639,0.97695,879,18
2026-06-10 12:40:00,0.97698,0.97831,0.97686,0.97814,605,18
2026-06-10 12:50:00,0.97812,0.97817,0.97703,0.97709,469,18
2026-06-10 13:00:00,0.97707,0.97737,0.97703,0.97734,480,18
2026-06-10 13:10:00,0.97736,0.97742,0.97702,0.97719,426,18
2026-06-10 13:20:00,0.97718,0.9777,0.97711,0.97721,394,18
2026-06-10 13:30:00,0.97718,0.97795,0.97677,0.97774,636,18
2026-06-10 13:40:00,0.97774,0.97847,0.97729,0.9779,566,18
2026-06-10 13:50:00,0.97793,0.97839,0.97755,0.97811,570,18
2026-06-10 14:00:00,0.97814,0.97832,0.97771,0.97828,540,18
2026-06-10 14:10:00,0.97829,0.97851,0.97775,0.97788,560,18
2026-06-10 14:20:00,0.97788,0.97845,0.97776,0.978,498,18
2026-06-10 14:30:00,0.978,0.97832,0.97777,0.97814,446,18
2026-06-10 14:40:00,0.97812,0.9783,0.97776,0.97815,454,18
2026-06-10 14:50:00,0.97815,0.97823,0.97726,0.97785,527,18
2026-06-10 15:00:00,0.97787,0.9783,0.97755,0.97764,491,18
2026-06-10 15:10:00,0.97764,0.97789,0.97738,0.97743,479,18
2026-06-10 15:20:00,0.97746,0.97804,0.97743,0.97795,474,18
2026-06-10 15:30:00,0.97794,0.97828,0.97768,0.97804,457,18
2026-06-10 15:40:00,0.97804,0.97856,0.97644,0.97751,795,18
2026-06-10 15:50:00,0.9775,0.97805,0.97686,0.97779,705,18
2026-06-10 16:00:00,0.97782,0.97832,0.97778,0.97812,523,18
2026-06-10 16:10:00,0.97812,0.97819,0.97785,0.97811,442,18
2026-06-10 16:20:00,0.97812,0.97827,0.97792,0.97816,403,18
2026-06-10 16:30:00,0.97817,0.97838,0.97799,0.9782,360,18
2026-06-10 16:40:00,0.9782,0.9782,0.97753,0.97766,346,18
2026-06-10 16:50:00,0.97766,0.97777,0.97743,0.97754,364,18
2026-06-10 17:00:00,0.97757,0.97815,0.9775,0.97763,402,18
2026-06-10 17:10:00,0.97765,0.97766,0.97722,0.9773,356,18
2026-06-10 17:20:00,0.97728,0.9774,0.97717,0.97731,349,18
2026-06-10 17:30:00,0.97729,0.97734,0.97684,0.97686,379,18
2026-06-10 17:40:00,0.97689,0.97734,0.97661,0.97733,383,18
2026-06-10 17:50:00,0.9773,0.97754,0.97685,0.9774,512,18
2026-06-10 18:00:00,0.97743,0.97792,0.97737,0.97773,401,18
2026-06-10 18:10:00,0.97774,0.97792,0.97722,0.97737,354,18
2026-06-10 18:20:00,0.97734,0.9775,0.97716,0.97725,368,18
2026-06-10 18:30:00,0.97728,0.97737,0.977,0.97708,367,18
2026-06-10 18:40:00,0.97709,0.97722,0.97688,0.97688,308,18
2026-06-10 18:50:00,0.97688,0.97694,0.97649,0.97686,362,18
2026-06-10 19:00:00,0.97688,0.97692,0.97662,0.97663,351,18
2026-06-10 19:10:00,0.97663,0.97665,0.97615,0.97621,311,18
2026-06-10 19:20:00,0.97621,0.97621,0.97586,0.97606,278,18
2026-06-10 19:30:00,0.97603,0.97623,0.9759,0.97609,339,18
2026-06-10 19:40:00,0.9761,0.97615,0.97595,0.97606,303,18
2026-06-10 19:50:00,0.97603,0.97628,0.97589,0.97599,366,18
2026-06-10 20:00:00,0.976,0.976,0.97583,0.97596,271,18
2026-06-10 20:10:00,0.97594,0.97603,0.97583,0.97588,213,18
2026-06-10 20:20:00,0.97588,0.97592,0.9757,0.97578,163,18
2026-06-10 20:30:00,0.9758,0.97599,0.97579,0.97585,150,18
2026-06-10 20:40:00,0.97585,0.97588,0.97537,0.97542,228,18
2026-06-10 20:50:00,0.97543,0.97559,0.97534,0.97547,173,18
2026-06-10 21:00:00,0.97547,0.97551,0.97543,0.97546,30,22
2026-06-10 21:10:00,0.97547,0.97552,0.97545,0.97552,42,59
2026-06-10 21:20:00,0.97551,0.97554,0.9754,0.97552,64,80
2026-06-10 21:30:00,0.97553,0.97558,0.97548,0.97557,73,50
2026-06-10 21:40:00,0.97557,0.97569,0.97551,0.97558,112,35
2026-06-10 21:50:00,0.97558,0.97559,0.97542,0.97542,121,32
2026-06-10 22:00:00,0.97544,0.97546,0.97505,0.97513,191,18
2026-06-10 22:10:00,0.97519,0.97525,0.97484,0.97499,253,18
2026-06-10 22:20:00,0.97497,0.9751,0.97475,0.97499,215,18
2026-06-10 22:30:00,0.97499,0.97521,0.97496,0.97511,220,18
2026-06-10 22:40:00,0.97511,0.97536,0.97494,0.97528,268,18
2026-06-10 22:50:00,0.97528,0.97529,0.97474,0.97479,217,18
2026-06-10 23:00:00,0.97476,0.97497,0.97462,0.97479,277,18
2026-06-10 23:10:00,0.9748,0.97528,0.97454,0.97517,289,18
2026-06-10 23:20:00,0.97519,0.97585,0.97494,0.97549,601,18
2026-06-10 23:30:00,0.97549,0.97575,0.97522,0.97565,247,18
2026-06-10 23:40:00,0.97565,0.97588,0.97528,0.97534,260,18
2026-06-10 23:50:00,0.97535,0.97543,0.97513,0.97525,262,18
2026-06-11 00:00:00,0.97526,0.97549,0.97495,0.97495,511,18
2026-06-11 00:10:00,0.97493,0.97601,0.97477,0.97552,583,18
2026-06-11 00:20:00,0.97551,0.97589,0.97536,0.97586,432,18
2026-06-11 00:30:00,0.97585,0.97587,0.97518,0.97524,451,18
2026-06-11 00:40:00,0.97524,0.97563,0.97517,0.9753,386,18
2026-06-11 00:50:00,0.9753,0.97548,0.97513,0.97536,344,18
2026-06-11 01:00:00,0.97539,0.97629,0.97534,0.97615,535,18
2026-06-11 01:10:00,0.97617,0.9764,0.97598,0.97621,430,18
2026-06-11 01:20:00,0.9762,0.97643,0.97603,0.97632,368,18
2026-06-11 01:30:00,0.9763,0.9763,0.976,0.97624,332,18
2026-06-11 01:40:00,0.97625,0.97645,0.97605,0.97605,298,18
2026-06-11 01:50:00,0.97605,0.97614,0.97568,0.97611,313,18
2026-06-11 02:00:00,0.97611,0.97612,0.97588,0.97594,338,18
2026-06-11 02:10:00,0.97593,0.97603,0.97561,0.97581,299,18
2026-06-11 02:20:00,0.97581,0.97582,0.97546,0.97555,336,18
2026-06-11 02:30:00,0.97556,0.97587,0.97549,0.97576,363,18
2026-06-11 02:40:00,0.97576,0.9759,0.97564,0.97588,302,18
2026-06-11 02:50:00,0.9759,0.97604,0.97573,0.97592,248,18
2026-06-11 03:00:00,0.97592,0.97607,0.97539,0.97562,323,18
2026-06-11 03:10:00,0.97563,0.97578,0.9753,0.9756,257,18
2026-06-11 03:20:00,0.97559,0.97591,0.9755,0.97582,274,18
2026-06-11 03:30:00,0.97579,0.97597,0.97558,0.97576,297,18
2026-06-11 03:40:00,0.97577,0.97587,0.97553,0.97553,255,18
2026-06-11 03:50:00,0.97555,0.97582,0.97553,0.97581,207,18
2026-06-11 04:00:00,0.97582,0.97584,0.97564,0.97583,203,18
2026-06-11 04:10:00,0.97583,0.97596,0.97573,0.97588,190,18
2026-06-11 04:20:00,0.97589,0.97606,0.9758,0.97602,221,18
2026-06-11 04:30:00,0.97602,0.97638,0.97602,0.97634,234,18
2026-06-11 04:40:00,0.97634,0.9768,0.97634,0.97644,201,18
2026-06-11 04:50:00,0.97645,0.9767,0.97623,0.97666,214,18
2026-06-11 05:00:00,0.97666,0.97681,0.97642,0.97674,258,18
2026-06-11 05:10:00,0.97675,0.97689,0.97664,0.97681,211,18
2026-06-11 05:20:00,0.97682,0.97697,0.97659,0.97677,235,18
2026-06-11 05:30:00,0.97677,0.97685,0.97656,0.97668,309,18
2026-06-11 05:40:00,0.97671,0.97706,0.97667,0.97694,247,18
2026-06-11 05:50:00,0.97693,0.97693,0.97663,0.97674,287,18
2026-06-11 06:00:00,0.97675,0.97676,0.97634,0.97671,329,18
2026-06-11 06:10:00,0.97668,0.97694,0.97659,0.97689,269,18
2026-06-11 06:20:00,0.97689,0.97723,0.97687,0.97701,257,18
2026-06-11 06:30:00,0.97701,0.97726,0.97682,0.97721,239,18
2026-06-11 06:40:00,0.97721,0.97736,0.97694,0.97699,243,18
2026-06-11 06:50:00,0.97699,0.97732,0.97695,0.97695,227,18
2026-06-11 07:00:00,0.97698,0.97732,0.97682,0.97715,349,18
2026-06-11 07:10:00,0.97714,0.9774,0.97687,0.97721,293,18
2026-06-11 07:20:00,0.97721,0.9779,0.97719,0.9779,305,18
2026-06-11 07:30:00,0.97792,0.97802,0.97756,0.97756,269,18
2026-06-11 07:40:00,0.97756,0.97761,0.97734,0.97747,227,18
2026-06-11 07:50:00,0.97746,0.97746,0.97712,0.97733,217,18
2026-06-11 08:00:00,0.97733,0.97748,0.977,0.97726,332,18
2026-06-11 08:10:00,0.97725,0.97729,0.97698,0.97712,265,18
2026-06-11 08:20:00,0.97713,0.97729,0.97699,0.9771,261,18
2026-06-11 08:30:00,0.97707,0.97748,0.97693,0.97733,260,18
2026-06-11 08:40:00,0.97735,0.97736,0.97701,0.97704,221,18
2026-06-11 08:50:00,0.97705,0.97733,0.97683,0.97719,280,18
2026-06-11 09:00:00,0.97718,0.97748,0.97712,0.97727,281,18
2026-06-11 09:10:00,0.97729,0.97777,0.97725,0.97755,312,18
2026-06-11 09:20:00,0.97755,0.97761,0.97727,0.97752,218,18
2026-06-11 09:30:00,0.97752,0.97789,0.97744,0.97787,200,18
2026-06-11 09:40:00,0.97788,0.97805,0.97772,0.97804,214,18
2026-06-11 09:50:00,0.97804,0.97807,0.97773,0.97773,226,18
2026-06-11 10:00:00,0.97771,0.97791,0.97767,0.9778,221,18
2026-06-11 10:10:00,0.9778,0.9778,0.97754,0.97755,220,18
2026-06-11 10:20:00,0.97756,0.97798,0.97753,0.9777,229,18
2026-06-11 10:30:00,0.97773,0.97793,0.97767,0.97788,194,18
2026-06-11 10:40:00,0.97787,0.97793,0.97774,0.97779,170,18
2026-06-11 10:50:00,0.97779,0.97797,0.97762,0.97765,183,18
2026-06-11 11:00:00,0.97765,0.9779,0.97742,0.97744,286,18
2026-06-11 11:10:00,0.97745,0.97761,0.97719,0.97719,222,18
2026-06-11 11:20:00,0.9772,0.9776,0.9771,0.97744,236,18
2026-06-11 11:30:00,0.97744,0.97785,0.97733,0.97758,357,18
2026-06-11 11:40:00,0.97758,0.978,0.97752,0.97777,214,18
2026-06-11 11:50:00,0.97777,0.97797,0.97769,0.97784,215,18
2026-06-11 12:00:00,0.97786,0.97802,0.9778,0.97794,244,18
2026-06-11 12:10:00,0.97794,0.97796,0.97735,0.97735,278,18
2026-06-11 12:20:00,0.97732,0.97767,0.97635,0.97683,812,18
2026-06-11 12:30:00,0.97681,0.9772,0.97602,0.97648,574,18
2026-06-11 12:40:00,0.97648,0.97756,0.97616,0.97729,677,18
2026-06-11 12:50:00,0.97729,0.97749,0.97694,0.97713,503,18
2026-06-11 13:00:00,0.97716,0.97716,0.9766,0.97686,426,18
2026-06-11 13:10:00,0.97685,0.97716,0.97671,0.97671,371,18
2026-06-11 13:20:00,0.97669,0.97731,0.97661,0.97705,375,18
2026-06-11 13:30:00,0.97708,0.97796,0.97705,0.9779,593,18
2026-06-11 13:40:00,0.97789,0.97878,0.97768,0.97821,653,18
2026-06-11 13:50:00,0.97819,0.97884,0.97819,0.97846,501,18
2026-06-11 14:00:00,0.97846,0.97882,0.978,0.97813,500,18
2026-06-11 14:10:00,0.97812,0.9783,0.97788,0.97818,471,18
2026-06-11 14:20:00,0.97819,0.97867,0.97808,0.97826,468,18
2026-06-11 14:30:00,0.97828,0.9788,0.97811,0.97877,472,18
2026-06-11 14:40:00,0.97878,0.97922,0.97877,0.97908,457,18
2026-06-11 14:50:00,0.97906,0.97951,0.97874,0.97891,526,18
2026-06-11 15:00:00,0.97891,0.97923,0.97861,0.97879,581,18
2026-06-11 15:10:00,0.97882,0.97919,0.9786,0.97918,478,18
2026-06-11 15:20:00,0.97918,0.97955,0.97915,0.97922,448,18
2026-06-11 15:30:00,0.97923,0.97949,0.97912,0.97925,433,18
2026-06-11 15:40:00,0.97924,0.97972,0.97924,0.97944,409,18
2026-06-11 15:50:00,0.97944,0.97953,0.9792,0.97922,370,18
2026-06-11 16:00:00,0.97924,0.97966,0.97902,0.97948,401,18
2026-06-11 16:10:00,0.97945,0.97966,0.97923,0.97932,364,18
2026-06-11 16:20:00,0.97934,0.97941,0.97912,0.97919,380,18
2026-06-11 16:30:00,0.97919,0.9794,0.97901,0.9792,378,18
2026-06-11 16:40:00,0.9792,0.97929,0.97906,0.97908,327,18
2026-06-11 16:50:00,0.97911,0.97913,0.97857,0.97858,301,18
2026-06-11 17:00:00,0.9786,0.97902,0.97846,0.97901,383,18
2026-06-11 17:10:00,0.97901,0.97905,0.97862,0.97868,381,18
2026-06-11 17:20:00,0.97869,0.98051,0.9786,0.98042,661,18
2026-06-11 17:30:00,0.98045,0.98261,0.98045,0.98242,1594,18
2026-06-11 17:40:00,0.98241,0.98283,0.98207,0.98256,903,18
2026-06-11 17:50:00,0.98258,0.98263,0.9819,0.98228,617,18
2026-06-11 18:00:00,0.98227,0.98234,0.9812,0.98161,543,18
2026-06-11 18:10:00,0.98161,0.98293,0.9816,0.98286,547,18
2026-06-11 18:20:00,0.98287,0.98287,0.98211,0.98254,605,18
2026-06-11 18:30:00,0.98257,0.9828,0.98203,0.98241,446,18
2026-06-11 18:40:00,0.9824,0.98299,0.98236,0.9829,391,18
2026-06-11 18:50:00,0.9829,0.98319,0.98245,0.98245,418,18
2026-06-11 19:00:00,0.98247,0.98324,0.98247,0.98294,462,18
2026-06-11 19:10:00,0.98293,0.98361,0.98291,0.9836,520,18
2026-06-11 19:20:00,0.98362,0.98375,0.98344,0.9836,394,18
2026-06-11 19:30:00,0.98362,0.98427,0.9836,0.98369,589,18
2026-06-11 19:40:00,0.98368,0.98398,0.98359,0.98372,408,18
2026-06-11 19:50:00,0.98375,0.98392,0.98359,0.98361,392,18
2026-06-11 20:00:00,0.98363,0.98408,0.98352,0.98395,276,18
2026-06-11 20:10:00,0.98396,0.98409,0.98391,0.98397,198,18
2026-06-11 20:20:00,0.98398,0.98423,0.98383,0.98404,208,18
2026-06-11 20:30:00,0.98404,0.9843,0.9838,0.9838,217,18
2026-06-11 20:40:00,0.98381,0.98399,0.9837,0.98381,202,18
2026-06-11 20:50:00,0.98381,0.9848,0.98381,0.98442,338,18
2026-06-11 21:00:00,0.98443,0.98443,0.98407,0.98407,22,31
2026-06-11 21:10:00,0.98405,0.98405,0.98331,0.98333,76,76
2026-06-11 21:20:00,0.98334,0.98344,0.98328,0.98339,81,139
2026-06-11 21:30:00,0.98339,0.9836,0.98339,0.98353,65,119
2026-06-11 21:40:00,0.98353,0.98383,0.98353,0.9838,188,73
2026-06-11 21:50:00,0.98381,0.98408,0.9838,0.98408,252,31
2026-06-11 22:00:00,0.9843,0.98477,0.98424,0.98452,180,18
2026-06-11 22:10:00,0.98451,0.9846,0.98438,0.98446,162,18
2026-06-11 22:20:00,0.98444,0.98453,0.98431,0.98452,184,18
2026-06-11 22:30:00,0.98447,0.98448,0.98383,0.9839,130,18
2026-06-11 22:40:00,0.9839,0.98447,0.98385,0.9843,186,18
2026-06-11 22:50:00,0.98428,0.98452,0.98419,0.98444,143,18
2026-06-11 23:00:00,0.98444,0.98457,0.98427,0.9843,207,18
2026-06-11 23:10:00,0.9843,0.98444,0.98419,0.98437,181,18
2026-06-11 23:20:00,0.98436,0.98455,0.98419,0.98436,203,18
2026-06-11 23:30:00,0.98434,0.9845,0.98416,0.98444,187,18
2026-06-11 23:40:00,0.98444,0.98472,0.98441,0.98454,181,18
2026-06-11 23:50:00,0.98453,0.98486,0.98445,0.98459,245,18
2026-06-12 00:00:00,0.98459,0.98462,0.98399,0.98432,451,18
2026-06-12 00:10:00,0.98434,0.98444,0.98391,0.98425,340,18
2026-06-12 00:20:00,0.98425,0.9847,0.98411,0.98461,275,18
2026-06-12 00:30:00,0.98461,0.98461,0.98435,0.98436,285,18
2026-06-12 00:40:00,0.98437,0.98437,0.98399,0.98412,293,18
2026-06-12 00:50:00,0.98412,0.98448,0.98409,0.98448,299,18
2026-06-12 01:00:00,0.98451,0.98451,0.98387,0.98403,368,18
2026-06-12 01:10:00,0.98401,0.98401,0.98325,0.98336,347,18
2026-06-12 01:20:00,0.98336,0.98336,0.98267,0.98279,278,18
2026-06-12 01:30:00,0.98278,0.98307,0.98262,0.98281,328,18
2026-06-12 01:40:00,0.98281,0.98334,0.98262,0.98327,296,18
2026-06-12 01:50:00,0.98324,0.98346,0.98292,0.9833,249,18
2026-06-12 02:00:00,0.98332,0.98381,0.98323,0.98381,323,18
2026-06-12 02:10:00,0.98382,0.98383,0.9833,0.98336,296,18
2026-06-12 02:20:00,0.98335,0.98345,0.98272,0.98278,242,18
2026-06-12 02:30:00,0.98278,0.98286,0.98249,0.98286,243,18
2026-06-12 02:40:00,0.98287,0.98297,0.98263,0.98297,214,18
2026-06-12 02:50:00,0.98297,0.98334,0.98292,0.98332,195,18
2026-06-12 03:00:00,0.98332,0.98338,0.98309,0.98312,197,18
2026-06-12 03:10:00,0.98312,0.98327,0.98298,0.9832,211,18
2026-06-12 03:20:00,0.9832,0.98366,0.9831,0.98334,278,18
2026-06-12 03:30:00,0.98336,0.98394,0.98329,0.98367,343,18
2026-06-12 03:40:00,0.98367,0.98385,0.98338,0.9834,237,18
2026-06-12 03:50:00,0.98339,0.98359,0.98336,0.98343,203,18
2026-06-12 04:00:00,0.98344,0.98377,0.98325,0.98377,226,18
2026-06-12 04:10:00,0.98377,0.9839,0.98357,0.98363,195,18
2026-06-12 04:20:00,0.98363,0.98392,0.98353,0.98389,187,18
2026-06-12 04:30:00,0.98389,0.98403,0.98382,0.98398,220,18
2026-06-12 04:40:00,0.98399,0.98416,0.98378,0.98386,180,18
2026-06-12 04:50:00,0.98385,0.98406,0.98362,0.98373,205,18
2026-06-12 05:00:00,0.98373,0.98385,0.98342,0.9835,267,18
2026-06-12 05:10:00,0.98351,0.98351,0.98275,0.98326,396,18
2026-06-12 05:20:00,0.98325,0.98339,0.98295,0.98296,265,18
2026-06-12 05:30:00,0.98294,0.9832,0.98282,0.98293,350,18
2026-06-12 05:40:00,0.98294,0.98318,0.98279,0.98286,317,18
2026-06-12 05:50:00,0.98286,0.98286,0.98242,0.98276,309,18
2026-06-12 06:00:00,0.98276,0.98338,0.98268,0.98338,343,18
2026-06-12 06:10:00,0.98338,0.98369,0.98301,0.98301,357,18
2026-06-12 06:20:00,0.983,0.98308,0.98278,0.98292,274,18
2026-06-12 06:30:00,0.98292,0.98318,0.98269,0.9827,301,18
2026-06-12 06:40:00,0.9827,0.9828,0.98239,0.98249,308,18
2026-06-12 06:50:00,0.98252,0.98279,0.98248,0.98279,272,18
2026-06-12 07:00:00,0.98282,0.98286,0.98232,0.98244,329,18
2026-06-12 07:10:00,0.98246,0.98255,0.98203,0.98243,338,18
2026-06-12 07:20:00,0.98243,0.98276,0.98229,0.98264,314,18
2026-06-12 07:30:00,0.98263,0.9828,0.98244,0.98256,349,18
2026-06-12 07:40:00,0.98257,0.98304,0.98251,0.98288,307,18
2026-06-12 07:50:00,0.98287,0.98382,0.98274,0.98349,467,18
2026-06-12 08:00:00,0.98352,0.98384,0.98316,0.98356,443,18
2026-06-12 08:10:00,0.98356,0.98493,0.98352,0.98469,507,18
2026-06-12 08:20:00,0.9847,0.98504,0.98425,0.9843,506,18
2026-06-12 08:30:00,0.98433,0.98471,0.98421,0.98461,392,18
2026-06-12 08:40:00,0.9846,0.98477,0.98425,0.9847,355,18
2026-06-12 08:50:00,0.98471,0.98475,0.9844,0.98444,283,18
2026-06-12 09:00:00,0.98445,0.98489,0.98429,0.98459,353,18
2026-06-12 09:10:00,0.98457,0.98577,0.98454,0.98574,408,18
2026-06-12 09:20:00,0.98571,0.98571,0.98531,0.98545,386,18
2026-06-12 09:30:00,0.98545,0.98554,0.98515,0.9852,363,18
2026-06-12 09:40:00,0.98522,0.98542,0.98503,0.98513,271,18
2026-06-12 09:50:00,0.98514,0.98514,0.98488,0.98492,291,18
2026-06-12 10:00:00,0.98495,0.98548,0.98485,0.98529,280,18
2026-06-12 10:10:00,0.9853,0.98544,0.98494,0.98509,333,18
2026-06-12 10:20:00,0.98508,0.98508,0.98404,0.98446,452,18
2026-06-12 10:30:00,0.98448,0.98514,0.98445,0.98463,358,18
2026-06-12 10:40:00,0.98464,0.98491,0.98456,0.98484,258,18
2026-06-12 10:50:00,0.98485,0.98501,0.98462,0.9849,323,18
2026-06-12 11:00:00,0.9849,0.98508,0.98438,0.98448,310,18
2026-06-12 11:10:00,0.98448,0.98484,0.98443,0.98479,280,18
2026-06-12 11:20:00,0.9848,0.98488,0.9845,0.9846,265,18
2026-06-12 11:30:00,0.9846,0.98471,0.98449,0.98462,284,18
2026-06-12 11:40:00,0.98463,0.98485,0.9845,0.9846,274,18
2026-06-12 11:50:00,0.9846,0.98472,0.98445,0.9846,264,18
2026-06-12 12:00:00,0.9846,0.9846,0.98402,0.98402,361,18
2026-06-12 12:10:00,0.98402,0.98444,0.98399,0.98437,315,18
2026-06-12 12:20:00,0.98436,0.98441,0.98398,0.98398,295,18
2026-06-12 12:30:00,0.98398,0.98424,0.98389,0.98393,286,18
2026-06-12 12:40:00,0.98393,0.98405,0.98365,0.98379,349,18
2026-06-12 12:50:00,0.98378,0.98385,0.98339,0.98359,335,18
2026-06-12 13:00:00,0.9836,0.98404,0.98351,0.98389,364,18
2026-06-12 13:10:00,0.9839,0.98451,0.98379,0.98449,302,18
2026-06-12 13:20:00,0.98448,0.98477,0.98435,0.98477,334,18
2026-06-12 13:30:00,0.98477,0.98483,0.98425,0.98469,521,18
2026-06-12 13:40:00,0.98466,0.98467,0.98328,0.98374,779,18
2026-06-12 13:50:00,0.98373,0.98395,0.98344,0.98372,495,18
2026-06-12 14:00:00,0.98375,0.98441,0.98368,0.98437,510,18
2026-06-12 14:10:00,0.98438,0.98444,0.98408,0.98413,448,18
2026-06-12 14:20:00,0.98412,0.98448,0.98379,0.98392,465,18
2026-06-12 14:30:00,0.98391,0.98463,0.98373,0.9841,464,18
2026-06-12 14:40:00,0.98413,0.98413,0.98358,0.98375,475,18
2026-06-12 14:50:00,0.98378,0.98488,0.98365,0.98481,707,18
2026-06-12 15:00:00,0.98481,0.98491,0.98435,0.98451,526,18
2026-06-12 15:10:00,0.98452,0.98498,0.98448,0.98465,407,18
2026-06-12 15:20:00,0.98466,0.98539,0.98457,0.98526,426,18
2026-06-12 15:30:00,0.98524,0.98544,0.98492,0.98514,508,18
2026-06-12 15:40:00,0.98513,0.98521,0.98436,0.98438,431,18
2026-06-12 15:50:00,0.98438,0.98482,0.98421,0.98427,419,18
2026-06-12 16:00:00,0.98424,0.98435,0.98403,0.9841,448,18
2026-06-12 16:10:00,0.98411,0.98512,0.98401,0.98463,636,18
2026-06-12 16:20:00,0.98462,0.985,0.98456,0.98489,384,18
2026-06-12 16:30:00,0.98488,0.98505,0.98486,0.98505,336,18
2026-06-12 16:40:00,0.98505,0.98524,0.98488,0.98512,345,18
2026-06-12 16:50:00,0.98511,0.98518,0.98475,0.98479,309,18
2026-06-12 17:00:00,0.9848,0.9853,0.9848,0.9849,360,18
2026-06-12 17:10:00,0.9849,0.98502,0.98479,0.98501,298,18
2026-06-12 17:20:00,0.98503,0.98518,0.98492,0.9851,270,18
2026-06-12 17:30:00,0.98509,0.98511,0.98486,0.98495,303,18
2026-06-12 17:40:00,0.98495,0.9852,0.98486,0.98509,253,18
2026-06-12 17:50:00,0.9851,0.98518,0.98492,0.98508,254,18
2026-06-12 18:00:00,0.98508,0.98516,0.98489,0.98503,274,18
2026-06-12 18:10:00,0.98502,0.9853,0.98497,0.9851,272,18
2026-06-12 18:20:00,0.98509,0.98529,0.98504,0.98526,256,18
2026-06-12 18:30:00,0.98528,0.98552,0.98524,0.98542,259,18
2026-06-12 18:40:00,0.98543,0.98548,0.98522,0.98524,183,18
2026-06-12 18:50:00,0.98525,0.98533,0.98508,0.98509,202,18
2026-06-12 19:00:00,0.98512,0.98527,0.98503,0.98516,245,18
2026-06-12 19:10:00,0.98515,0.98521,0.98502,0.98517,220,18
2026-06-12 19:20:00,0.98517,0.98518,0.98501,0.9851,205,18
2026-06-12 19:30:00,0.98509,0.98513,0.98481,0.98484,289,18
2026-06-12 19:40:00,0.98485,0.98504,0.98481,0.98501,235,18
2026-06-12 19:50:00,0.98504,0.98561,0.98491,0.98557,328,18
2026-06-12 20:00:00,0.98554,0.98576,0.98542,0.98542,210,18
2026-06-12 20:10:00,0.98542,0.98555,0.98542,0.98553,104,18
2026-06-12 20:20:00,0.98553,0.98554,0.98533,0.98535,93,18
2026-06-12 20:30:00,0.98537,0.98549,0.98532,0.98543,102,18
2026-06-12 20:40:00,0.98543,0.98561,0.98536,0.98556,79,18
2026-06-12 20:50:00,0.98558,0.98563,0.98524,0.98534,158,18
2026-06-14 21:00:00,0.98493,0.98513,0.98476,0.98509,9,61
2026-06-14 21:10:00,0.98482,0.98507,0.98445,0.98507,45,81
2026-06-14 21:20:00,0.9851,0.98572,0.98503,0.98572,112,121
2026-06-14 21:30:00,0.98572,0.98713,0.98572,0.98712,208,267
2026-06-14 21:40:00,0.9871,0.98809,0.9871,0.98804,182,61
2026-06-14 21:50:00,0.98804,0.9884,0.98787,0.98838,167,74
2026-06-14 22:00:00,0.98897,0.98934,0.98821,0.98919,444,28
2026-06-14 22:10:00,0.98914,0.98914,0.98812,0.98858,309,18
2026-06-14 22:20:00,0.98853,0.98884,0.98804,0.98809,300,18
2026-06-14 22:30:00,0.9881,0.98815,0.98755,0.98776,299,18
2026-06-14 22:40:00,0.98776,0.9879,0.98763,0.98783,269,18
2026-06-14 22:50:00,0.98789,0.98807,0.98775,0.98775,216,18
2026-06-14 23:00:00,0.98774,0.98788,0.98738,0.98757,240,18
2026-06-14 23:10:00,0.98757,0.98768,0.98735,0.98758,160,18
2026-06-14 23:20:00,0.98758,0.98761,0.98724,0.98758,168,18
2026-06-14 23:30:00,0.98758,0.98763,0.98742,0.98756,169,18
2026-06-14 23:40:00,0.98756,0.98799,0.98749,0.98779,227,18
2026-06-14 23:50:00,0.98782,0.98824,0.98773,0.98779,276,18
2026-06-15 00:00:00,0.98782,0.98822,0.98767,0.98813,377,18
2026-06-15 00:10:00,0.98812,0.98873,0.988,0.98872,330,18
2026-06-15 00:20:00,0.98871,0.98912,0.98859,0.98862,309,18
2026-06-15 00:30:00,0.98863,0.98864,0.98832,0.98836,240,18
2026-06-15 00:40:00,0.98837,0.98838,0.988,0.988,230,18
2026-06-15 00:50:00,0.98799,0.98801,0.98721,0.98729,294,18
2026-06-15 01:00:00,0.9873,0.9877,0.98722,0.9875,361,18
2026-06-15 01:10:00,0.9875,0.98799,0.9875,0.98761,290,18
2026-06-15 01:20:00,0.98761,0.98794,0.9875,0.98792,240,18
2026-06-15 01:30:00,0.98793,0.98809,0.98781,0.98799,287,18
2026-06-15 01:40:00,0.988,0.98835,0.98783,0.98833,221,18
2026-06-15 01:50:00,0.98834,0.98845,0.98804,0.98819,236,18
2026-06-15 02:00:00,0.9882,0.98867,0.9882,0.98845,240,18
2026-06-15 02:10:00,0.98846,0.98846,0.98808,0.98829,235,18
2026-06-15 02:20:00,0.98829,0.98861,0.98806,0.98858,211,18
2026-06-15 02:30:00,0.9886,0.98875,0.98831,0.98875,206,18
2026-06-15 02:40:00,0.98875,0.98881,0.98848,0.9885,172,18
2026-06-15 02:50:00,0.9885,0.9887,0.98836,0.98836,167,18
2026-06-15 03:00:00,0.98836,0.9887,0.98832,0.98852,212,18
2026-06-15 03:10:00,0.98851,0.98889,0.98844,0.9888,144,18
2026-06-15 03:20:00,0.9888,0.98887,0.98872,0.98886,167,18
2026-06-15 03:30:00,0.98883,0.98916,0.98877,0.98905,202,18
2026-06-15 03:40:00,0.98905,0.9892,0.98895,0.98904,213,18
2026-06-15 03:50:00,0.98904,0.98917,0.98883,0.9889,141,18
2026-06-15 04:00:00,0.98893,0.989,0.98864,0.98867,175,18
2026-06-15 04:10:00,0.98867,0.9887,0.98845,0.98845,148,18
2026-06-15 04:20:00,0.98845,0.98872,0.98842,0.98865,166,18
2026-06-15 04:30:00,0.98865,0.98867,0.98849,0.98854,145,18
2026-06-15 04:40:00,0.98853,0.98865,0.98842,0.98847,157,18
2026-06-15 04:50:00,0.98847,0.98859,0.98841,0.98856,149,18
2026-06-15 05:00:00,0.98856,0.98863,0.98836,0.98849,198,18
2026-06-15 05:10:00,0.98849,0.98867,0.98844,0.98861,237,18
2026-06-15 05:20:00,0.9886,0.98867,0.98842,0.98858,190,18
2026-06-15 05:30:00,0.98858,0.98867,0.98814,0.98824,243,18
2026-06-15 05:40:00,0.98821,0.9885,0.98812,0.9884,222,18
2026-06-15 05:50:00,0.9884,0.98841,0.98812,0.98823,204,18
2026-06-15 06:00:00,0.98823,0.98866,0.98823,0.98845,297,18
2026-06-15 06:10:00,0.98845,0.98868,0.9884,0.9884,247,18
2026-06-15 06:20:00,0.9884,0.98851,0.9881,0.98822,242,18
2026-06-15 06:30:00,0.98819,0.98846,0.98798,0.98839,288,18
2026-06-15 06:40:00,0.98838,0.98852,0.98835,0.98841,191,18
2026-06-15 06:50:00,0.98841,0.98852,0.98817,0.98842,196,18
2026-06-15 07:00:00,0.98843,0.98865,0.98834,0.98847,343,18
2026-06-15 07:10:00,0.98847,0.98851,0.98818,0.98839,277,18
2026-06-15 07:20:00,0.98839,0.98855,0.9883,0.9884,260,18
2026-06-15 07:30:00,0.98838,0.98839,0.98762,0.98804,307,18
2026-06-15 07:40:00,0.98806,0.98818,0.98795,0.98803,238,18
2026-06-15 07:50:00,0.98802,0.98838,0.98801,0.98834,236,18
2026-06-15 08:00:00,0.98831,0.98831,0.98787,0.98794,267,18
2026-06-15 08:10:00,0.98796,0.98828,0.9878,0.98815,231,18
2026-06-15 08:20:00,0.98815,0.98847,0.988,0.98819,206,18
2026-06-15 08:30:00,0.9882,0.98835,0.98803,0.98805,200,18
2026-06-15 08:40:00,0.98805,0.9882,0.98772,0.98777,237,18
2026-06-15 08:50:00,0.9878,0.98803,0.98769,0.98803,199,18
2026-06-15 09:00:00,0.98803,0.98847,0.98803,0.98817,242,18
2026-06-15 09:10:00,0.98816,0.98834,0.98806,0.98807,212,18
2026-06-15 09:20:00,0.98806,0.98806,0.98772,0.98786,191,18
2026-06-15 09:30:00,0.98786,0.98802,0.98776,0.98799,169,18
2026-06-15 09:40:00,0.98799,0.98807,0.98778,0.98804,167,18
2026-06-15 09:50:00,0.98804,0.9881,0.98782,0.98784,174,18
2026-06-15 10:00:00,0.98785,0.98787,0.98767,0.98771,173,18
2026-06-15 10:10:00,0.98771,0.98785,0.98768,0.98778,155,18
2026-06-15 10:20:00,0.98778,0.98797,0.98771,0.98792,173,18
2026-06-15 10:30:00,0.98791,0.98822,0.98789,0.98807,148,18
2026-06-15 10:40:00,0.98808,0.98818,0.98788,0.98798,172,18
2026-06-15 10:50:00,0.98798,0.98816,0.98786,0.98788,179,18
2026-06-15 11:00:00,0.98789,0.98811,0.98789,0.98794,189,18
2026-06-15 11:10:00,0.98794,0.98819,0.9879,0.98818,188,18
2026-06-15 11:20:00,0.98817,0.98826,0.98807,0.98815,216,18
2026-06-15 11:30:00,0.98815,0.98839,0.98811,0.98836,197,18
2026-06-15 11:40:00,0.98836,0.98847,0.98819,0.98839,267,18
2026-06-15 11:50:00,0.98839,0.98861,0.98839,0.9886,244,18
2026-06-15 12:00:00,0.98862,0.98873,0.98793,0.98794,249,18
2026-06-15 12:10:00,0.98794,0.988,0.98762,0.98764,239,18
2026-06-15 12:20:00,0.98762,0.98783,0.98748,0.98783,234,18
2026-06-15 12:30:00,0.9878,0.98808,0.98774,0.98785,222,18
2026-06-15 12:40:00,0.98783,0.98803,0.98779,0.98779,231,18
2026-06-15 12:50:00,0.98779,0.98817,0.98776,0.98809,263,18
2026-06-15 13:00:00,0.98807,0.9882,0.98789,0.98811,240,18
2026-06-15 13:10:00,0.9881,0.98848,0.98805,0.98848,199,18
2026-06-15 13:20:00,0.98848,0.98882,0.98847,0.98881,218,18
2026-06-15 13:30:00,0.98879,0.98906,0.98874,0.98892,381,18
2026-06-15 13:40:00,0.98889,0.98903,0.98876,0.98898,315,18
2026-06-15 13:50:00,0.98897,0.98904,0.98865,0.98865,333,18
2026-06-15 14:00:00,0.98862,0.98907,0.98854,0.98897,310,18
2026-06-15 14:10:00,0.98896,0.9891,0.98873,0.98893,338,18
2026-06-15 14:20:00,0.98892,0.98919,0.98884,0.98912,295,18
2026-06-15 14:30:00,0.98914,0.98942,0.98902,0.98941,333,18
2026-06-15 14:40:00,0.98941,0.98983,0.98925,0.98972,358,18
2026-06-15 14:50:00,0.98975,0.99031,0.98975,0.99005,506,18
2026-06-15 15:00:00,0.99007,0.9904,0.98983,0.98984,372,18
2026-06-15 15:10:00,0.98982,0.99008,0.98976,0.98976,265,18
2026-06-15 15:20:00,0.98976,0.99017,0.9897,0.99012,267,18
2026-06-15 15:30:00,0.99013,0.99013,0.98969,0.99008,284,18
2026-06-15 15:40:00,0.99009,0.99011,0.98979,0.99011,247,18
2026-06-15 15:50:00,0.99011,0.99021,0.98985,0.98993,268,18
2026-06-15 16:00:00,0.98995,0.99022,0.98995,0.99014,190,18
2026-06-15 16:10:00,0.99013,0.99036,0.99007,0.99017,183,18
2026-06-15 16:20:00,0.99017,0.99044,0.99009,0.9903,191,18
2026-06-15 16:30:00,0.99031,0.99032,0.98992,0.98998,222,18
2026-06-15 16:40:00,0.98996,0.99001,0.98977,0.98994,171,18
2026-06-15 16:50:00,0.98993,0.98998,0.98969,0.98984,206,18
2026-06-15 17:00:00,0.98984,0.98991,0.98963,0.98978,226,18
2026-06-15 17:10:00,0.98978,0.98987,0.98966,0.98968,192,18
2026-06-15 17:20:00,0.98968,0.98976,0.9896,0.98961,160,18
2026-06-15 17:30:00,0.98961,0.98963,0.98946,0.98955,174,18
2026-06-15 17:40:00,0.98954,0.98969,0.98944,0.98969,150,18
2026-06-15 17:50:00,0.98969,0.98969,0.98936,0.98947,177,18
2026-06-15 18:00:00,0.98947,0.98952,0.98936,0.98938,228,18
2026-06-15 18:10:00,0.98939,0.98947,0.98932,0.98942,200,18
2026-06-15 18:20:00,0.98941,0.98941,0.98922,0.98925,202,18
2026-06-15 18:30:00,0.98923,0.98944,0.98912,0.98941,196,18
2026-06-15 18:40:00,0.98941,0.98948,0.98935,0.98947,167,18
2026-06-15 18:50:00,0.98947,0.9895,0.9893,0.98936,184,18
2026-06-15 19:00:00,0.98939,0.98942,0.98907,0.98916,228,18
2026-06-15 19:10:00,0.98917,0.9892,0.98905,0.9891,186,18
2026-06-15 19:20:00,0.98909,0.98909,0.98885,0.98892,180,18
2026-06-15 19:30:00,0.98891,0.98917,0.98891,0.98905,203,18
2026-06-15 19:40:00,0.98904,0.98918,0.98899,0.98913,154,18
2026-06-15 19:50:00,0.9891,0.98934,0.9891,0.98932,286,18
2026-06-15 20:00:00,0.98934,0.98934,0.98904,0.98912,195,18
2026-06-15 20:10:00,0.98912,0.98918,0.98898,0.98906,95,18
2026-06-15 20:20:00,0.98906,0.98907,0.98896,0.98904,83,18
2026-06-15 20:30:00,0.98903,0.98913,0.98898,0.98905,115,18
2026-06-15 20:40:00,0.98905,0.98906,0.98887,0.98904,102,18
2026-06-15 20:50:00,0.98904,0.98914,0.98901,0.98906,81,18
2026-06-15 21:00:00,0.98906,0.98906,0.98903,0.98903,11,22
2026-06-15 21:10:00,0.98903,0.98908,0.98898,0.98905,86,22
2026-06-15 21:20:00,0.98904,0.98904,0.98896,0.989,34,28
2026-06-15 21:30:00,0.989,0.98915,0.989,0.98915,63,28
2026-06-15 21:40:00,0.98914,0.98922,0.98908,0.98908,61,28
2026-06-15 21:50:00,0.98907,0.98922,0.98886,0.98896,165,17
2026-06-15 22:00:00,0.98899,0.9893,0.98881,0.98929,90,18
2026-06-15 22:10:00,0.98925,0.98933,0.9892,0.98933,90,18
2026-06-15 22:20:00,0.98933,0.98935,0.9888,0.98896,121,18
2026-06-15 22:30:00,0.98896,0.98905,0.98885,0.98886,99,18
2026-06-15 22:40:00,0.9889,0.9889,0.98878,0.98889,45,18
2026-06-15 22:50:00,0.98883,0.98916,0.9888,0.98916,123,18
2026-06-15 23:00:00,0.98915,0.98945,0.98913,0.98938,101,18
2026-06-15 23:10:00,0.98938,0.98938,0.98916,0.9892,108,18
2026-06-15 23:20:00,0.9892,0.98931,0.98919,0.98924,85,18
2026-06-15 23:30:00,0.98924,0.98928,0.98917,0.98923,95,18
2026-06-15 23:40:00,0.98922,0.98959,0.98915,0.98931,158,18
2026-06-15 23:50:00,0.98931,0.98949,0.98922,0.98938,118,18
2026-06-16 00:00:00,0.98935,0.98935,0.98904,0.98928,228,18
2026-06-16 00:10:00,0.98928,0.98938,0.98903,0.98909,200,18
2026-06-16 00:20:00,0.98909,0.98914,0.98892,0.98897,196,18
2026-06-16 00:30:00,0.98896,0.98912,0.98894,0.98909,189,18
2026-06-16 00:40:00,0.98907,0.98928,0.98902,0.98913,188,18
2026-06-16 00:50:00,0.98913,0.98941,0.98883,0.98929,203,18
2026-06-16 01:00:00,0.9893,0.9895,0.9889,0.9889,256,18
2026-06-16 01:10:00,0.9889,0.98892,0.98857,0.98866,247,18
2026-06-16 01:20:00,0.98866,0.98902,0.98865,0.98896,197,18
2026-06-16 01:30:00,0.98895,0.98915,0.98856,0.98859,255,18
2026-06-16 01:40:00,0.98859,0.98869,0.98825,0.98853,212,18
2026-06-16 01:50:00,0.98853,0.98858,0.98814,0.98828,187,18
2026-06-16 02:00:00,0.98829,0.98835,0.98783,0.988,277,18
2026-06-16 02:10:00,0.98799,0.98812,0.98773,0.98774,216,18
2026-06-16 02:20:00,0.98774,0.98818,0.98771,0.98814,139,18
2026-06-16 02:30:00,0.98816,0.98833,0.98809,0.98817,193,18
2026-06-16 02:40:00,0.98817,0.98822,0.98797,0.98819,142,18
2026-06-16 02:50:00,0.98819,0.98831,0.98809,0.98831,152,18
2026-06-16 03:00:00,0.98831,0.98837,0.98817,0.98824,167,18
2026-06-16 03:10:00,0.98824,0.9884,0.98818,0.98837,162,18
2026-06-16 03:20:00,0.98837,0.98842,0.98811,0.98838,206,18
2026-06-16 03:30:00,0.98838,0.98868,0.98836,0.98867,160,18
2026-06-16 03:40:00,0.98867,0.98876,0.98858,0.9887,142,18
2026-06-16 03:50:00,0.9887,0.98872,0.98833,0.98843,138,18
2026-06-16 04:00:00,0.98844,0.98848,0.98812,0.98817,151,18
2026-06-16 04:10:00,0.98817,0.98817,0.98784,0.98801,188,18
2026-06-16 04:20:00,0.988,0.9883,0.98769,0.9883,278,18
2026-06-16 04:30:00,0.98832,0.98854,0.98779,0.98814,276,18
2026-06-16 04:40:00,0.98815,0.98816,0.98749,0.98752,215,18
2026-06-16 04:50:00,0.98752,0.98782,0.98733,0.98781,228,18
2026-06-16 05:00:00,0.98783,0.98807,0.9878,0.98793,197,18
2026-06-16 05:10:00,0.98794,0.98796,0.98776,0.98788,141,18
2026-06-16 05:20:00,0.98788,0.98831,0.98785,0.98826,175,18
2026-06-16 05:30:00,0.98828,0.98839,0.988,0.98823,249,18
2026-06-16 05:40:00,0.98823,0.98828,0.98695,0.98697,303,18
2026-06-16 05:50:00,0.98696,0.98767,0.98696,0.98766,326,18
2026-06-16 06:00:00,0.98767,0.98814,0.98767,0.98793,275,18
2026-06-16 06:10:00,0.98795,0.98834,0.98787,0.98804,221,18
2026-06-16 06:20:00,0.98804,0.98808,0.98774,0.98798,214,18
2026-06-16 06:30:00,0.98798,0.98819,0.98785,0.98795,249,18
2026-06-16 06:40:00,0.98795,0.98819,0.98786,0.98814,210,18
2026-06-16 06:50:00,0.98814,0.98831,0.98789,0.98826,297,18
2026-06-16 07:00:00,0.98828,0.98871,0.98815,0.98858,320,18
2026-06-16 07:10:00,0.98858,0.98859,0.98829,0.98837,259,18
2026-06-16 07:20:00,0.98834,0.98867,0.98825,0.98859,201,18
2026-06-16 07:30:00,0.98857,0.98866,0.9884,0.98862,237,18
2026-06-16 07:40:00,0.98862,0.98864,0.98834,0.98837,190,18
2026-06-16 07:50:00,0.98837,0.98876,0.98833,0.98876,197,18
2026-06-16 08:00:00,0.98875,0.98903,0.98847,0.98885,277,18
2026-06-16 08:10:00,0.98886,0.98902,0.98874,0.98883,236,18
2026-06-16 08:20:00,0.98883,0.98947,0.98876,0.98945,196,18
2026-06-16 08:30:00,0.98945,0.98967,0.98904,0.98911,249,18
2026-06-16 08:40:00,0.9891,0.98953,0.9891,0.98953,216,18
2026-06-16 08:50:00,0.98953,0.98976,0.98942,0.9896,187,18
2026-06-16 09:00:00,0.9896,0.98968,0.98934,0.98953,223,18
2026-06-16 09:10:00,0.98953,0.98972,0.98934,0.98937,188,18
2026-06-16 09:20:00,0.98937,0.98952,0.98936,0.9895,204,18
2026-06-16 09:30:00,0.98951,0.98967,0.98934,0.98949,181,18
2026-06-16 09:40:00,0.98949,0.98953,0.98938,0.98939,183,18
2026-06-16 09:50:00,0.98939,0.98966,0.98939,0.98958,163,18
2026-06-16 10:00:00,0.98959,0.98979,0.98946,0.98977,179,18
2026-06-16 10:10:00,0.98977,0.99012,0.98966,0.98996,241,18
2026-06-16 10:20:00,0.98996,0.99015,0.98993,0.98996,186,18
2026-06-16 10:30:00,0.98997,0.9903,0.98995,0.99026,198,18
2026-06-16 10:40:00,0.99026,0.99041,0.99017,0.99025,151,18
2026-06-16 10:50:00,0.99025,0.99044,0.9902,0.99038,201,18
2026-06-16 11:00:00,0.99037,0.99048,0.99001,0.99004,205,18
2026-06-16 11:10:00,0.99004,0.99014,0.98991,0.99002,204,18
2026-06-16 11:20:00,0.99002,0.99003,0.98968,0.98985,194,18
2026-06-16 11:30:00,0.98986,0.99003,0.98982,0.98983,171,18
2026-06-16 11:40:00,0.98983,0.99003,0.98962,0.98996,206,18
2026-06-16 11:50:00,0.98996,0.99018,0.98981,0.98998,183,18
2026-06-16 12:00:00,0.98998,0.99017,0.98993,0.98995,247,18
2026-06-16 12:10:00,0.98995,0.99023,0.9899,0.99001,195,18
2026-06-16 12:20:00,0.98998,0.99018,0.98972,0.99008,241,18
2026-06-16 12:30:00,0.99008,0.99039,0.99004,0.99036,227,18
2026-06-16 12:40:00,0.99037,0.99039,0.99022,0.99033,236,18
2026-06-16 12:50:00,0.99031,0.99058,0.99021,0.99044,234,18
2026-06-16 13:00:00,0.99046,0.99054,0.9903,0.99036,258,18
2026-06-16 13:10:00,0.99036,0.99059,0.99027,0.99048,247,18
2026-06-16 13:20:00,0.99048,0.99052,0.99009,0.99043,240,18
2026-06-16 13:30:00,0.99042,0.99067,0.99034,0.99037,364,18
2026-06-16 13:40:00,0.99037,0.99069,0.99034,0.99046,304,18
2026-06-16 13:50:00,0.99046,0.99048,0.99025,0.99027,290,18
2026-06-16 14:00:00,0.99026,0.99074,0.99026,0.9907,348,18
2026-06-16 14:10:00,0.99071,0.99074,0.99014,0.99014,318,18
2026-06-16 14:20:00,0.99014,0.9903,0.9895,0.9895,360,18
2026-06-16 14:30:00,0.9895,0.98971,0.98933,0.98962,383,18
2026-06-16 14:40:00,0.98961,0.98991,0.98959,0.98989,295,18
2026-06-16 14:50:00,0.9899,0.99013,0.98964,0.98978,379,18
2026-06-16 15:00:00,0.98978,0.99004,0.98966,0.98971,382,18
2026-06-16 15:10:00,0.9897,0.9898,0.98945,0.98947,307,18
2026-06-16 15:20:00,0.98947,0.98961,0.98934,0.98945,311,18
2026-06-16 15:30:00,0.98945,0.98963,0.98934,0.9894,309,18
2026-06-16 15:40:00,0.98942,0.98944,0.98892,0.98904,325,18
2026-06-16 15:50:00,0.98903,0.98963,0.98903,0.98936,417,18
2026-06-16 16:00:00,0.98938,0.98963,0.98935,0.98959,317,18
2026-06-16 16:10:00,0.98959,0.98975,0.98946,0.98969,274,18
2026-06-16 16:20:00,0.98969,0.98971,0.98937,0.98939,232,18
2026-06-16 16:30:00,0.98939,0.9894,0.98911,0.98921,273,18
2026-06-16 16:40:00,0.98919,0.98943,0.98916,0.98931,234,18
2026-06-16 16:50:00,0.98932,0.98938,0.98909,0.98918,219,18
2026-06-16 17:00:00,0.98919,0.98919,0.98898,0.98904,246,18
2026-06-16 17:10:00,0.98904,0.98915,0.98891,0.98894,210,18
2026-06-16 17:20:00,0.98894,0.98925,0.98887,0.98925,199,18
2026-06-16 17:30:00,0.98925,0.98945,0.9891,0.98914,248,18
2026-06-16 17:40:00,0.98914,0.98949,0.98913,0.98944,204,18
2026-06-16 17:50:00,0.98943,0.98961,0.98941,0.98955,182,18
2026-06-16 18:00:00,0.98956,0.98974,0.98954,0.98963,204,18
2026-06-16 18:10:00,0.98963,0.98969,0.98959,0.98961,190,18
2026-06-16 18:20:00,0.98961,0.98965,0.98953,0.98955,176,18
2026-06-16 18:30:00,0.98955,0.98959,0.98928,0.98933,165,18
2026-06-16 18:40:00,0.98932,0.98941,0.98931,0.98931,164,18
2026-06-16 18:50:00,0.98931,0.98952,0.98922,0.98947,204,18
2026-06-16 19:00:00,0.98947,0.98958,0.9894,0.98941,215,18
2026-06-16 19:10:00,0.98941,0.98946,0.98926,0.98934,191,18
2026-06-16 19:20:00,0.98933,0.98942,0.98925,0.9894,173,18
2026-06-16 19:30:00,0.9894,0.98943,0.9892,0.9892,191,18
2026-06-16 19:40:00,0.9892,0.98931,0.98917,0.98925,185,18
2026-06-16 19:50:00,0.98927,0.98935,0.98891,0.98915,276,18
2026-06-16 20:00:00,0.98915,0.98918,0.98882,0.98884,152,18
2026-06-16 20:10:00,0.98885,0.98889,0.98868,0.98875,110,18
2026-06-16 20:20:00,0.98875,0.98887,0.98875,0.98884,93,18
2026-06-16 20:30:00,0.98884,0.98931,0.98883,0.98927,109,18
2026-06-16 20:40:00,0.98927,0.9893,0.989,0.989,96,18
2026-06-16 20:50:00,0.989,0.98902,0.98883,0.98884,87,18
2026-06-16 21:00:00,0.98885,0.98885,0.98882,0.98883,10,22
2026-06-16 21:10:00,0.98884,0.98884,0.98876,0.98878,39,22
2026-06-16 21:20:00,0.98879,0.98885,0.98873,0.98882,99,22
2026-06-16 21:30:00,0.98881,0.98894,0.98877,0.98877,128,29
2026-06-16 21:40:00,0.98879,0.98882,0.98843,0.98857,218,45
2026-06-16 21:50:00,0.98856,0.98874,0.98854,0.98874,136,28
2026-06-16 22:00:00,0.98879,0.98879,0.98853,0.98874,106,18
2026-06-16 22:10:00,0.98874,0.98875,0.98857,0.98868,121,18
2026-06-16 22:20:00,0.98867,0.9887,0.98861,0.98866,54,18
2026-06-16 22:30:00,0.98866,0.98894,0.98861,0.98894,65,18
2026-06-16 22:40:00,0.98894,0.98897,0.98889,0.98897,56,18
2026-06-16 22:50:00,0.98897,0.98907,0.98888,0.98892,49,18
2026-06-16 23:00:00,0.98892,0.98898,0.98878,0.98898,44,18
2026-06-16 23:10:00,0.98899,0.989,0.98889,0.98897,46,18
2026-06-16 23:20:00,0.98898,0.98914,0.98896,0.98912,53,18
2026-06-16 23:30:00,0.98912,0.98912,0.98893,0.98893,51,18
2026-06-16 23:40:00,0.98893,0.98896,0.98876,0.98878,67,18
2026-06-16 23:50:00,0.98879,0.98879,0.98863,0.98868,119,18
2026-06-17 00:00:00,0.98868,0.98896,0.98859,0.9889,234,18
2026-06-17 00:10:00,0.98892,0.98922,0.98889,0.98902,189,18
2026-06-17 00:20:00,0.98901,0.98904,0.98881,0.98882,144,18
2026-06-17 00:30:00,0.98882,0.98892,0.9887,0.9888,162,18
2026-06-17 00:40:00,0.9888,0.9889,0.98873,0.98876,152,18
2026-06-17 00:50:00,0.98875,0.98888,0.98868,0.98888,172,18
2026-06-17 01:00:00,0.98888,0.98937,0.98877,0.98917,262,18
2026-06-17 01:10:00,0.98918,0.98938,0.98901,0.98914,221,18
2026-06-17 01:20:00,0.98914,0.98923,0.98901,0.98906,180,18
2026-06-17 01:30:00,0.98905,0.98905,0.98885,0.98889,188,18
2026-06-17 01:40:00,0.98889,0.9891,0.98878,0.98887,157,18
2026-06-17 01:50:00,0.98887,0.98905,0.98887,0.98902,136,18
2026-06-17 02:00:00,0.98903,0.98908,0.9888,0.98883,139,18
2026-06-17 02:10:00,0.98883,0.98902,0.98878,0.98895,130,18
2026-06-17 02:20:00,0.98895,0.98917,0.98889,0.98901,138,18
2026-06-17 02:30:00,0.98902,0.98905,0.98866,0.98871,157,18
2026-06-17 02:40:00,0.98872,0.98885,0.98862,0.98875,140,18
2026-06-17 02:50:00,0.98875,0.98875,0.9884,0.98852,155,18
2026-06-17 03:00:00,0.98852,0.98859,0.98831,0.98846,160,18
2026-06-17 03:10:00,0.98843,0.98848,0.98815,0.98843,147,18
2026-06-17 03:20:00,0.98843,0.98847,0.98834,0.98844,107,18
2026-06-17 03:30:00,0.98845,0.9885,0.98839,0.98846,116,18
2026-06-17 03:40:00,0.98846,0.98859,0.98839,0.98851,132,18
2026-06-17 03:50:00,0.98851,0.98855,0.98841,0.98845,134,18
2026-06-17 04:00:00,0.98845,0.98857,0.98844,0.9885,119,18
2026-06-17 04:10:00,0.9885,0.98872,0.9885,0.98861,148,18
2026-06-17 04:20:00,0.98861,0.98861,0.98837,0.98839,112,18
2026-06-17 04:30:00,0.98839,0.98849,0.98834,0.98842,115,18
2026-06-17 04:40:00,0.98842,0.98843,0.98818,0.98824,164,18
2026-06-17 04:50:00,0.98824,0.98833,0.98812,0.98816,166,18
2026-06-17 05:00:00,0.98814,0.9884,0.98811,0.98813,159,18
2026-06-17 05:10:00,0.98813,0.9883,0.9881,0.98826,120,18
2026-06-17 05:20:00,0.98828,0.98833,0.98814,0.98819,121,18
2026-06-17 05:30:00,0.98819,0.98826,0.98807,0.98821,155,18
2026-06-17 05:40:00,0.98821,0.98821,0.988,0.98804,140,18
2026-06-17 05:50:00,0.98804,0.98807,0.98777,0.98798,204,18
2026-06-17 06:00:00,0.988,0.98814,0.98783,0.98794,244,18
2026-06-17 06:10:00,0.98794,0.98802,0.98779,0.98789,198,18
2026-06-17 06:20:00,0.98789,0.988,0.98768,0.98769,183,18
2026-06-17 06:30:00,0.98769,0.98815,0.98769,0.98805,187,18
2026-06-17 06:40:00,0.98808,0.98824,0.98797,0.98809,188,18
2026-06-17 06:50:00,0.98809,0.98833,0.98808,0.98832,146,18
2026-06-17 07:00:00,0.98833,0.98836,0.98816,0.98834,223,18
2026-06-17 07:10:00,0.98834,0.98868,0.98834,0.98845,206,18
2026-06-17 07:20:00,0.98846,0.98852,0.98824,0.98838,230,18
2026-06-17 07:30:00,0.98837,0.98855,0.98833,0.98855,174,18
2026-06-17 07:40:00,0.98853,0.98869,0.98834,0.98862,226,18
2026-06-17 07:50:00,0.98862,0.98869,0.98841,0.98863,185,18
2026-06-17 08:00:00,0.98863,0.98863,0.98831,0.98844,177,18
2026-06-17 08:10:00,0.98841,0.98843,0.98789,0.98797,278,18
2026-06-17 08:20:00,0.98796,0.98836,0.98795,0.98831,217,18
2026-06-17 08:30:00,0.98832,0.98834,0.98802,0.98802,221,18
2026-06-17 08:40:00,0.98802,0.98819,0.98796,0.98809,212,18
2026-06-17 08:50:00,0.9881,0.98839,0.98806,0.98832,210,18
2026-06-17 09:00:00,0.98832,0.98846,0.98819,0.98824,165,18
2026-06-17 09:10:00,0.98825,0.98832,0.98816,0.98831,179,18
2026-06-17 09:20:00,0.98831,0.98851,0.98824,0.98841,194,18
2026-06-17 09:30:00,0.98841,0.98855,0.98829,0.98841,167,18
2026-06-17 09:40:00,0.98841,0.98849,0.98834,0.98847,153,18
2026-06-17 09:50:00,0.98846,0.98854,0.98828,0.98852,190,18
2026-06-17 10:00:00,0.98852,0.98854,0.98822,0.98825,227,18
2026-06-17 10:10:00,0.98825,0.98839,0.98814,0.98814,184,18
2026-06-17 10:20:00,0.98812,0.98847,0.98811,0.98841,169,18
2026-06-17 10:30:00,0.98841,0.98858,0.98839,0.98856,156,18
2026-06-17 10:40:00,0.98855,0.98864,0.98844,0.98859,184,18
2026-06-17 10:50:00,0.9886,0.98883,0.9886,0.98877,179,18
2026-06-17 11:00:00,0.98875,0.98896,0.9887,0.98889,188,18
2026-06-17 11:10:00,0.98888,0.98903,0.98875,0.98892,218,18
2026-06-17 11:20:00,0.98892,0.98897,0.98881,0.98895,145,18
2026-06-17 11:30:00,0.98895,0.98913,0.98874,0.989,227,18
2026-06-17 11:40:00,0.989,0.98915,0.98893,0.98911,194,18
2026-06-17 11:50:00,0.9891,0.98919,0.98883,0.98885,177,18
2026-06-17 12:00:00,0.98885,0.98898,0.98879,0.98887,226,18
2026-06-17 12:10:00,0.98886,0.98889,0.98872,0.98882,182,18
2026-06-17 12:20:00,0.98881,0.98891,0.98871,0.98887,217,18
2026-06-17 12:30:00,0.98883,0.98921,0.98866,0.98917,232,18
2026-06-17 12:40:00,0.98919,0.98958,0.98914,0.9895,191,18
2026-06-17 12:50:00,0.9895,0.9898,0.98946,0.98964,219,18
2026-06-17 13:00:00,0.98964,0.98965,0.98946,0.98952,252,18
2026-06-17 13:10:00,0.98952,0.98962,0.98941,0.9896,216,18
2026-06-17 13:20:00,0.98961,0.98995,0.98961,0.98967,273,18
2026-06-17 13:30:00,0.98969,0.99042,0.98957,0.99039,330,18
2026-06-17 13:40:00,0.99038,0.99062,0.99032,0.99053,325,18
2026-06-17 13:50:00,0.99054,0.99096,0.99041,0.99058,369,18
2026-06-17 14:00:00,0.99058,0.9907,0.99039,0.99044,358,18
2026-06-17 14:10:00,0.99047,0.9907,0.99042,0.99049,323,18
2026-06-17 14:20:00,0.99049,0.99081,0.99047,0.99066,295,18
2026-06-17 14:30:00,0.99069,0.99069,0.99043,0.99051,282,18
2026-06-17 14:40:00,0.99051,0.99077,0.98961,0.9903,513,18
2026-06-17 14:50:00,0.99032,0.99065,0.99026,0.99053,448,18
2026-06-17 15:00:00,0.99053,0.99076,0.99025,0.99052,394,18
2026-06-17 15:10:00,0.99052,0.99137,0.99052,0.99137,310,18
2026-06-17 15:20:00,0.99138,0.99172,0.99128,0.99164,303,18
2026-06-17 15:30:00,0.99165,0.99197,0.99156,0.99194,293,18
2026-06-17 15:40:00,0.99194,0.99205,0.99176,0.99205,245,18
2026-06-17 15:50:00,0.99205,0.99215,0.99159,0.99182,294,18
2026-06-17 16:00:00,0.99185,0.99192,0.99161,0.99178,258,18
2026-06-17 16:10:00,0.99179,0.99188,0.9917,0.99182,187,18
2026-06-17 16:20:00,0.99182,0.99218,0.99181,0.99218,197,18
2026-06-17 16:30:00,0.99218,0.99219,0.99203,0.99215,203,18
2026-06-17 16:40:00,0.99213,0.99213,0.99192,0.99197,186,18
2026-06-17 16:50:00,0.99197,0.9921,0.99192,0.99203,202,18
2026-06-17 17:00:00,0.99203,0.99206,0.99166,0.99182,260,18
2026-06-17 17:10:00,0.99183,0.992,0.99176,0.99189,204,18
2026-06-17 17:20:00,0.9919,0.99202,0.99184,0.99199,213,18
2026-06-17 17:30:00,0.99199,0.9922,0.99189,0.99214,210,18
2026-06-17 17:40:00,0.99214,0.99238,0.99212,0.99233,199,18
2026-06-17 17:50:00,0.99232,0.99249,0.99225,0.99231,211,18
2026-06-17 18:00:00,0.99236,0.99236,0.9897,0.98991,1089,18
2026-06-17 18:10:00,0.9899,0.99079,0.9897,0.99065,739,18
2026-06-17 18:20:00,0.99068,0.99071,0.98963,0.98998,597,18
2026-06-17 18:30:00,0.99,0.99129,0.98917,0.99036,1688,18
2026-06-17 18:40:00,0.99039,0.99179,0.99019,0.99131,1365,18
2026-06-17 18:50:00,0.99129,0.99189,0.99023,0.99059,846,18
2026-06-17 19:00:00,0.99057,0.99084,0.98925,0.98948,1019,18
2026-06-17 19:10:00,0.98945,0.98988,0.98904,0.98931,917,18
2026-06-17 19:20:00,0.98931,0.98932,0.98798,0.98803,787,18
2026-06-17 19:30:00,0.98805,0.98813,0.98723,0.98737,788,18
2026-06-17 19:40:00,0.98739,0.98872,0.98737,0.98858,731,18
2026-06-17 19:50:00,0.98855,0.98913,0.98829,0.98901,691,18
2026-06-17 20:00:00,0.98904,0.98931,0.98882,0.98902,396,18
2026-06-17 20:10:00,0.98902,0.98924,0.98881,0.98893,331,18
2026-06-17 20:20:00,0.98893,0.98905,0.9883,0.98838,308,18
2026-06-17 20:30:00,0.98837,0.98901,0.98837,0.98895,209,18
2026-06-17 20:40:00,0.98895,0.98895,0.98867,0.98892,236,18
2026-06-17 20:50:00,0.98892,0.98894,0.98866,0.98867,173,18
2026-06-17 21:00:00,0.98866,0.98866,0.98859,0.98864,37,22
2026-06-17 21:10:00,0.98866,0.98869,0.98854,0.9886,83,22
2026-06-17 21:20:00,0.98862,0.98868,0.98859,0.98861,54,22
2026-06-17 21:30:00,0.98862,0.98876,0.98862,0.98873,66,41
2026-06-17 21:40:00,0.98873,0.98884,0.98873,0.98875,53,27
2026-06-17 21:50:00,0.98875,0.98904,0.98873,0.98904,70,22
2026-06-17 22:00:00,0.98921,0.98921,0.98855,0.98899,183,18
2026-06-17 22:10:00,0.98897,0.98906,0.98886,0.989,151,18
2026-06-17 22:20:00,0.989,0.98907,0.98892,0.989,130,18
2026-06-17 22:30:00,0.989,0.98915,0.98893,0.98907,141,18
2026-06-17 22:40:00,0.98907,0.9891,0.98884,0.98894,88,18
2026-06-17 22:50:00,0.9889,0.98897,0.9888,0.98886,89,18
2026-06-17 23:00:00,0.98886,0.98913,0.98886,0.98907,138,18
2026-06-17 23:10:00,0.98907,0.98936,0.98902,0.98924,103,18
2026-06-17 23:20:00,0.98925,0.98945,0.98924,0.9894,159,18
2026-06-17 23:30:00,0.98941,0.98954,0.98924,0.98948,149,18
2026-06-17 23:40:00,0.98951,0.9896,0.98935,0.98956,149,18
2026-06-17 23:50:00,0.98956,0.98981,0.98942,0.98961,215,18
2026-06-18 00:00:00,0.98964,0.991,0.98964,0.99063,424,18
2026-06-18 00:10:00,0.99064,0.9907,0.99044,0.99045,319,18
2026-06-18 00:20:00,0.99043,0.99062,0.99034,0.99062,266,18
2026-06-18 00:30:00,0.99062,0.99066,0.9904,0.9906,225,18
2026-06-18 00:40:00,0.9906,0.99061,0.99018,0.99024,213,18
2026-06-18 00:50:00,0.99024,0.99024,0.98977,0.9899,301,18
2026-06-18 01:00:00,0.98992,0.99079,0.98992,0.99063,329,18
2026-06-18 01:10:00,0.99063,0.99107,0.99063,0.99093,271,18
2026-06-18 01:20:00,0.99093,0.99142,0.99093,0.9912,300,18
2026-06-18 01:30:00,0.99122,0.99158,0.99122,0.99148,228,18
2026-06-18 01:40:00,0.99148,0.99168,0.99116,0.99133,233,18
2026-06-18 01:50:00,0.99133,0.99168,0.99118,0.99164,234,18
2026-06-18 02:00:00,0.99164,0.99195,0.99164,0.99178,221,18
2026-06-18 02:10:00,0.99178,0.99207,0.9917,0.99177,216,18
2026-06-18 02:20:00,0.99179,0.99189,0.99169,0.99187,159,18
2026-06-18 02:30:00,0.99186,0.992,0.9917,0.99194,212,18
2026-06-18 02:40:00,0.99194,0.99223,0.99191,0.99213,215,18
2026-06-18 02:50:00,0.99211,0.9923,0.99195,0.99208,214,18
2026-06-18 03:00:00,0.99207,0.99226,0.99202,0.99208,192,18
2026-06-18 03:10:00,0.99208,0.99218,0.99193,0.99206,170,18
2026-06-18 03:20:00,0.99206,0.99241,0.99204,0.99238,183,18
2026-06-18 03:30:00,0.9924,0.99251,0.99211,0.99229,182,18
2026-06-18 03:40:00,0.99228,0.99253,0.99221,0.99247,151,18
2026-06-18 03:50:00,0.99246,0.99262,0.99236,0.99254,125,18
2026-06-18 04:00:00,0.99253,0.99258,0.99236,0.99241,158,18
2026-06-18 04:10:00,0.99241,0.99243,0.99215,0.99218,162,18
2026-06-18 04:20:00,0.99218,0.99233,0.99212,0.99219,182,18
2026-06-18 04:30:00,0.99219,0.99223,0.99187,0.99187,145,18
2026-06-18 04:40:00,0.99187,0.99197,0.99168,0.99185,203,18
2026-06-18 04:50:00,0.99184,0.99209,0.99181,0.99182,184,18
2026-06-18 05:00:00,0.99182,0.99206,0.99166,0.992,181,18
2026-06-18 05:10:00,0.99201,0.99232,0.99194,0.99225,153,18
2026-06-18 05:20:00,0.99225,0.99238,0.99209,0.99219,186,18
2026-06-18 05:30:00,0.99219,0.99234,0.99202,0.99209,196,18
2026-06-18 05:40:00,0.99209,0.99228,0.992,0.992,208,18
2026-06-18 05:50:00,0.99201,0.99222,0.99179,0.99185,216,18
2026-06-18 06:00:00,0.99186,0.99215,0.99177,0.99181,316,18
2026-06-18 06:10:00,0.99181,0.99203,0.99167,0.99195,275,18
2026-06-18 06:20:00,0.99194,0.99255,0.99187,0.99253,281,18
2026-06-18 06:30:00,0.99253,0.99266,0.99221,0.99236,296,18
2026-06-18 06:40:00,0.99236,0.99271,0.99216,0.99246,282,18
2026-06-18 06:50:00,0.99246,0.99258,0.99241,0.99255,232,18
2026-06-18 07:00:00,0.99254,0.99261,0.99191,0.99199,316,18
2026-06-18 07:10:00,0.99198,0.99213,0.99187,0.992,224,18
2026-06-18 07:20:00,0.99199,0.99204,0.99168,0.99195,250,18
2026-06-18 07:30:00,0.99197,0.99198,0.99157,0.99185,271,18
2026-06-18 07:40:00,0.99186,0.99222,0.99185,0.99192,289,18
2026-06-18 07:50:00,0.99192,0.99215,0.99174,0.99188,272,18
2026-06-18 08:00:00,0.9919,0.99193,0.99159,0.99187,324,18
2026-06-18 08:10:00,0.99188,0.99196,0.99166,0.99175,260,18
2026-06-18 08:20:00,0.99172,0.99173,0.99135,0.99147,273,18
2026-06-18 08:30:00,0.9915,0.9915,0.99088,0.99094,264,18
2026-06-18 08:40:00,0.99094,0.99103,0.99051,0.99063,238,18
2026-06-18 08:50:00,0.99063,0.99065,0.98996,0.9901,319,18
2026-06-18 09:00:00,0.99013,0.99054,0.98993,0.99012,389,18
2026-06-18 09:10:00,0.99013,0.9906,0.98976,0.99059,322,18
2026-06-18 09:20:00,0.99059,0.99066,0.99027,0.99032,279,18
2026-06-18 09:30:00,0.99035,0.99069,0.99019,0.99069,292,18
2026-06-18 09:40:00,0.99069,0.99095,0.99062,0.99093,252,18
2026-06-18 09:50:00,0.99092,0.991,0.99077,0.99079,239,18
2026-06-18 10:00:00,0.99079,0.99083,0.99016,0.99016,332,18
2026-06-18 10:10:00,0.99017,0.99037,0.98983,0.99033,324,18
2026-06-18 10:20:00,0.99033,0.99034,0.98996,0.99,256,18
2026-06-18 10:30:00,0.98999,0.99019,0.98981,0.98983,247,18
2026-06-18 10:40:00,0.98983,0.98986,0.98953,0.9898,269,18
2026-06-18 10:50:00,0.98981,0.98987,0.98937,0.98939,230,18
2026-06-18 11:00:00,0.98939,0.98953,0.98917,0.98926,338,18
2026-06-18 11:10:00,0.98926,0.98959,0.98914,0.98922,293,18
2026-06-18 11:20:00,0.98922,0.98978,0.98918,0.98967,345,18
2026-06-18 11:30:00,0.98967,0.98984,0.98959,0.98981,303,18
2026-06-18 11:40:00,0.98981,0.98992,0.98954,0.98955,319,18
2026-06-18 11:50:00,0.98955,0.98966,0.98927,0.98953,304,18
2026-06-18 12:00:00,0.98953,0.98957,0.98926,0.98938,307,18
2026-06-18 12:10:00,0.98938,0.99015,0.98937,0.99008,334,18
2026-06-18 12:20:00,0.99007,0.99056,0.98994,0.98999,431,18
2026-06-18 12:30:00,0.98996,0.99022,0.98969,0.98969,320,18
2026-06-18 12:40:00,0.98972,0.99038,0.98962,0.99036,352,18
2026-06-18 12:50:00,0.99038,0.99088,0.99032,0.99067,356,18
2026-06-18 13:00:00,0.99066,0.99072,0.99015,0.99053,392,18
2026-06-18 13:10:00,0.99055,0.99106,0.99055,0.99085,385,18
2026-06-18 13:20:00,0.99085,0.99113,0.99068,0.99109,394,18
2026-06-18 13:30:00,0.99107,0.99202,0.99107,0.99199,528,18
2026-06-18 13:40:00,0.992,0.99206,0.99133,0.99162,487,18
2026-06-18 13:50:00,0.9916,0.99174,0.99126,0.99172,421,18
2026-06-18 14:00:00,0.99173,0.99206,0.99145,0.99169,473,18
2026-06-18 14:10:00,0.9917,0.99185,0.99133,0.99185,425,18
2026-06-18 14:20:00,0.99184,0.99233,0.99177,0.99188,441,18
2026-06-18 14:30:00,0.99185,0.99213,0.99158,0.99213,429,18
2026-06-18 14:40:00,0.99216,0.99228,0.99166,0.9922,396,18
2026-06-18 14:50:00,0.9922,0.99352,0.9922,0.9933,423,18
2026-06-18 15:00:00,0.99332,0.99344,0.99278,0.99341,412,18
2026-06-18 15:10:00,0.9934,0.99342,0.99305,0.99315,368,18
2026-06-18 15:20:00,0.99316,0.99331,0.99293,0.99317,371,18
2026-06-18 15:30:00,0.99316,0.99344,0.99284,0.9929,385,18
2026-06-18 15:40:00,0.9929,0.99316,0.9928,0.99292,367,18
2026-06-18 15:50:00,0.99294,0.99299,0.99256,0.99256,347,18
2026-06-18 16:00:00,0.99256,0.99271,0.99206,0.99245,376,18
2026-06-18 16:10:00,0.99244,0.99251,0.99222,0.99222,277,18
2026-06-18 16:20:00,0.99224,0.99235,0.99203,0.99229,330,18
2026-06-18 16:30:00,0.99229,0.99237,0.99191,0.99218,300,18
2026-06-18 16:40:00,0.9922,0.99231,0.99208,0.99217,268,18
2026-06-18 16:50:00,0.99217,0.99223,0.99198,0.99221,267,18
2026-06-18 17:00:00,0.99223,0.99259,0.9921,0.99252,253,18
2026-06-18 17:10:00,0.9925,0.99271,0.99245,0.99265,224,18
2026-06-18 17:20:00,0.99268,0.99273,0.99253,0.99256,216,18
2026-06-18 17:30:00,0.99253,0.99262,0.99246,0.99254,215,18
2026-06-18 17:40:00,0.99254,0.99274,0.99252,0.99255,224,18
2026-06-18 17:50:00,0.99255,0.99269,0.99232,0.99238,243,18
2026-06-18 18:00:00,0.99237,0.99246,0.99223,0.9924,254,18
2026-06-18 18:10:00,0.99242,0.99247,0.99216,0.99225,226,18
2026-06-18 18:20:00,0.99225,0.99235,0.99214,0.99214,237,18
2026-06-18 18:30:00,0.99214,0.99214,0.99187,0.99191,221,18
2026-06-18 18:40:00,0.99189,0.99199,0.99169,0.9918,234,18
2026-06-18 18:50:00,0.99179,0.99199,0.99173,0.99173,227,18
2026-06-18 19:00:00,0.9917,0.99174,0.99112,0.99116,303,18
2026-06-18 19:10:00,0.99116,0.99122,0.99094,0.99122,274,18
2026-06-18 19:20:00,0.99122,0.99131,0.99105,0.99119,231,18
2026-06-18 19:30:00,0.99119,0.99136,0.99112,0.99129,293,18
2026-06-18 19:40:00,0.99129,0.99161,0.99127,0.99153,260,18
2026-06-18 19:50:00,0.9915,0.99166,0.99132,0.99134,281,18
2026-06-18 20:00:00,0.99137,0.99156,0.99121,0.99155,161,18
2026-06-18 20:10:00,0.99156,0.99192,0.99152,0.9917,144,18
2026-06-18 20:20:00,0.9917,0.99173,0.99154,0.99168,124,18
2026-06-18 20:30:00,0.99169,0.99173,0.9914,0.99142,125,18
2026-06-18 20:40:00,0.99142,0.99164,0.9914,0.99156,143,18
2026-06-18 20:50:00,0.99153,0.99165,0.99131,0.99148,159,18
2026-06-18 21:00:00,0.9915,0.99152,0.99148,0.99152,8,22
2026-06-18 21:10:00,0.99151,0.99156,0.99149,0.99151,84,22
2026-06-18 21:20:00,0.99152,0.99153,0.99137,0.99144,85,46
2026-06-18 21:30:00,0.99144,0.99153,0.99143,0.9915,73,32
2026-06-18 21:40:00,0.99151,0.99155,0.99143,0.9915,90,22
2026-06-18 21:50:00,0.99151,0.99154,0.99123,0.99123,71,22
2026-06-18 22:00:00,0.99127,0.99164,0.99127,0.99141,103,18
2026-06-18 22:10:00,0.99141,0.99157,0.99141,0.99151,112,18
2026-06-18 22:20:00,0.99149,0.99156,0.99147,0.99151,68,18
2026-06-18 22:30:00,0.99151,0.99159,0.99142,0.99142,58,18
2026-06-18 22:40:00,0.99142,0.99167,0.99141,0.99161,108,18
2026-06-18 22:50:00,0.99165,0.99172,0.99156,0.99171,65,18
2026-06-18 23:00:00,0.99171,0.99178,0.99164,0.99173,87,18
2026-06-18 23:10:00,0.99173,0.99179,0.99159,0.9916,65,18
2026-06-18 23:20:00,0.9916,0.99187,0.9916,0.99187,67,18
2026-06-18 23:30:00,0.99189,0.99191,0.99144,0.99168,131,18
2026-06-18 23:40:00,0.99167,0.99171,0.99151,0.99162,163,18
2026-06-18 23:50:00,0.99162,0.99173,0.99153,0.99157,144,18
2026-06-19 00:00:00,0.99157,0.99182,0.99139,0.9915,278,18
2026-06-19 00:10:00,0.99152,0.99163,0.99131,0.99147,228,18
2026-06-19 00:20:00,0.99147,0.99152,0.99135,0.99136,196,18
2026-06-19 00:30:00,0.99137,0.99156,0.99126,0.99144,205,18
2026-06-19 00:40:00,0.99144,0.99159,0.99128,0.99153,217,18
2026-06-19 00:50:00,0.99153,0.99184,0.99126,0.99128,226,18
2026-06-19 01:00:00,0.99128,0.99146,0.99117,0.99131,222,18
2026-06-19 01:10:00,0.99132,0.99136,0.99105,0.99122,178,18
2026-06-19 01:20:00,0.9912,0.99149,0.99094,0.99143,194,18
2026-06-19 01:30:00,0.99145,0.99149,0.99127,0.99132,190,18
2026-06-19 01:40:00,0.99132,0.99132,0.99086,0.99094,210,18
2026-06-19 01:50:00,0.99094,0.99105,0.99081,0.99088,190,18
2026-06-19 02:00:00,0.9909,0.99118,0.99087,0.99106,217,18
2026-06-19 02:10:00,0.99108,0.99117,0.99083,0.99085,207,18
2026-06-19 02:20:00,0.99085,0.99133,0.99083,0.99133,214,18
2026-06-19 02:30:00,0.99134,0.99151,0.9912,0.99126,180,18
2026-06-19 02:40:00,0.99125,0.99147,0.99122,0.99142,148,18
2026-06-19 02:50:00,0.99141,0.99143,0.99116,0.99139,162,18
2026-06-19 03:00:00,0.99139,0.99158,0.99139,0.99149,170,18
2026-06-19 03:10:00,0.99152,0.99152,0.9906,0.99063,253,18
2026-06-19 03:20:00,0.99064,0.99086,0.9905,0.99058,229,18
2026-06-19 03:30:00,0.99061,0.99061,0.99035,0.99051,248,18
2026-06-19 03:40:00,0.99052,0.99068,0.9904,0.99042,208,18
2026-06-19 03:50:00,0.99042,0.99051,0.99001,0.99016,228,18
2026-06-19 04:00:00,0.99017,0.99023,0.98975,0.9901,311,18
2026-06-19 04:10:00,0.9901,0.99021,0.98976,0.98991,286,18
2026-06-19 04:20:00,0.98991,0.99011,0.98984,0.99007,194,18
2026-06-19 04:30:00,0.9901,0.99024,0.98988,0.9899,219,18
2026-06-19 04:40:00,0.98989,0.99006,0.98979,0.98995,212,18
2026-06-19 04:50:00,0.98995,0.98999,0.98967,0.98985,214,18
2026-06-19 05:00:00,0.98988,0.98991,0.98955,0.9897,251,18
2026-06-19 05:10:00,0.9897,0.98996,0.98963,0.98973,225,18
2026-06-19 05:20:00,0.98973,0.98976,0.98943,0.98966,259,18
2026-06-19 05:30:00,0.98966,0.98989,0.98955,0.98985,266,18
2026-06-19 05:40:00,0.98985,0.99046,0.98985,0.99045,218,18
2026-06-19 05:50:00,0.99045,0.99118,0.99038,0.99089,307,18
2026-06-19 06:00:00,0.99088,0.99095,0.99037,0.99048,314,18
2026-06-19 06:10:00,0.99049,0.99072,0.99036,0.99072,254,18
2026-06-19 06:20:00,0.99069,0.99132,0.99066,0.99124,268,18
2026-06-19 06:30:00,0.99123,0.99131,0.99078,0.99086,287,18
2026-06-19 06:40:00,0.99085,0.99095,0.9907,0.99089,212,18
2026-06-19 06:50:00,0.99092,0.99145,0.99079,0.99135,223,18
2026-06-19 07:00:00,0.99137,0.99179,0.99128,0.99164,303,18
2026-06-19 07:10:00,0.99164,0.99164,0.99115,0.99125,270,18
2026-06-19 07:20:00,0.99125,0.99129,0.99103,0.99116,264,18
2026-06-19 07:30:00,0.99117,0.99139,0.99115,0.99139,213,18
2026-06-19 07:40:00,0.99139,0.9916,0.99117,0.99117,235,18
2026-06-19 07:50:00,0.99117,0.99159,0.99112,0.99138,249,18
2026-06-19 08:00:00,0.9914,0.99205,0.99137,0.99201,311,18
2026-06-19 08:10:00,0.99204,0.99215,0.99178,0.99196,284,18
2026-06-19 08:20:00,0.99196,0.99218,0.99186,0.99195,242,18
2026-06-19 08:30:00,0.99195,0.99205,0.99178,0.99201,246,18
2026-06-19 08:40:00,0.99201,0.99213,0.99178,0.99211,240,18
2026-06-19 08:50:00,0.9921,0.99214,0.99171,0.99199,240,18
2026-06-19 09:00:00,0.992,0.9922,0.99176,0.99208,274,18
2026-06-19 09:10:00,0.99211,0.99249,0.99205,0.99245,251,18
2026-06-19 09:20:00,0.99245,0.99248,0.992,0.99202,209,18
2026-06-19 09:30:00,0.99201,0.99233,0.99201,0.99222,198,18
2026-06-19 09:40:00,0.99222,0.99234,0.99209,0.99209,171,18
2026-06-19 09:50:00,0.99209,0.99228,0.99198,0.99205,187,18
2026-06-19 10:00:00,0.99205,0.99225,0.99193,0.99205,187,18
2026-06-19 10:10:00,0.99205,0.99212,0.99187,0.99195,212,18
2026-06-19 10:20:00,0.99195,0.99201,0.99174,0.99183,227,18
2026-06-19 10:30:00,0.99184,0.99203,0.99179,0.99181,238,18
2026-06-19 10:40:00,0.99181,0.99186,0.99155,0.99171,260,18
2026-06-19 10:50:00,0.99168,0.99196,0.99159,0.99193,224,18
2026-06-19 11:00:00,0.99193,0.99199,0.99148,0.99174,279,18
2026-06-19 11:10:00,0.99174,0.99207,0.99174,0.99205,185,18
2026-06-19 11:20:00,0.99205,0.99213,0.99188,0.99188,185,18
2026-06-19 11:30:00,0.99187,0.99212,0.99183,0.99212,187,18
2026-06-19 11:40:00,0.99212,0.99221,0.99208,0.99213,171,18
2026-06-19 11:50:00,0.99213,0.9923,0.99186,0.99191,221,18
2026-06-19 12:00:00,0.99194,0.9925,0.99193,0.99247,257,18
2026-06-19 12:10:00,0.99247,0.99247,0.99218,0.99238,213,18
2026-06-19 12:20:00,0.99239,0.99262,0.99234,0.99244,210,18
2026-06-19 12:30:00,0.99244,0.99253,0.99208,0.9923,267,18
2026-06-19 12:40:00,0.9923,0.9925,0.99222,0.99236,217,18
2026-06-19 12:50:00,0.99237,0.99375,0.99237,0.99361,517,18
2026-06-19 13:00:00,0.99364,0.9941,0.99344,0.99408,335,18
2026-06-19 13:10:00,0.99407,0.99407,0.99355,0.99373,273,18
2026-06-19 13:20:00,0.99374,0.99377,0.99351,0.99373,247,18
2026-06-19 13:30:00,0.99373,0.99377,0.99311,0.99315,328,18
2026-06-19 13:40:00,0.99314,0.9932,0.9928,0.9929,295,18
2026-06-19 13:50:00,0.99291,0.99326,0.9928,0.993,266,18
2026-06-19 14:00:00,0.993,0.99338,0.99293,0.99336,268,18
2026-06-19 14:10:00,0.99336,0.99336,0.99307,0.99332,222,18
2026-06-19 14:20:00,0.99332,0.99354,0.99328,0.99339,236,18
2026-06-19 14:30:00,0.9934,0.9934,0.99302,0.99315,225,18
2026-06-19 14:40:00,0.99312,0.99327,0.99296,0.99321,236,18
2026-06-19 14:50:00,0.99323,0.99411,0.99314,0.9941,383,18
2026-06-19 15:00:00,0.9941,0.99421,0.9937,0.99381,302,18
2026-06-19 15:10:00,0.99381,0.99408,0.99378,0.99408,180,18
2026-06-19 15:20:00,0.99407,0.99421,0.99372,0.99374,184,18
2026-06-19 15:30:00,0.99375,0.99388,0.99356,0.99388,221,18
2026-06-19 15:40:00,0.99388,0.99401,0.99384,0.994,151,18
2026-06-19 15:50:00,0.994,0.99403,0.99349,0.99353,161,18
2026-06-19 16:00:00,0.99353,0.99359,0.99342,0.99352,147,18
2026-06-19 16:10:00,0.99352,0.99358,0.99336,0.99337,109,18
2026-06-19 16:20:00,0.9934,0.99357,0.99336,0.99346,124,18
2026-06-19 16:30:00,0.99346,0.99358,0.99342,0.99358,130,18
2026-06-19 16:40:00,0.99358,0.99361,0.99351,0.99359,87,18
2026-06-19 16:50:00,0.99358,0.99359,0.99335,0.99345,165,18
2026-06-19 17:00:00,0.99342,0.99355,0.99339,0.99347,189,18
2026-06-19 17:10:00,0.99347,0.99355,0.99332,0.99338,107,18
2026-06-19 17:20:00,0.99338,0.99354,0.99334,0.9935,109,18
2026-06-19 17:30:00,0.99351,0.99354,0.99337,0.99339,73,18
2026-06-19 17:40:00,0.99339,0.9936,0.99327,0.99356,98,18
2026-06-19 17:50:00,0.99356,0.99388,0.99355,0.99371,130,18
2026-06-19 18:00:00,0.99371,0.99382,0.99366,0.99379,163,18
2026-06-19 18:10:00,0.99377,0.99381,0.99375,0.99375,49,18
2026-06-19 18:20:00,0.99374,0.99376,0.99356,0.99361,88,18
2026-06-19 18:30:00,0.99361,0.99383,0.99359,0.99375,78,18
2026-06-19 18:40:00,0.99375,0.99388,0.99371,0.99385,63,18
2026-06-19 18:50:00,0.99385,0.99392,0.99379,0.99384,87,18
2026-06-19 19:00:00,0.99384,0.99404,0.99384,0.99396,221,18
2026-06-19 19:10:00,0.99396,0.99425,0.99382,0.99388,263,18
2026-06-19 19:20:00,0.99388,0.99401,0.99381,0.99398,208,18
2026-06-19 19:30:00,0.99396,0.99404,0.99389,0.99391,264,18
2026-06-19 19:40:00,0.99393,0.99398,0.99386,0.99392,132,18
2026-06-19 19:50:00,0.99392,0.994,0.99365,0.99368,181,18
2026-06-19 20:00:00,0.99368,0.99389,0.99366,0.99382,305,18
2026-06-19 20:10:00,0.99383,0.99387,0.99354,0.99374,249,18
2026-06-19 20:20:00,0.99377,0.99378,0.99353,0.99355,156,18
2026-06-19 20:30:00,0.99355,0.99371,0.99353,0.99362,79,18
2026-06-19 20:40:00,0.99362,0.99371,0.99346,0.99347,68,18
2026-06-19 20:50:00,0.99347,0.99347,0.99178,0.99232,184,18
2026-06-21 21:10:00,0.99253,0.99278,0.99156,0.99216,69,82
2026-06-21 21:20:00,0.99206,0.99297,0.99206,0.99297,74,76
2026-06-21 21:30:00,0.993,0.9931,0.99176,0.99208,79,65
2026-06-21 21:40:00,0.99209,0.99278,0.99209,0.99265,64,43
2026-06-21 21:50:00,0.99268,0.99311,0.99268,0.9929,97,43
2026-06-21 22:00:00,0.99291,0.99341,0.99263,0.99298,320,28
2026-06-21 22:10:00,0.99296,0.99306,0.99267,0.99286,173,18
2026-06-21 22:20:00,0.99285,0.99304,0.9928,0.99288,140,18
2026-06-21 22:30:00,0.99288,0.99302,0.99269,0.99301,146,18
2026-06-21 22:40:00,0.99301,0.99309,0.9929,0.99304,126,18
2026-06-21 22:50:00,0.99305,0.99322,0.99298,0.99305,127,18
2026-06-21 23:00:00,0.99305,0.9931,0.99284,0.99303,146,18
2026-06-21 23:10:00,0.99303,0.99303,0.99266,0.9928,133,18
2026-06-21 23:20:00,0.99281,0.99289,0.99273,0.99279,119,18
2026-06-21 23:30:00,0.99282,0.99282,0.99237,0.99246,146,18
2026-06-21 23:40:00,0.99247,0.99257,0.99234,0.99239,152,18
2026-06-21 23:50:00,0.99239,0.99249,0.99223,0.99248,184,18
2026-06-22 00:00:00,0.99251,0.99266,0.99236,0.99244,355,18
2026-06-22 00:10:00,0.99245,0.99265,0.9923,0.9925,276,18
2026-06-22 00:20:00,0.9925,0.99271,0.9924,0.99262,243,18
2026-06-22 00:30:00,0.99264,0.99306,0.99263,0.99306,210,18
2026-06-22 00:40:00,0.99306,0.99306,0.99275,0.99297,220,18
2026-06-22 00:50:00,0.99296,0.99366,0.99288,0.99362,307,18
2026-06-22 01:00:00,0.99365,0.99433,0.9936,0.99418,434,18
2026-06-22 01:10:00,0.99418,0.99426,0.99392,0.9941,307,18
2026-06-22 01:20:00,0.9941,0.99435,0.99402,0.99412,304,18
2026-06-22 01:30:00,0.99412,0.99443,0.99388,0.99434,315,18
2026-06-22 01:40:00,0.99434,0.99441,0.99408,0.99419,301,18
2026-06-22 01:50:00,0.99419,0.99421,0.99379,0.99379,226,18
2026-06-22 02:00:00,0.99379,0.99392,0.99372,0.99373,245,18
2026-06-22 02:10:00,0.99374,0.99378,0.9932,0.99324,220,18
2026-06-22 02:20:00,0.99324,0.99355,0.99302,0.99334,248,18
2026-06-22 02:30:00,0.99332,0.99354,0.99329,0.99348,228,18
2026-06-22 02:40:00,0.99345,0.99364,0.99334,0.99334,228,18
2026-06-22 02:50:00,0.99334,0.9937,0.99334,0.99354,166,18
2026-06-22 03:00:00,0.99357,0.99392,0.99347,0.99366,254,18
2026-06-22 03:10:00,0.99367,0.99387,0.99359,0.9938,190,18
2026-06-22 03:20:00,0.99381,0.99408,0.99381,0.99394,163,18
2026-06-22 03:30:00,0.99393,0.99399,0.99365,0.99386,178,18
2026-06-22 03:40:00,0.99386,0.99395,0.99368,0.99379,170,18
2026-06-22 03:50:00,0.99379,0.99394,0.99331,0.99355,202,18
2026-06-22 04:00:00,0.99354,0.99366,0.99316,0.99341,243,18
2026-06-22 04:10:00,0.99342,0.9937,0.99339,0.99366,200,18
2026-06-22 04:20:00,0.99368,0.99376,0.99356,0.99364,175,18
2026-06-22 04:30:00,0.99364,0.99378,0.99354,0.99356,189,18
2026-06-22 04:40:00,0.99356,0.99379,0.99344,0.99362,207,18
2026-06-22 04:50:00,0.99362,0.9937,0.99345,0.99369,164,18
2026-06-22 05:00:00,0.99369,0.99378,0.99355,0.99368,203,18
2026-06-22 05:10:00,0.99368,0.99396,0.99367,0.99377,212,18
2026-06-22 05:20:00,0.99377,0.99395,0.99374,0.99385,196,18
2026-06-22 05:30:00,0.99385,0.99395,0.99369,0.99369,257,18
2026-06-22 05:40:00,0.99371,0.9938,0.9935,0.99373,206,18
2026-06-22 05:50:00,0.99373,0.99376,0.99319,0.99334,298,18
2026-06-22 06:00:00,0.99333,0.99374,0.99319,0.99374,352,18
2026-06-22 06:10:00,0.99373,0.99375,0.99332,0.99332,300,18
2026-06-22 06:20:00,0.99335,0.99356,0.99313,0.99336,283,18
2026-06-22 06:30:00,0.99337,0.99341,0.99297,0.99305,313,18
2026-06-22 06:40:00,0.99308,0.99317,0.99291,0.99298,243,18
2026-06-22 06:50:00,0.99298,0.99343,0.99297,0.99328,245,18
2026-06-22 07:00:00,0.99329,0.99336,0.9928,0.99283,258,18
2026-06-22 07:10:00,0.99283,0.99295,0.99274,0.99284,239,18
2026-06-22 07:20:00,0.99284,0.99285,0.99247,0.99254,228,18
2026-06-22 07:30:00,0.99251,0.99257,0.99224,0.99229,272,18
2026-06-22 07:40:00,0.99229,0.99243,0.99206,0.99219,213,18
2026-06-22 07:50:00,0.99218,0.99222,0.99201,0.99217,241,18
2026-06-22 08:00:00,0.9922,0.9923,0.99168,0.9919,310,18
2026-06-22 08:10:00,0.9919,0.99192,0.99156,0.99175,252,18
2026-06-22 08:20:00,0.99175,0.99193,0.99157,0.9916,291,18
2026-06-22 08:30:00,0.99161,0.99193,0.99157,0.99173,267,18
2026-06-22 08:40:00,0.99171,0.99207,0.99171,0.99206,256,18
2026-06-22 08:50:00,0.99205,0.99207,0.99163,0.99183,242,18
2026-06-22 09:00:00,0.99185,0.99234,0.99179,0.99233,275,18
2026-06-22 09:10:00,0.99233,0.99233,0.99201,0.99226,198,18
2026-06-22 09:20:00,0.99226,0.99226,0.99187,0.99195,223,18
2026-06-22 09:30:00,0.99194,0.99224,0.99187,0.9921,226,18
2026-06-22 09:40:00,0.9921,0.99214,0.9919,0.99205,191,18
2026-06-22 09:50:00,0.99204,0.99204,0.9916,0.9916,230,18
2026-06-22 10:00:00,0.99162,0.99226,0.99162,0.99203,260,18
2026-06-22 10:10:00,0.99203,0.99213,0.99193,0.99204,197,18
2026-06-22 10:20:00,0.99207,0.99242,0.99204,0.99234,234,18
2026-06-22 10:30:00,0.99233,0.99235,0.99213,0.99214,230,18
2026-06-22 10:40:00,0.99217,0.99231,0.99199,0.99213,192,18
2026-06-22 10:50:00,0.99214,0.99225,0.992,0.99202,195,18
2026-06-22 11:00:00,0.99202,0.9931,0.992,0.9926,340,18
2026-06-22 11:10:00,0.99257,0.9926,0.9923,0.99247,206,18
2026-06-22 11:20:00,0.99246,0.99247,0.9922,0.99234,166,18
2026-06-22 11:30:00,0.99235,0.99245,0.9923,0.99235,177,18
2026-06-22 11:40:00,0.99235,0.99239,0.9922,0.99237,204,18
2026-06-22 11:50:00,0.99237,0.99238,0.9921,0.99213,222,18
2026-06-22 12:00:00,0.99215,0.99243,0.99207,0.99231,297,18
2026-06-22 12:10:00,0.99231,0.99247,0.992,0.99212,290,18
2026-06-22 12:20:00,0.99211,0.99237,0.99203,0.9922,283,18
2026-06-22 12:30:00,0.99218,0.99218,0.99161,0.99202,334,18
2026-06-22 12:40:00,0.99202,0.99226,0.99183,0.99221,319,18
2026-06-22 12:50:00,0.9922,0.9924,0.99176,0.99177,249,18
2026-06-22 13:00:00,0.99178,0.99234,0.99177,0.99212,442,18
2026-06-22 13:10:00,0.99212,0.99265,0.99205,0.99263,360,18
2026-06-22 13:20:00,0.99264,0.99315,0.99264,0.99292,334,18
2026-06-22 13:30:00,0.99294,0.99315,0.99257,0.99298,451,18
2026-06-22 13:40:00,0.99297,0.99302,0.99233,0.9924,430,18
2026-06-22 13:50:00,0.9924,0.99259,0.99189,0.99215,425,18
2026-06-22 14:00:00,0.99213,0.99266,0.9919,0.99248,417,18
2026-06-22 14:10:00,0.99245,0.99259,0.99183,0.99183,412,18
2026-06-22 14:20:00,0.99182,0.9919,0.99159,0.99176,400,18
2026-06-22 14:30:00,0.99176,0.99177,0.99103,0.99112,440,18
2026-06-22 14:40:00,0.99111,0.99181,0.99111,0.9916,478,18
2026-06-22 14:50:00,0.99159,0.99205,0.99148,0.99179,504,18
2026-06-22 15:00:00,0.99179,0.99232,0.99177,0.99223,393,18
2026-06-22 15:10:00,0.99223,0.99274,0.99223,0.99258,328,18
2026-06-22 15:20:00,0.99257,0.99275,0.99226,0.99244,377,18
2026-06-22 15:30:00,0.99241,0.99246,0.9922,0.99242,320,18
2026-06-22 15:40:00,0.99245,0.99263,0.99174,0.99174,292,18
2026-06-22 15:50:00,0.99177,0.99186,0.99151,0.99159,352,18
2026-06-22 16:00:00,0.99161,0.99164,0.99119,0.99139,322,18
2026-06-22 16:10:00,0.99138,0.99169,0.99121,0.99128,304,18
2026-06-22 16:20:00,0.99127,0.99163,0.99126,0.99157,272,18
2026-06-22 16:30:00,0.99157,0.99157,0.9914,0.99148,259,18
2026-06-22 16:40:00,0.99148,0.99159,0.99136,0.99159,263,18
2026-06-22 16:50:00,0.99158,0.99189,0.99154,0.99171,244,18
2026-06-22 17:00:00,0.99173,0.99198,0.99167,0.99197,231,18
2026-06-22 17:10:00,0.99197,0.99205,0.99186,0.99191,162,18
2026-06-22 17:20:00,0.99191,0.99199,0.99167,0.9917,203,18
2026-06-22 17:30:00,0.9917,0.99171,0.99124,0.99149,254,18
2026-06-22 17:40:00,0.99149,0.99168,0.99143,0.99158,146,18
2026-06-22 17:50:00,0.99158,0.99175,0.99147,0.99147,160,18
2026-06-22 18:00:00,0.99147,0.99156,0.99139,0.99143,165,18
2026-06-22 18:10:00,0.99144,0.99155,0.9913,0.99135,159,18
2026-06-22 18:20:00,0.99136,0.99154,0.99117,0.99125,185,18
2026-06-22 18:30:00,0.99125,0.9913,0.99113,0.99114,153,18
2026-06-22 18:40:00,0.99113,0.99116,0.99101,0.99109,171,18
2026-06-22 18:50:00,0.99108,0.99111,0.99088,0.99102,231,18
2026-06-22 19:00:00,0.99105,0.99119,0.99094,0.99103,241,18
2026-06-22 19:10:00,0.99103,0.99115,0.99101,0.99103,185,18
2026-06-22 19:20:00,0.99103,0.99103,0.99068,0.99075,134,18
2026-06-22 19:30:00,0.99074,0.99093,0.99069,0.99089,184,18
2026-06-22 19:40:00,0.99089,0.99101,0.99079,0.991,157,18
2026-06-22 19:50:00,0.99097,0.99124,0.99097,0.99101,266,18
2026-06-22 20:00:00,0.99104,0.99127,0.99098,0.99121,156,18
2026-06-22 20:10:00,0.99121,0.99145,0.9912,0.99145,95,18
2026-06-22 20:20:00,0.99145,0.99154,0.99132,0.99134,135,18
2026-06-22 20:30:00,0.99134,0.99143,0.99122,0.99138,81,18
2026-06-22 20:40:00,0.99137,0.99143,0.99113,0.99113,104,18
2026-06-22 20:50:00,0.99113,0.9912,0.99102,0.99103,102,18
2026-06-22 21:00:00,0.99104,0.99104,0.9909,0.9909,24,22
2026-06-22 21:10:00,0.99091,0.991,0.9909,0.9909,64,84
2026-06-22 21:20:00,0.99089,0.99105,0.99087,0.99103,92,88
2026-06-22 21:30:00,0.99102,0.9912,0.99096,0.99099,99,64
2026-06-22 21:40:00,0.99098,0.99119,0.99097,0.99115,100,42
2026-06-22 21:50:00,0.99115,0.99142,0.99113,0.9914,80,18
2026-06-22 22:00:00,0.99143,0.9915,0.99114,0.99126,104,18
2026-06-22 22:10:00,0.99126,0.99137,0.99121,0.99136,81,18
2026-06-22 22:20:00,0.99135,0.99135,0.99121,0.99124,68,18
2026-06-22 22:30:00,0.99124,0.99125,0.99084,0.99093,90,18
2026-06-22 22:40:00,0.99093,0.99093,0.99079,0.99091,81,18
2026-06-22 22:50:00,0.99092,0.99096,0.9904,0.99043,175,18
2026-06-22 23:00:00,0.99046,0.99063,0.99032,0.99052,145,18
2026-06-22 23:10:00,0.99052,0.99055,0.99037,0.99049,63,18
2026-06-22 23:20:00,0.99049,0.99063,0.99046,0.9906,84,18
2026-06-22 23:30:00,0.9906,0.99066,0.99051,0.99062,61,18
2026-06-22 23:40:00,0.99062,0.99063,0.99036,0.99036,104,18
2026-06-22 23:50:00,0.99036,0.9904,0.99018,0.99023,158,18
2026-06-23 00:00:00,0.99023,0.99029,0.98986,0.98992,285,18
2026-06-23 00:10:00,0.98991,0.98991,0.9894,0.98943,236,18
2026-06-23 00:20:00,0.98942,0.98943,0.98882,0.98909,228,18
2026-06-23 00:30:00,0.9891,0.98958,0.98906,0.98955,277,18
2026-06-23 00:40:00,0.98955,0.98992,0.9894,0.98969,260,18
2026-06-23 00:50:00,0.98969,0.98969,0.98921,0.98942,236,18
2026-06-23 01:00:00,0.98944,0.98978,0.98943,0.98962,279,18
2026-06-23 01:10:00,0.98962,0.98962,0.9893,0.98939,273,18
2026-06-23 01:20:00,0.98941,0.98948,0.98917,0.98938,258,18
2026-06-23 01:30:00,0.98937,0.98949,0.9891,0.98919,237,18
2026-06-23 01:40:00,0.98919,0.98937,0.98865,0.98866,292,18
2026-06-23 01:50:00,0.98866,0.98926,0.98862,0.98892,314,18
2026-06-23 02:00:00,0.98893,0.98906,0.98845,0.9885,319,18
2026-06-23 02:10:00,0.9885,0.98917,0.98847,0.98912,290,18
2026-06-23 02:20:00,0.98912,0.98914,0.98893,0.98897,219,18
2026-06-23 02:30:00,0.98897,0.98907,0.98882,0.98893,242,18
2026-06-23 02:40:00,0.98893,0.98897,0.98852,0.98852,201,18
2026-06-23 02:50:00,0.98851,0.98861,0.98796,0.98807,263,18
2026-06-23 03:00:00,0.98806,0.98827,0.9876,0.9876,262,18
2026-06-23 03:10:00,0.98761,0.98781,0.98738,0.98748,296,18
2026-06-23 03:20:00,0.98748,0.98798,0.98746,0.98791,238,18
2026-06-23 03:30:00,0.98791,0.98799,0.98769,0.98785,193,18
2026-06-23 03:40:00,0.98785,0.98794,0.98767,0.98792,154,18
2026-06-23 03:50:00,0.98792,0.98819,0.98789,0.98819,186,18
2026-06-23 04:00:00,0.98819,0.98837,0.98817,0.98827,215,18
2026-06-23 04:10:00,0.98828,0.98828,0.98797,0.988,202,18
2026-06-23 04:20:00,0.988,0.9881,0.98787,0.98809,182,18
2026-06-23 04:30:00,0.98809,0.98809,0.98771,0.98783,206,18
2026-06-23 04:40:00,0.98783,0.98791,0.98769,0.9877,167,18
2026-06-23 04:50:00,0.9877,0.98773,0.98723,0.98743,213,18
2026-06-23 05:00:00,0.98744,0.98748,0.98702,0.98704,286,18
2026-06-23 05:10:00,0.98704,0.98729,0.987,0.98703,227,18
2026-06-23 05:20:00,0.98703,0.98725,0.98679,0.98704,244,18
2026-06-23 05:30:00,0.98704,0.98723,0.98676,0.98717,329,18
2026-06-23 05:40:00,0.98717,0.98727,0.9869,0.98714,259,18
2026-06-23 05:50:00,0.98714,0.98721,0.98683,0.98695,277,18
2026-06-23 06:00:00,0.98693,0.98726,0.98649,0.98694,392,18
2026-06-23 06:10:00,0.98694,0.9872,0.98659,0.98668,341,18
2026-06-23 06:20:00,0.98668,0.98678,0.98621,0.98646,336,18
2026-06-23 06:30:00,0.98647,0.98647,0.9857,0.98589,313,18
2026-06-23 06:40:00,0.98591,0.98615,0.98573,0.98606,309,18
2026-06-23 06:50:00,0.98608,0.98632,0.98586,0.98592,305,18
2026-06-23 07:00:00,0.98595,0.98671,0.98579,0.98658,448,18
2026-06-23 07:10:00,0.98656,0.98657,0.98598,0.9862,336,18
2026-06-23 07:20:00,0.9862,0.98639,0.9858,0.98599,306,18
2026-06-23 07:30:00,0.98596,0.98597,0.98538,0.9856,394,18
2026-06-23 07:40:00,0.98561,0.9857,0.98497,0.98497,327,18
2026-06-23 07:50:00,0.98497,0.98498,0.98457,0.98474,328,18
2026-06-23 08:00:00,0.98474,0.98508,0.98464,0.98499,416,18
2026-06-23 08:10:00,0.98496,0.98521,0.98456,0.98456,333,18
2026-06-23 08:20:00,0.98456,0.9848,0.98424,0.9845,335,18
2026-06-23 08:30:00,0.98448,0.98477,0.98448,0.98464,324,18
2026-06-23 08:40:00,0.98465,0.98495,0.9844,0.9845,279,18
2026-06-23 08:50:00,0.98447,0.98501,0.98447,0.98501,270,18
2026-06-23 09:00:00,0.98503,0.98539,0.98496,0.98527,294,18
2026-06-23 09:10:00,0.98526,0.98571,0.98524,0.9855,249,18
2026-06-23 09:20:00,0.9855,0.98579,0.98543,0.98578,253,18
2026-06-23 09:30:00,0.98579,0.98586,0.98558,0.98586,256,18
2026-06-23 09:40:00,0.98585,0.98619,0.98578,0.98603,222,18
2026-06-23 09:50:00,0.98604,0.98646,0.98603,0.98644,245,18
2026-06-23 10:00:00,0.98642,0.98671,0.98628,0.98638,237,18
2026-06-23 10:10:00,0.98639,0.98672,0.98633,0.9864,201,18
2026-06-23 10:20:00,0.98637,0.98648,0.98602,0.98603,228,18
2026-06-23 10:30:00,0.98603,0.98603,0.98576,0.98585,213,18
2026-06-23 10:40:00,0.98585,0.98585,0.9851,0.98512,220,18
2026-06-23 10:50:00,0.98513,0.98525,0.98507,0.98519,262,18
2026-06-23 11:00:00,0.98519,0.98546,0.98509,0.9853,279,18
2026-06-23 11:10:00,0.98531,0.98553,0.98508,0.98516,246,18
2026-06-23 11:20:00,0.98517,0.98555,0.98482,0.98485,286,18
2026-06-23 11:30:00,0.98482,0.98495,0.98464,0.9848,260,18
2026-06-23 11:40:00,0.9848,0.98483,0.98436,0.98446,210,18
2026-06-23 11:50:00,0.98446,0.98447,0.98357,0.9836,298,18
2026-06-23 12:00:00,0.98359,0.98425,0.98355,0.984,320,18
2026-06-23 12:10:00,0.98401,0.98422,0.98393,0.98409,284,18
2026-06-23 12:20:00,0.98412,0.98413,0.98375,0.98375,289,18
2026-06-23 12:30:00,0.98374,0.98414,0.98356,0.98373,280,18
2026-06-23 12:40:00,0.98374,0.98386,0.98353,0.98361,274,18
2026-06-23 12:50:00,0.9836,0.98402,0.98342,0.984,280,18
2026-06-23 13:00:00,0.98401,0.98471,0.98371,0.9845,386,18
2026-06-23 13:10:00,0.9845,0.9845,0.98342,0.98343,282,18
2026-06-23 13:20:00,0.98342,0.98368,0.98335,0.98363,337,18
2026-06-23 13:30:00,0.98366,0.98417,0.98327,0.98394,521,18
2026-06-23 13:40:00,0.98394,0.98406,0.98327,0.98327,383,18
2026-06-23 13:50:00,0.98328,0.98379,0.98324,0.98362,395,18
2026-06-23 14:00:00,0.9836,0.98407,0.98343,0.98404,426,18
2026-06-23 14:10:00,0.98403,0.98444,0.98377,0.98417,403,18
2026-06-23 14:20:00,0.98417,0.98431,0.98382,0.98399,364,18
2026-06-23 14:30:00,0.98399,0.98402,0.98365,0.98373,341,18
2026-06-23 14:40:00,0.98372,0.98398,0.9833,0.98386,440,18
2026-06-23 14:50:00,0.98385,0.98401,0.98357,0.98379,430,18
2026-06-23 15:00:00,0.9838,0.98404,0.98325,0.98337,400,18
2026-06-23 15:10:00,0.98338,0.98352,0.98322,0.98328,323,18
2026-06-23 15:20:00,0.98328,0.98357,0.98317,0.98324,331,18
2026-06-23 15:30:00,0.98321,0.98366,0.98294,0.98295,358,18
2026-06-23 15:40:00,0.98294,0.98321,0.98284,0.98296,328,18
2026-06-23 15:50:00,0.98296,0.98326,0.98281,0.98309,293,18
2026-06-23 16:00:00,0.98312,0.98329,0.98307,0.98327,301,18
2026-06-23 16:10:00,0.98328,0.9833,0.9829,0.98294,258,18
2026-06-23 16:20:00,0.98294,0.98306,0.98264,0.98266,231,18
2026-06-23 16:30:00,0.98264,0.983,0.9826,0.98291,235,18
2026-06-23 16:40:00,0.98291,0.98299,0.98274,0.98276,235,18
2026-06-23 16:50:00,0.98276,0.98283,0.98259,0.98274,250,18
2026-06-23 17:00:00,0.98273,0.98283,0.98255,0.98283,232,18
2026-06-23 17:10:00,0.98283,0.98294,0.98268,0.98274,206,18
2026-06-23 17:20:00,0.98274,0.98283,0.98258,0.98262,210,18
2026-06-23 17:30:00,0.98261,0.98272,0.98248,0.98256,222,18
2026-06-23 17:40:00,0.98258,0.98262,0.98242,0.98256,193,18
2026-06-23 17:50:00,0.98256,0.98256,0.98216,0.98221,202,18
2026-06-23 18:00:00,0.9822,0.98239,0.98212,0.98222,232,18
2026-06-23 18:10:00,0.98222,0.98231,0.98202,0.98212,166,18
2026-06-23 18:20:00,0.98211,0.98226,0.98204,0.98212,177,18
2026-06-23 18:30:00,0.98212,0.9822,0.98205,0.98213,174,18
2026-06-23 18:40:00,0.98213,0.98214,0.98177,0.98183,229,18
2026-06-23 18:50:00,0.98182,0.98221,0.98181,0.98219,232,18
2026-06-23 19:00:00,0.98218,0.9828,0.98207,0.98266,299,18
2026-06-23 19:10:00,0.98268,0.98285,0.98252,0.98253,259,18
2026-06-23 19:20:00,0.98253,0.98274,0.98236,0.9827,238,18
2026-06-23 19:30:00,0.98271,0.98274,0.98258,0.98262,268,18
2026-06-23 19:40:00,0.98262,0.98274,0.98242,0.98251,258,18
2026-06-23 19:50:00,0.98252,0.98258,0.98213,0.98213,277,18
2026-06-23 20:00:00,0.98212,0.98243,0.98208,0.98237,188,18
2026-06-23 20:10:00,0.98237,0.98249,0.98223,0.98238,99,18
2026-06-23 20:20:00,0.98238,0.98251,0.98233,0.98245,98,18
2026-06-23 20:30:00,0.98242,0.98263,0.98235,0.9825,92,18
2026-06-23 20:40:00,0.98252,0.98262,0.98247,0.98261,91,18
2026-06-23 20:50:00,0.98261,0.98269,0.98239,0.98265,100,18
2026-06-23 21:00:00,0.98264,0.98267,0.98264,0.98265,21,22
2026-06-23 21:10:00,0.98265,0.98265,0.98254,0.98254,125,22
2026-06-23 21:20:00,0.98255,0.98258,0.9825,0.98251,108,25
2026-06-23 21:30:00,0.98251,0.98263,0.98249,0.9826,98,24
2026-06-23 21:40:00,0.98261,0.98268,0.98257,0.98263,88,22
2026-06-23 21:50:00,0.98263,0.98276,0.98263,0.98276,56,22
2026-06-23 22:00:00,0.98283,0.98312,0.98269,0.9831,105,18
2026-06-23 22:10:00,0.9831,0.9831,0.98271,0.98285,76,18
2026-06-23 22:20:00,0.98285,0.98285,0.98272,0.98278,85,18
2026-06-23 22:30:00,0.98278,0.98285,0.98256,0.98275,112,18
2026-06-23 22:40:00,0.98275,0.98275,0.98255,0.98267,94,18
2026-06-23 22:50:00,0.98267,0.9827,0.98251,0.98255,86,18
2026-06-23 23:00:00,0.98255,0.98261,0.98226,0.98235,144,18
2026-06-23 23:10:00,0.98236,0.98248,0.98233,0.98238,102,18
2026-06-23 23:20:00,0.98238,0.9825,0.98238,0.98243,90,18
2026-06-23 23:30:00,0.98243,0.98243,0.98206,0.98206,85,18
2026-06-23 23:40:00,0.98206,0.98257,0.98205,0.98243,188,18
2026-06-23 23:50:00,0.98241,0.98257,0.98232,0.98253,212,18
2026-06-24 00:00:00,0.98254,0.98323,0.98249,0.98304,419,18
2026-06-24 00:10:00,0.98304,0.98328,0.98289,0.98297,333,18
2026-06-24 00:20:00,0.98294,0.98297,0.98262,0.98285,295,18
2026-06-24 00:30:00,0.98285,0.98304,0.98283,0.98295,283,18
2026-06-24 00:40:00,0.98292,0.98317,0.98278,0.98306,259,18
2026-06-24 00:50:00,0.98307,0.98325,0.98283,0.98306,272,18
2026-06-24 01:00:00,0.98307,0.9831,0.98256,0.98263,352,18
2026-06-24 01:10:00,0.98264,0.9828,0.98215,0.9822,287,18
2026-06-24 01:20:00,0.9822,0.98298,0.98212,0.98298,308,18
2026-06-24 01:30:00,0.98295,0.98359,0.982,0.98315,413,18
2026-06-24 01:40:00,0.98315,0.98321,0.98189,0.9821,371,18
2026-06-24 01:50:00,0.9821,0.98278,0.98202,0.98261,302,18
2026-06-24 02:00:00,0.9826,0.98275,0.98239,0.98275,281,18
2026-06-24 02:10:00,0.98275,0.98288,0.98253,0.98278,223,18
2026-06-24 02:20:00,0.98279,0.98279,0.98228,0.9824,233,18
2026-06-24 02:30:00,0.98239,0.98248,0.98198,0.98217,222,18
2026-06-24 02:40:00,0.98217,0.98223,0.98174,0.98188,239,18
2026-06-24 02:50:00,0.98188,0.98191,0.98132,0.98138,275,18
2026-06-24 03:00:00,0.98139,0.98169,0.98131,0.98166,302,18
2026-06-24 03:10:00,0.98166,0.98213,0.98163,0.98182,328,18
2026-06-24 03:20:00,0.98181,0.98214,0.98179,0.98212,290,18
2026-06-24 03:30:00,0.98209,0.98217,0.98179,0.98195,302,18
2026-06-24 03:40:00,0.98194,0.98205,0.98167,0.98173,228,18
2026-06-24 03:50:00,0.98174,0.98186,0.98153,0.9816,234,18
2026-06-24 04:00:00,0.98157,0.98166,0.98129,0.98137,209,18
2026-06-24 04:10:00,0.98137,0.9816,0.98128,0.98144,178,18
2026-06-24 04:20:00,0.98145,0.9818,0.98139,0.98162,218,18
2026-06-24 04:30:00,0.98162,0.98193,0.98162,0.98186,215,18
2026-06-24 04:40:00,0.98185,0.98217,0.98185,0.98216,188,18
2026-06-24 04:50:00,0.98216,0.98223,0.9818,0.9821,171,18
2026-06-24 05:00:00,0.98212,0.98255,0.98205,0.98255,259,18
2026-06-24 05:10:00,0.98255,0.9828,0.98234,0.9828,227,18
2026-06-24 05:20:00,0.98279,0.98285,0.98231,0.98234,286,18
2026-06-24 05:30:00,0.98234,0.98283,0.98234,0.98274,246,18
2026-06-24 05:40:00,0.98274,0.98284,0.98245,0.98254,226,18
2026-06-24 05:50:00,0.98254,0.98258,0.98241,0.98247,219,18
2026-06-24 06:00:00,0.98244,0.98322,0.9824,0.9832,306,18
2026-06-24 06:10:00,0.98317,0.98325,0.98268,0.98292,303,18
2026-06-24 06:20:00,0.98292,0.98316,0.98273,0.98279,276,18
2026-06-24 06:30:00,0.98282,0.98302,0.98258,0.98258,236,18
2026-06-24 06:40:00,0.98255,0.98256,0.98209,0.9821,190,18
2026-06-24 06:50:00,0.98208,0.98234,0.98197,0.98222,221,18
2026-06-24 07:00:00,0.98222,0.98223,0.98185,0.98196,326,18
2026-06-24 07:10:00,0.98195,0.98203,0.98175,0.98194,261,18
2026-06-24 07:20:00,0.98192,0.98202,0.98179,0.98187,237,18
2026-06-24 07:30:00,0.98187,0.98214,0.98184,0.9821,239,18
2026-06-24 07:40:00,0.98212,0.98249,0.98203,0.98217,278,18
2026-06-24 07:50:00,0.98217,0.9822,0.98152,0.98154,263,18
2026-06-24 08:00:00,0.98155,0.98173,0.98141,0.98149,308,18
2026-06-24 08:10:00,0.98149,0.98165,0.98117,0.98146,358,18
2026-06-24 08:20:00,0.98145,0.98151,0.98109,0.98143,310,18
2026-06-24 08:30:00,0.98146,0.98164,0.98106,0.98118,291,18
2026-06-24 08:40:00,0.98118,0.98158,0.98118,0.98136,233,18
2026-06-24 08:50:00,0.98135,0.98151,0.98113,0.98129,208,18
2026-06-24 09:00:00,0.98128,0.98133,0.98077,0.98097,276,18
2026-06-24 09:10:00,0.98097,0.98112,0.98072,0.98083,266,18
2026-06-24 09:20:00,0.98084,0.98092,0.98063,0.98085,234,18
2026-06-24 09:30:00,0.98085,0.98105,0.98076,0.98101,246,18
2026-06-24 09:40:00,0.98101,0.98101,0.98055,0.98059,234,18
2026-06-24 09:50:00,0.98058,0.98075,0.98028,0.98039,213,18
2026-06-24 10:00:00,0.98038,0.98048,0.98008,0.98022,246,18
2026-06-24 10:10:00,0.98021,0.98032,0.97997,0.97998,258,18
2026-06-24 10:20:00,0.97998,0.98009,0.97979,0.98001,219,18
2026-06-24 10:30:00,0.98001,0.98024,0.97991,0.97996,221,18
2026-06-24 10:40:00,0.97997,0.98028,0.97996,0.98006,257,18
2026-06-24 10:50:00,0.98005,0.98012,0.97988,0.98001,204,18
2026-06-24 11:00:00,0.98001,0.98035,0.98001,0.98027,244,18
2026-06-24 11:10:00,0.98027,0.98042,0.98004,0.98019,203,18
2026-06-24 11:20:00,0.98019,0.98028,0.97996,0.98027,246,18
2026-06-24 11:30:00,0.98026,0.98095,0.98026,0.98072,354,18
2026-06-24 11:40:00,0.98073,0.98108,0.98054,0.98102,287,18
2026-06-24 11:50:00,0.98103,0.98125,0.9809,0.98112,390,18
2026-06-24 12:00:00,0.98113,0.98184,0.98101,0.98182,318,18
2026-06-24 12:10:00,0.98181,0.98217,0.98162,0.98178,345,18
2026-06-24 12:20:00,0.9818,0.9818,0.98136,0.98146,339,18
2026-06-24 12:30:00,0.98145,0.98161,0.981,0.9811,395,18
2026-06-24 12:40:00,0.98108,0.98121,0.98072,0.98107,364,18
2026-06-24 12:50:00,0.98107,0.98138,0.9809,0.98104,313,18
2026-06-24 13:00:00,0.98105,0.9814,0.98102,0.98128,425,18
2026-06-24 13:10:00,0.98131,0.98152,0.98126,0.9815,356,18
2026-06-24 13:20:00,0.9815,0.98178,0.98113,0.98156,387,18
2026-06-24 13:30:00,0.98153,0.98206,0.98135,0.98143,466,18
2026-06-24 13:40:00,0.98144,0.98144,0.98064,0.98101,493,18
2026-06-24 13:50:00,0.981,0.98175,0.98097,0.98158,461,18
2026-06-24 14:00:00,0.98161,0.9817,0.98137,0.9816,435,18
2026-06-24 14:10:00,0.98162,0.98165,0.98095,0.98117,401,18
2026-06-24 14:20:00,0.98117,0.98143,0.98091,0.98111,389,18
2026-06-24 14:30:00,0.98111,0.98141,0.98068,0.98075,439,18
2026-06-24 14:40:00,0.98077,0.98152,0.98062,0.9811,408,18
2026-06-24 14:50:00,0.9811,0.98158,0.98089,0.98157,474,18
2026-06-24 15:00:00,0.98157,0.98173,0.98127,0.98134,410,18
2026-06-24 15:10:00,0.98134,0.98165,0.98122,0.9816,355,18
2026-06-24 15:20:00,0.9816,0.98193,0.98112,0.98138,411,18
2026-06-24 15:30:00,0.98139,0.98167,0.9812,0.98125,336,18
2026-06-24 15:40:00,0.98125,0.98149,0.98117,0.98147,315,18
2026-06-24 15:50:00,0.98148,0.98162,0.98123,0.98146,277,18
2026-06-24 16:00:00,0.98147,0.9815,0.98116,0.98128,281,18
2026-06-24 16:10:00,0.98127,0.98153,0.98117,0.9814,298,18
2026-06-24 16:20:00,0.9814,0.9815,0.98108,0.98123,272,18
2026-06-24 16:30:00,0.98125,0.98176,0.98122,0.98136,335,18
2026-06-24 16:40:00,0.98136,0.98148,0.98104,0.98127,334,18
2026-06-24 16:50:00,0.98126,0.98148,0.98102,0.98125,281,18
2026-06-24 17:00:00,0.98125,0.98132,0.98083,0.98103,296,18
2026-06-24 17:10:00,0.98103,0.98107,0.98073,0.98073,287,18
2026-06-24 17:20:00,0.98073,0.98075,0.98037,0.98042,329,18
2026-06-24 17:30:00,0.98043,0.98075,0.9802,0.98029,337,18
2026-06-24 17:40:00,0.98029,0.98035,0.97997,0.97997,304,18
2026-06-24 17:50:00,0.97996,0.98016,0.97983,0.9799,356,18
2026-06-24 18:00:00,0.9799,0.98031,0.97971,0.98019,355,18
2026-06-24 18:10:00,0.9802,0.98058,0.98014,0.98053,329,18
2026-06-24 18:20:00,0.98054,0.98067,0.98035,0.9806,288,18
2026-06-24 18:30:00,0.98062,0.98075,0.98039,0.98044,282,18
2026-06-24 18:40:00,0.98044,0.98056,0.98013,0.98021,277,18
2026-06-24 18:50:00,0.98021,0.98047,0.98009,0.98021,306,18
2026-06-24 19:00:00,0.98023,0.98054,0.97998,0.9801,294,18
2026-06-24 19:10:00,0.9801,0.98039,0.9799,0.9803,310,18
2026-06-24 19:20:00,0.9803,0.98071,0.9803,0.98064,230,18
2026-06-24 19:30:00,0.98065,0.98087,0.9805,0.98062,287,18
2026-06-24 19:40:00,0.98062,0.98085,0.98057,0.98078,285,18
2026-06-24 19:50:00,0.98078,0.98104,0.98072,0.98083,322,18
2026-06-24 20:00:00,0.98085,0.98158,0.98069,0.98152,357,18
2026-06-24 20:10:00,0.98152,0.98166,0.98133,0.98157,204,18
2026-06-24 20:20:00,0.98157,0.98172,0.98142,0.9817,182,18
2026-06-24 20:30:00,0.98171,0.98196,0.98164,0.98183,155,18
2026-06-24 20:40:00,0.98184,0.98205,0.98178,0.98202,170,18
2026-06-24 20:50:00,0.982,0.98209,0.98186,0.98196,142,18
2026-06-24 21:00:00,0.98196,0.98196,0.98196,0.98196,1,22
2026-06-24 21:10:00,0.98195,0.98195,0.98168,0.98168,39,22
2026-06-24 21:20:00,0.98166,0.98167,0.98149,0.98156,66,53
2026-06-24 21:30:00,0.98154,0.98179,0.98145,0.98171,173,34
2026-06-24 21:40:00,0.98172,0.98187,0.98167,0.98184,105,25
2026-06-24 21:50:00,0.98183,0.98187,0.98159,0.98165,135,27
2026-06-24 22:00:00,0.98177,0.98185,0.98154,0.98161,150,18
2026-06-24 22:10:00,0.98161,0.98165,0.9815,0.98165,100,18
2026-06-24 22:20:00,0.98165,0.98169,0.98149,0.98155,79,18
2026-06-24 22:30:00,0.98155,0.98164,0.98142,0.98157,92,18
2026-06-24 22:40:00,0.98157,0.98166,0.98151,0.9816,64,18
2026-06-24 22:50:00,0.9816,0.9816,0.98134,0.98149,92,18
2026-06-24 23:00:00,0.98149,0.98153,0.98137,0.98152,102,18
2026-06-24 23:10:00,0.98151,0.98163,0.98147,0.98152,126,18
2026-06-24 23:20:00,0.98152,0.98188,0.98147,0.98184,110,18
2026-06-24 23:30:00,0.98184,0.98184,0.98171,0.98176,88,18
2026-06-24 23:40:00,0.98176,0.98208,0.98171,0.98188,152,18
2026-06-24 23:50:00,0.98188,0.98193,0.98177,0.98185,171,18
2026-06-25 00:00:00,0.98185,0.98194,0.9814,0.98148,351,18
2026-06-25 00:10:00,0.98147,0.98155,0.98122,0.98133,297,18
2026-06-25 00:20:00,0.98134,0.9815,0.98124,0.98146,259,18
2026-06-25 00:30:00,0.98146,0.9815,0.98109,0.98113,236,18
2026-06-25 00:40:00,0.98112,0.98116,0.98096,0.98105,225,18
2026-06-25 00:50:00,0.98105,0.98151,0.98105,0.98124,278,18
2026-06-25 01:00:00,0.98126,0.98161,0.98121,0.98142,323,18
2026-06-25 01:10:00,0.98143,0.98192,0.98123,0.98191,319,18
2026-06-25 01:20:00,0.98192,0.98219,0.98148,0.98151,296,18
2026-06-25 01:30:00,0.98148,0.98257,0.98077,0.98101,554,18
2026-06-25 01:40:00,0.98101,0.98108,0.98058,0.98097,373,18
2026-06-25 01:50:00,0.98097,0.98154,0.98086,0.98103,337,18
2026-06-25 02:00:00,0.98105,0.98131,0.98083,0.98091,369,18
2026-06-25 02:10:00,0.9809,0.98106,0.98059,0.98105,345,18
2026-06-25 02:20:00,0.98104,0.98121,0.98082,0.98084,265,18
2026-06-25 02:30:00,0.98083,0.98109,0.98064,0.98081,270,18
2026-06-25 02:40:00,0.98082,0.98084,0.98017,0.98051,278,18
2026-06-25 02:50:00,0.98051,0.98108,0.9804,0.98102,209,18
2026-06-25 03:00:00,0.98102,0.98117,0.98086,0.98093,279,18
2026-06-25 03:10:00,0.98093,0.98109,0.98073,0.98109,224,18
2026-06-25 03:20:00,0.98109,0.98118,0.98089,0.98094,221,18
2026-06-25 03:30:00,0.98092,0.98106,0.98072,0.98087,196,18
2026-06-25 03:40:00,0.98087,0.98104,0.9807,0.98104,194,18
2026-06-25 03:50:00,0.98104,0.98148,0.98104,0.9812,213,18
2026-06-25 04:00:00,0.98118,0.98148,0.98116,0.98148,182,18
2026-06-25 04:10:00,0.98148,0.98163,0.98133,0.98161,142,18
2026-06-25 04:20:00,0.9816,0.98183,0.98156,0.98162,203,18
2026-06-25 04:30:00,0.98162,0.98174,0.98146,0.98165,174,18
2026-06-25 04:40:00,0.98165,0.9818,0.98148,0.98164,197,18
2026-06-25 04:50:00,0.98164,0.98197,0.98164,0.98195,143,18
2026-06-25 05:00:00,0.98194,0.98217,0.98183,0.98202,218,18
2026-06-25 05:10:00,0.98202,0.98208,0.98167,0.98172,218,18
2026-06-25 05:20:00,0.98172,0.98189,0.98164,0.98188,184,18
2026-06-25 05:30:00,0.98188,0.98199,0.98171,0.98173,282,18
2026-06-25 05:40:00,0.98173,0.9818,0.9813,0.98143,254,18
2026-06-25 05:50:00,0.98141,0.98145,0.98109,0.98112,208,18
2026-06-25 06:00:00,0.98114,0.98162,0.98114,0.98148,288,18
2026-06-25 06:10:00,0.98146,0.98175,0.98133,0.98135,245,18
2026-06-25 06:20:00,0.98135,0.98156,0.98122,0.98133,287,18
2026-06-25 06:30:00,0.98132,0.98133,0.98068,0.9808,362,18
2026-06-25 06:40:00,0.98081,0.98105,0.9807,0.98101,236,18
2026-06-25 06:50:00,0.981,0.98102,0.98072,0.98087,230,18
2026-06-25 07:00:00,0.9809,0.98127,0.9807,0.98112,318,18
2026-06-25 07:10:00,0.98113,0.98125,0.98084,0.98121,292,18
2026-06-25 07:20:00,0.98121,0.98146,0.98103,0.98131,292,18
2026-06-25 07:30:00,0.98131,0.98167,0.98129,0.98138,257,18
2026-06-25 07:40:00,0.98138,0.9814,0.98112,0.98128,202,18
2026-06-25 07:50:00,0.98128,0.9817,0.98125,0.9817,242,18
2026-06-25 08:00:00,0.98173,0.98209,0.9815,0.98171,328,18
2026-06-25 08:10:00,0.9817,0.98189,0.98133,0.98155,232,18
2026-06-25 08:20:00,0.98156,0.98203,0.98153,0.98195,282,18
2026-06-25 08:30:00,0.98196,0.98223,0.98185,0.98207,287,18
2026-06-25 08:40:00,0.98208,0.98226,0.98189,0.98197,213,18
2026-06-25 08:50:00,0.98194,0.98197,0.98154,0.98175,257,18
2026-06-25 09:00:00,0.98178,0.98215,0.98175,0.98193,270,18
2026-06-25 09:10:00,0.98193,0.98225,0.98193,0.98206,196,18
2026-06-25 09:20:00,0.98206,0.98235,0.98198,0.98235,204,18
2026-06-25 09:30:00,0.98234,0.98237,0.9821,0.98216,223,18
2026-06-25 09:40:00,0.98216,0.98216,0.98171,0.98182,180,18
2026-06-25 09:50:00,0.98182,0.98208,0.98182,0.9819,213,18
2026-06-25 10:00:00,0.98192,0.98194,0.9817,0.98177,192,18
2026-06-25 10:10:00,0.98177,0.98177,0.98141,0.98145,161,18
2026-06-25 10:20:00,0.98145,0.98161,0.98143,0.9816,162,18
2026-06-25 10:30:00,0.9816,0.98177,0.98145,0.98158,176,18
2026-06-25 10:40:00,0.98158,0.98158,0.98132,0.98146,152,18
2026-06-25 10:50:00,0.98146,0.98153,0.98126,0.98149,177,18
2026-06-25 11:00:00,0.98149,0.98161,0.9814,0.98153,173,18
2026-06-25 11:10:00,0.98154,0.98173,0.98146,0.98153,192,18
2026-06-25 11:20:00,0.98153,0.98172,0.98151,0.98158,188,18
2026-06-25 11:30:00,0.98158,0.98169,0.98128,0.98138,197,18
2026-06-25 11:40:00,0.98138,0.98167,0.98133,0.98147,188,18
2026-06-25 11:50:00,0.98147,0.98158,0.98094,0.98108,284,18
2026-06-25 12:00:00,0.98109,0.98141,0.98101,0.98135,231,18
2026-06-25 12:10:00,0.98136,0.98141,0.98112,0.98139,223,18
2026-06-25 12:20:00,0.98137,0.98145,0.98119,0.98119,229,18
2026-06-25 12:30:00,0.98116,0.98263,0.98115,0.982,621,18
2026-06-25 12:40:00,0.98203,0.98331,0.98177,0.9829,550,18
2026-06-25 12:50:00,0.98288,0.98294,0.98256,0.98283,417,18
2026-06-25 13:00:00,0.98284,0.98303,0.98231,0.98231,393,18
2026-06-25 13:10:00,0.98233,0.98261,0.98227,0.98238,338,18
2026-06-25 13:20:00,0.98238,0.98263,0.98221,0.98228,366,18
2026-06-25 13:30:00,0.98225,0.98242,0.98167,0.98194,482,18
2026-06-25 13:40:00,0.98194,0.98195,0.97997,0.98043,554,18
2026-06-25 13:50:00,0.9804,0.98051,0.97949,0.97958,598,18
2026-06-25 14:00:00,0.97961,0.9809,0.97928,0.98065,695,18
2026-06-25 14:10:00,0.98062,0.98081,0.98027,0.9806,539,18
2026-06-25 14:20:00,0.9806,0.98088,0.97975,0.9803,557,18
2026-06-25 14:30:00,0.98029,0.98068,0.98009,0.98017,532,18
2026-06-25 14:40:00,0.98016,0.98044,0.97985,0.98044,491,18
2026-06-25 14:50:00,0.98042,0.98082,0.98007,0.98071,504,18
2026-06-25 15:00:00,0.98074,0.98163,0.98073,0.98135,525,18
2026-06-25 15:10:00,0.98135,0.98156,0.98086,0.98117,437,18
2026-06-25 15:20:00,0.98118,0.98192,0.98106,0.98177,505,18
2026-06-25 15:30:00,0.98178,0.98196,0.98161,0.98187,453,18
2026-06-25 15:40:00,0.98188,0.98212,0.98177,0.98182,410,18
2026-06-25 15:50:00,0.98184,0.98211,0.9817,0.98192,355,18
2026-06-25 16:00:00,0.98194,0.98204,0.98165,0.98184,410,18
2026-06-25 16:10:00,0.98183,0.98213,0.98169,0.98194,348,18
2026-06-25 16:20:00,0.98195,0.98201,0.9817,0.9817,328,18
2026-06-25 16:30:00,0.98169,0.98172,0.98119,0.98119,343,18
2026-06-25 16:40:00,0.98119,0.98149,0.98116,0.98143,341,18
2026-06-25 16:50:00,0.98143,0.98143,0.98113,0.98126,317,18
2026-06-25 17:00:00,0.98127,0.98149,0.98127,0.98145,338,18
2026-06-25 17:10:00,0.98145,0.98163,0.9814,0.9814,277,18
2026-06-25 17:20:00,0.9814,0.98165,0.98129,0.98164,290,18
2026-06-25 17:30:00,0.98164,0.98189,0.98149,0.98183,258,18
2026-06-25 17:40:00,0.98184,0.98201,0.98155,0.98161,214,18
2026-06-25 17:50:00,0.98161,0.98193,0.98149,0.98184,287,18
2026-06-25 18:00:00,0.98186,0.98188,0.98129,0.98175,394,18
2026-06-25 18:10:00,0.98174,0.98205,0.98162,0.98191,327,18
2026-06-25 18:20:00,0.98192,0.98201,0.98178,0.98187,285,18
2026-06-25 18:30:00,0.98189,0.98189,0.98143,0.9816,322,18
2026-06-25 18:40:00,0.98158,0.98171,0.98145,0.98165,277,18
2026-06-25 18:50:00,0.98165,0.98195,0.9815,0.98152,294,18
2026-06-25 19:00:00,0.98151,0.98161,0.98118,0.98121,283,18
2026-06-25 19:10:00,0.98121,0.98135,0.98111,0.98119,244,18
2026-06-25 19:20:00,0.98119,0.98131,0.98111,0.98121,242,18
2026-06-25 19:30:00,0.98121,0.98126,0.98109,0.98113,251,18
2026-06-25 19:40:00,0.98115,0.98129,0.98077,0.98086,333,18
2026-06-25 19:50:00,0.98087,0.98104,0.9807,0.98092,329,18
2026-06-25 20:00:00,0.98095,0.98124,0.98079,0.98084,288,18
2026-06-25 20:10:00,0.98084,0.98106,0.98079,0.98104,114,18
2026-06-25 20:20:00,0.98104,0.98124,0.98102,0.98123,124,18
2026-06-25 20:30:00,0.98122,0.98122,0.98094,0.98096,108,18
2026-06-25 20:40:00,0.98096,0.98103,0.98089,0.98092,103,18
2026-06-25 20:50:00,0.98092,0.98128,0.98091,0.98113,135,18
2026-06-25 21:00:00,0.98114,0.98114,0.98104,0.98104,34,22
2026-06-25 21:10:00,0.98105,0.98116,0.98104,0.98109,119,25
2026-06-25 21:20:00,0.98108,0.98116,0.98094,0.98095,122,22
2026-06-25 21:30:00,0.98097,0.98097,0.98063,0.98067,149,52
2026-06-25 21:40:00,0.98067,0.98085,0.98065,0.98077,163,42
2026-06-25 21:50:00,0.98076,0.98077,0.98057,0.98059,106,31
2026-06-25 22:00:00,0.98059,0.98088,0.9805,0.98062,132,18
2026-06-25 22:10:00,0.98061,0.98096,0.9806,0.98091,106,18
2026-06-25 22:20:00,0.98091,0.98095,0.98083,0.98088,120,18
2026-06-25 22:30:00,0.98088,0.98091,0.98076,0.98082,123,18
2026-06-25 22:40:00,0.98081,0.98083,0.98067,0.98075,103,18
2026-06-25 22:50:00,0.98074,0.98074,0.98015,0.98017,217,18
2026-06-25 23:00:00,0.9802,0.98065,0.98014,0.9806,193,18
2026-06-25 23:10:00,0.98061,0.98085,0.98035,0.98073,155,18
2026-06-25 23:20:00,0.98073,0.98073,0.98058,0.98068,125,18
2026-06-25 23:30:00,0.98068,0.98068,0.98036,0.98037,139,18
2026-06-25 23:40:00,0.98037,0.98044,0.98009,0.98015,130,18
2026-06-25 23:50:00,0.98015,0.9802,0.97965,0.97981,185,18
2026-06-26 00:00:00,0.97981,0.97998,0.97957,0.97972,330,18
2026-06-26 00:10:00,0.97972,0.9798,0.97952,0.97956,271,18
2026-06-26 00:20:00,0.97957,0.97959,0.97898,0.97909,285,18
2026-06-26 00:30:00,0.97907,0.97948,0.979,0.97924,253,18
2026-06-26 00:40:00,0.97924,0.97953,0.97924,0.97936,243,18
2026-06-26 00:50:00,0.97935,0.9797,0.97932,0.97932,250,18
2026-06-26 01:00:00,0.97934,0.97976,0.97893,0.97928,302,18
2026-06-26 01:10:00,0.97927,0.97952,0.97918,0.97939,283,18
2026-06-26 01:20:00,0.97939,0.97951,0.9791,0.97918,253,18
2026-06-26 01:30:00,0.97917,0.97921,0.97834,0.97861,375,18
2026-06-26 01:40:00,0.97861,0.97862,0.97826,0.9785,329,18
2026-06-26 01:50:00,0.97849,0.9785,0.97783,0.97824,299,18
2026-06-26 02:00:00,0.97826,0.97848,0.97815,0.97822,316,18
2026-06-26 02:10:00,0.97821,0.97821,0.97709,0.97725,303,18
2026-06-26 02:20:00,0.97725,0.97731,0.97677,0.97711,379,18
2026-06-26 02:30:00,0.9771,0.97735,0.9769,0.97732,261,18
2026-06-26 02:40:00,0.97732,0.97764,0.97713,0.97742,264,18
2026-06-26 02:50:00,0.97743,0.97758,0.97689,0.97726,290,18
2026-06-26 03:00:00,0.97727,0.97727,0.97683,0.97715,310,18
2026-06-26 03:10:00,0.97714,0.97744,0.97712,0.97741,223,18
2026-06-26 03:20:00,0.9774,0.97742,0.97707,0.9772,176,18
2026-06-26 03:30:00,0.9772,0.97721,0.9769,0.97694,238,18
2026-06-26 03:40:00,0.97693,0.97733,0.97692,0.97716,321,18
2026-06-26 03:50:00,0.97715,0.97814,0.97715,0.97813,298,18
2026-06-26 04:00:00,0.97816,0.97829,0.97789,0.97789,299,18
2026-06-26 04:10:00,0.97789,0.97831,0.97775,0.97815,281,18
2026-06-26 04:20:00,0.97815,0.97836,0.97782,0.97801,251,18
2026-06-26 04:30:00,0.97801,0.97811,0.97761,0.97762,246,18
2026-06-26 04:40:00,0.97761,0.97761,0.97728,0.97759,250,18
2026-06-26 04:50:00,0.97759,0.97769,0.977,0.97714,263,18
2026-06-26 05:00:00,0.97715,0.97745,0.97705,0.9774,275,18
2026-06-26 05:10:00,0.97741,0.97799,0.97741,0.97779,211,18
2026-06-26 05:20:00,0.97779,0.97828,0.97768,0.97822,200,18
2026-06-26 05:30:00,0.97822,0.97829,0.9779,0.97796,238,18
2026-06-26 05:40:00,0.97796,0.97803,0.97776,0.97801,254,18
2026-06-26 05:50:00,0.97802,0.9782,0.97782,0.97791,271,18
2026-06-26 06:00:00,0.97794,0.97822,0.97782,0.97795,302,18
2026-06-26 06:10:00,0.97794,0.97837,0.97772,0.97826,292,18
2026-06-26 06:20:00,0.97824,0.97839,0.97801,0.97834,282,18
2026-06-26 06:30:00,0.97833,0.97867,0.97831,0.97853,297,18
2026-06-26 06:40:00,0.97854,0.97914,0.97844,0.97883,279,18
2026-06-26 06:50:00,0.97883,0.97912,0.97865,0.97866,243,18
2026-06-26 07:00:00,0.97869,0.97889,0.97845,0.97858,316,18
2026-06-26 07:10:00,0.97857,0.9787,0.97835,0.97844,278,18
2026-06-26 07:20:00,0.97844,0.97848,0.97809,0.97831,252,18
2026-06-26 07:30:00,0.97831,0.97863,0.97828,0.97863,243,18
2026-06-26 07:40:00,0.97865,0.97867,0.97793,0.97796,272,18
2026-06-26 07:50:00,0.97796,0.97836,0.9779,0.9783,275,18
2026-06-26 08:00:00,0.97831,0.97847,0.97759,0.97802,370,18
2026-06-26 08:10:00,0.97802,0.97819,0.97786,0.97802,355,18
2026-06-26 08:20:00,0.978,0.97838,0.97772,0.97838,310,18
2026-06-26 08:30:00,0.97835,0.97838,0.97801,0.97805,263,18
2026-06-26 08:40:00,0.97806,0.97836,0.97806,0.97819,302,18
2026-06-26 08:50:00,0.9782,0.97848,0.97793,0.97809,357,18
2026-06-26 09:00:00,0.97812,0.97818,0.97785,0.97802,296,18
2026-06-26 09:10:00,0.97802,0.97852,0.97795,0.97852,306,18
2026-06-26 09:20:00,0.97853,0.97865,0.97836,0.97857,242,18
2026-06-26 09:30:00,0.97855,0.97894,0.97839,0.97882,216,18
2026-06-26 09:40:00,0.97881,0.97918,0.97875,0.97907,257,18
2026-06-26 09:50:00,0.97908,0.97925,0.97877,0.97879,275,18
2026-06-26 10:00:00,0.97881,0.97887,0.97844,0.97872,311,18
2026-06-26 10:10:00,0.97871,0.97885,0.9786,0.9786,245,18
2026-06-26 10:20:00,0.9786,0.97862,0.97845,0.97855,226,18
2026-06-26 10:30:00,0.97856,0.97892,0.97848,0.97855,239,18
2026-06-26 10:40:00,0.97855,0.97877,0.97855,0.97862,222,18
2026-06-26 10:50:00,0.97862,0.97898,0.97858,0.97879,215,18
2026-06-26 11:00:00,0.97882,0.97897,0.97864,0.97893,266,18
2026-06-26 11:10:00,0.97893,0.97913,0.97871,0.97884,267,18
2026-06-26 11:20:00,0.97881,0.97909,0.97868,0.97882,239,18
2026-06-26 11:30:00,0.97881,0.97898,0.97878,0.97888,265,18
2026-06-26 11:40:00,0.97888,0.97916,0.97887,0.97888,253,18
2026-06-26 11:50:00,0.97886,0.97897,0.97857,0.97874,283,18
2026-06-26 12:00:00,0.97873,0.97881,0.97857,0.97876,302,18
2026-06-26 12:10:00,0.97875,0.9789,0.97854,0.97858,263,18
2026-06-26 12:20:00,0.97857,0.97857,0.97802,0.97804,292,18
2026-06-26 12:30:00,0.97804,0.97844,0.97802,0.97817,299,18
2026-06-26 12:40:00,0.97818,0.97827,0.97791,0.97816,283,18
2026-06-26 12:50:00,0.97816,0.97878,0.97809,0.97857,351,18
2026-06-26 13:00:00,0.9786,0.97895,0.97854,0.97871,413,18
2026-06-26 13:10:00,0.97871,0.97894,0.97755,0.97807,429,18
2026-06-26 13:20:00,0.97806,0.97897,0.97788,0.97894,458,18
2026-06-26 13:30:00,0.97891,0.97891,0.97832,0.97867,516,18
2026-06-26 13:40:00,0.97868,0.9792,0.97863,0.97888,440,18
2026-06-26 13:50:00,0.9789,0.97962,0.97881,0.9794,432,18
2026-06-26 14:00:00,0.97941,0.97981,0.97936,0.97964,428,18
2026-06-26 14:10:00,0.97964,0.9802,0.97953,0.97992,420,18
2026-06-26 14:20:00,0.97994,0.98021,0.9799,0.98007,389,18
2026-06-26 14:30:00,0.98008,0.98014,0.97969,0.97983,378,18
2026-06-26 14:40:00,0.97984,0.98033,0.97962,0.97966,431,18
2026-06-26 14:50:00,0.97965,0.98044,0.97956,0.97963,600,18
2026-06-26 15:00:00,0.97964,0.97982,0.97935,0.97978,406,18
2026-06-26 15:10:00,0.97978,0.9799,0.97952,0.97971,364,18
2026-06-26 15:20:00,0.97969,0.97981,0.97957,0.97972,310,18
2026-06-26 15:30:00,0.97972,0.98006,0.97954,0.97967,352,18
2026-06-26 15:40:00,0.97967,0.97989,0.9796,0.97974,278,18
2026-06-26 15:50:00,0.97974,0.97981,0.97911,0.97935,458,18
2026-06-26 16:00:00,0.97938,0.97938,0.97908,0.97909,314,18
2026-06-26 16:10:00,0.97909,0.97923,0.97897,0.97907,242,18
2026-06-26 16:20:00,0.9791,0.97916,0.97881,0.97915,341,18
2026-06-26 16:30:00,0.97915,0.97945,0.97896,0.97926,307,18
2026-06-26 16:40:00,0.97926,0.97945,0.97916,0.97934,245,18
2026-06-26 16:50:00,0.97934,0.97936,0.97916,0.97927,201,18
2026-06-26 17:00:00,0.97929,0.97932,0.97901,0.97923,229,18
2026-06-26 17:10:00,0.97923,0.97933,0.97896,0.97899,220,18
2026-06-26 17:20:00,0.97899,0.97912,0.97888,0.97901,224,18
2026-06-26 17:30:00,0.97901,0.97914,0.97886,0.97887,226,18
2026-06-26 17:40:00,0.97887,0.97906,0.97876,0.97895,209,18
2026-06-26 17:50:00,0.97895,0.97908,0.97875,0.97877,202,18
2026-06-26 18:00:00,0.9788,0.97894,0.97869,0.9788,197,18
2026-06-26 18:10:00,0.9788,0.97889,0.97864,0.97871,204,18
2026-06-26 18:20:00,0.97871,0.97874,0.97849,0.97863,179,18
2026-06-26 18:30:00,0.9786,0.97869,0.97837,0.97842,196,18
2026-06-26 18:40:00,0.97842,0.97855,0.97826,0.9783,185,18
2026-06-26 18:50:00,0.9783,0.97838,0.97816,0.97834,244,18
2026-06-26 19:00:00,0.97834,0.97842,0.97817,0.9783,186,18
2026-06-26 19:10:00,0.9783,0.97848,0.97826,0.9784,162,18
2026-06-26 19:20:00,0.9784,0.9784,0.97812,0.97824,203,18
2026-06-26 19:30:00,0.97822,0.97829,0.97818,0.97822,202,18
2026-06-26 19:40:00,0.97821,0.97852,0.97821,0.97847,172,18
2026-06-26 19:50:00,0.97844,0.97865,0.97794,0.97794,281,18
2026-06-26 20:00:00,0.97797,0.97813,0.97788,0.97804,266,18
2026-06-26 20:10:00,0.97804,0.9783,0.97802,0.97821,108,18
2026-06-26 20:20:00,0.97821,0.97838,0.97815,0.97822,124,18
2026-06-26 20:30:00,0.97822,0.97822,0.97733,0.97771,270,18
2026-06-26 20:40:00,0.97771,0.97796,0.97763,0.97785,167,18
2026-06-26 20:50:00,0.97787,0.97865,0.97787,0.97854,214,18
2026-06-28 21:10:00,0.97743,0.97765,0.97743,0.97765,4,85
2026-06-28 21:20:00,0.97761,0.97761,0.97678,0.97714,86,86
2026-06-28 21:30:00,0.97697,0.97747,0.97697,0.97743,60,56
2026-06-28 21:40:00,0.97745,0.97765,0.97745,0.97751,71,43
2026-06-28 21:50:00,0.97751,0.97763,0.97726,0.97753,143,43
2026-06-28 22:00:00,0.97766,0.97864,0.97763,0.97834,196,18
2026-06-28 22:10:00,0.9784,0.9784,0.97813,0.97818,125,18
2026-06-28 22:20:00,0.97819,0.97834,0.9781,0.97814,127,18
2026-06-28 22:30:00,0.97808,0.97832,0.97802,0.97811,165,18
2026-06-28 22:40:00,0.97812,0.97832,0.97809,0.97832,107,18
2026-06-28 22:50:00,0.97832,0.97832,0.97814,0.97819,136,18
2026-06-28 23:00:00,0.97819,0.97846,0.97817,0.97845,140,18
2026-06-28 23:10:00,0.97845,0.97848,0.97816,0.97816,114,18
2026-06-28 23:20:00,0.97817,0.97825,0.97814,0.97822,94,18
2026-06-28 23:30:00,0.97821,0.97845,0.97821,0.9784,149,18
2026-06-28 23:40:00,0.9784,0.97842,0.97827,0.97827,126,18
2026-06-28 23:50:00,0.97826,0.9785,0.97826,0.9784,167,18
2026-06-29 00:00:00,0.97839,0.97848,0.97783,0.97796,419,18
2026-06-29 00:10:00,0.97796,0.97808,0.97739,0.97748,325,18
2026-06-29 00:20:00,0.97748,0.97748,0.97724,0.97728,247,18
2026-06-29 00:30:00,0.97728,0.97737,0.97707,0.97709,275,18
2026-06-29 00:40:00,0.97708,0.97743,0.97687,0.977,280,18
2026-06-29 00:50:00,0.97699,0.97721,0.97685,0.97703,293,18
2026-06-29 01:00:00,0.97702,0.97725,0.97667,0.97686,368,18
2026-06-29 01:10:00,0.97686,0.97703,0.9767,0.97678,321,18
2026-06-29 01:20:00,0.97674,0.97695,0.97667,0.97668,280,18
2026-06-29 01:30:00,0.97669,0.97725,0.97645,0.97724,340,18
2026-06-29 01:40:00,0.97727,0.97756,0.97699,0.97708,314,18
2026-06-29 01:50:00,0.97708,0.97708,0.97678,0.97684,270,18
2026-06-29 02:00:00,0.97687,0.97711,0.97677,0.97684,338,18
2026-06-29 02:10:00,0.97685,0.97723,0.97671,0.97722,289,18
2026-06-29 02:20:00,0.97722,0.97772,0.97716,0.97758,285,18
2026-06-29 02:30:00,0.97757,0.97759,0.9772,0.97726,253,18
2026-06-29 02:40:00,0.97725,0.97754,0.97721,0.97749,222,18
2026-06-29 02:50:00,0.97749,0.97765,0.97745,0.97754,194,18
2026-06-29 03:00:00,0.97754,0.97778,0.97753,0.97768,216,18
2026-06-29 03:10:00,0.97768,0.9778,0.97757,0.9778,133,18
2026-06-29 03:20:00,0.9778,0.97793,0.9777,0.97793,163,18
2026-06-29 03:30:00,0.97793,0.97796,0.97753,0.97762,205,18
2026-06-29 03:40:00,0.97763,0.97777,0.9774,0.97759,187,18
2026-06-29 03:50:00,0.97758,0.97764,0.97737,0.97737,163,18
2026-06-29 04:00:00,0.97738,0.97757,0.97733,0.97757,176,18
2026-06-29 04:10:00,0.97757,0.97758,0.97741,0.97754,152,18
2026-06-29 04:20:00,0.97753,0.97762,0.97739,0.97755,158,18
2026-06-29 04:30:00,0.97755,0.97765,0.97752,0.97761,155,18
2026-06-29 04:40:00,0.9776,0.9777,0.97744,0.97769,154,18
2026-06-29 04:50:00,0.97769,0.97772,0.97739,0.97753,211,18
2026-06-29 05:00:00,0.97751,0.97764,0.97735,0.97759,232,18
2026-06-29 05:10:00,0.9776,0.97778,0.97747,0.97764,254,18
2026-06-29 05:20:00,0.97761,0.97771,0.97755,0.97762,191,18
2026-06-29 05:30:00,0.97762,0.97766,0.97739,0.97755,232,18
2026-06-29 05:40:00,0.97755,0.97797,0.97755,0.97785,209,18
2026-06-29 05:50:00,0.97785,0.97805,0.9778,0.97796,262,18
2026-06-29 06:00:00,0.97795,0.97822,0.97779,0.97811,297,18
2026-06-29 06:10:00,0.97811,0.97847,0.97804,0.97846,224,18
2026-06-29 06:20:00,0.97846,0.97864,0.97839,0.97849,217,18
2026-06-29 06:30:00,0.9785,0.97868,0.9784,0.97867,226,18
2026-06-29 06:40:00,0.97867,0.97873,0.97843,0.97853,208,18
2026-06-29 06:50:00,0.97853,0.97856,0.97827,0.97835,277,18
2026-06-29 07:00:00,0.97836,0.97855,0.97827,0.97832,308,18
2026-06-29 07:10:00,0.97832,0.97873,0.97829,0.97858,239,18
2026-06-29 07:20:00,0.97858,0.97881,0.9785,0.97876,238,18
2026-06-29 07:30:00,0.97878,0.97878,0.97833,0.97871,216,18
2026-06-29 07:40:00,0.97871,0.97871,0.97817,0.97819,204,18
2026-06-29 07:50:00,0.9782,0.97842,0.97811,0.97815,253,18
2026-06-29 08:00:00,0.97818,0.97839,0.97806,0.97818,287,18
2026-06-29 08:10:00,0.97819,0.97824,0.97794,0.97797,236,18
2026-06-29 08:20:00,0.97796,0.97812,0.97792,0.97805,237,18
2026-06-29 08:30:00,0.97804,0.97841,0.97803,0.97819,224,18
2026-06-29 08:40:00,0.97819,0.97843,0.97804,0.97834,259,18
2026-06-29 08:50:00,0.97835,0.97835,0.97805,0.97818,239,18
2026-06-29 09:00:00,0.97818,0.97855,0.97812,0.97847,219,18
2026-06-29 09:10:00,0.97847,0.9787,0.9784,0.97865,193,18
2026-06-29 09:20:00,0.97865,0.97866,0.97841,0.97866,198,18
2026-06-29 09:30:00,0.97866,0.97869,0.97845,0.97856,216,18
2026-06-29 09:40:00,0.97855,0.97856,0.97835,0.97843,190,18
2026-06-29 09:50:00,0.97843,0.97877,0.97842,0.97871,261,18
2026-06-29 10:00:00,0.97872,0.97887,0.97859,0.97886,240,18
2026-06-29 10:10:00,0.97887,0.97889,0.97862,0.97874,215,18
2026-06-29 10:20:00,0.97874,0.97889,0.97858,0.97888,143,18
2026-06-29 10:30:00,0.97888,0.97898,0.97875,0.97898,170,18
2026-06-29 10:40:00,0.97899,0.97912,0.97886,0.97908,188,18
2026-06-29 10:50:00,0.97909,0.97922,0.97905,0.9792,201,18
2026-06-29 11:00:00,0.97921,0.97928,0.97899,0.97899,208,18
2026-06-29 11:10:00,0.97899,0.97909,0.97889,0.97901,191,18
2026-06-29 11:20:00,0.97903,0.97945,0.97898,0.97935,225,18
2026-06-29 11:30:00,0.97936,0.97968,0.97921,0.97964,268,18
2026-06-29 11:40:00,0.97964,0.97999,0.9796,0.9799,222,18
2026-06-29 11:50:00,0.9799,0.9801,0.97986,0.98006,231,18
2026-06-29 12:00:00,0.98005,0.98006,0.97969,0.97974,233,18
2026-06-29 12:10:00,0.97974,0.98006,0.97973,0.97998,239,18
2026-06-29 12:20:00,0.97998,0.98006,0.97938,0.97957,297,18
2026-06-29 12:30:00,0.97957,0.97968,0.97937,0.97945,239,18
2026-06-29 12:40:00,0.97945,0.97963,0.97923,0.97954,272,18
2026-06-29 12:50:00,0.97954,0.97971,0.97946,0.9795,204,18
2026-06-29 13:00:00,0.97951,0.97966,0.97941,0.97958,242,18
2026-06-29 13:10:00,0.97957,0.97967,0.97942,0.97952,211,18
2026-06-29 13:20:00,0.97952,0.97955,0.97924,0.97939,262,18
2026-06-29 13:30:00,0.97941,0.97941,0.97896,0.97933,405,18
2026-06-29 13:40:00,0.9793,0.97939,0.97904,0.97913,371,18
2026-06-29 13:50:00,0.97914,0.97919,0.97854,0.97868,380,18
2026-06-29 14:00:00,0.97868,0.97877,0.97827,0.97839,391,18
2026-06-29 14:10:00,0.97837,0.97842,0.97763,0.97811,488,18
2026-06-29 14:20:00,0.97813,0.97838,0.97796,0.97814,447,18
2026-06-29 14:30:00,0.97814,0.97848,0.97786,0.97795,418,18
2026-06-29 14:40:00,0.97797,0.97798,0.97745,0.97772,366,18
2026-06-29 14:50:00,0.97772,0.97783,0.97725,0.97751,411,18
2026-06-29 15:00:00,0.97754,0.97763,0.97726,0.97752,375,18
2026-06-29 15:10:00,0.97755,0.9778,0.97735,0.97764,301,18
2026-06-29 15:20:00,0.97763,0.97786,0.97742,0.9778,296,18
2026-06-29 15:30:00,0.97783,0.97785,0.97747,0.97773,321,18
2026-06-29 15:40:00,0.97771,0.97825,0.97762,0.97825,269,18
2026-06-29 15:50:00,0.97825,0.97828,0.97798,0.97815,306,18
2026-06-29 16:00:00,0.97818,0.97833,0.97808,0.97816,280,18
2026-06-29 16:10:00,0.97816,0.97834,0.97816,0.97832,208,18
2026-06-29 16:20:00,0.97832,0.97834,0.97808,0.97809,192,18
2026-06-29 16:30:00,0.97809,0.97815,0.97777,0.97798,222,18
2026-06-29 16:40:00,0.97795,0.9782,0.97794,0.97808,203,18
2026-06-29 16:50:00,0.97808,0.97809,0.97781,0.97787,233,18
2026-06-29 17:00:00,0.97788,0.97814,0.97787,0.97799,183,18
2026-06-29 17:10:00,0.97799,0.97831,0.97798,0.97828,190,18
2026-06-29 17:20:00,0.97826,0.97829,0.97805,0.9781,189,18
2026-06-29 17:30:00,0.9781,0.97827,0.97807,0.97823,196,18
2026-06-29 17:40:00,0.97821,0.97837,0.97816,0.97826,156,18
2026-06-29 17:50:00,0.97825,0.97829,0.97759,0.97782,248,18
2026-06-29 18:00:00,0.97781,0.9782,0.97781,0.97806,208,18
2026-06-29 18:10:00,0.97806,0.97837,0.97805,0.97831,201,18
2026-06-29 18:20:00,0.97831,0.97843,0.97821,0.97826,157,18
2026-06-29 18:30:00,0.97826,0.97843,0.97822,0.97842,162,18
2026-06-29 18:40:00,0.97843,0.97852,0.97837,0.97849,178,18
2026-06-29 18:50:00,0.97849,0.97854,0.97839,0.97843,188,18
2026-06-29 19:00:00,0.97842,0.97851,0.97833,0.97838,186,18
2026-06-29 19:10:00,0.97838,0.97838,0.97824,0.97833,170,18
2026-06-29 19:20:00,0.97833,0.97844,0.97831,0.9784,139,18
2026-06-29 19:30:00,0.9784,0.97852,0.97839,0.97845,183,18
2026-06-29 19:40:00,0.97845,0.9785,0.97826,0.97826,156,18
2026-06-29 19:50:00,0.97826,0.97847,0.97817,0.97843,179,18
2026-06-29 20:00:00,0.97844,0.97848,0.97838,0.97839,130,18
2026-06-29 20:10:00,0.97839,0.97856,0.97839,0.97853,68,18
2026-06-29 20:20:00,0.97853,0.97855,0.97843,0.97845,55,18
2026-06-29 20:30:00,0.97844,0.97849,0.97835,0.97849,95,18
2026-06-29 20:40:00,0.97849,0.97861,0.97843,0.97861,80,18
2026-06-29 20:50:00,0.97858,0.97866,0.97846,0.97847,86,18
2026-06-29 21:00:00,0.97846,0.97849,0.97837,0.97841,30,22
2026-06-29 21:10:00,0.97843,0.97847,0.97834,0.97845,111,22
2026-06-29 21:20:00,0.97847,0.97848,0.9783,0.97836,98,24
2026-06-29 21:30:00,0.97835,0.97853,0.97832,0.97852,122,22
2026-06-29 21:40:00,0.97852,0.97864,0.97839,0.97861,134,22
2026-06-29 21:50:00,0.97859,0.97869,0.97859,0.97864,89,22
2026-06-29 22:00:00,0.9788,0.97881,0.9785,0.97863,97,18
2026-06-29 22:10:00,0.97863,0.97869,0.97847,0.97855,85,18
2026-06-29 22:20:00,0.97855,0.97857,0.97847,0.97854,44,18
2026-06-29 22:30:00,0.97854,0.97863,0.97841,0.97846,68,18
2026-06-29 22:40:00,0.97846,0.97849,0.97836,0.97847,45,18
2026-06-29 22:50:00,0.97847,0.9785,0.978,0.978,140,18
2026-06-29 23:00:00,0.97805,0.97836,0.97797,0.97832,145,18
2026-06-29 23:10:00,0.97832,0.97848,0.97831,0.97844,76,18
2026-06-29 23:20:00,0.97844,0.97861,0.97844,0.97848,64,18
2026-06-29 23:30:00,0.97848,0.97849,0.97827,0.97835,90,18
2026-06-29 23:40:00,0.97835,0.97843,0.97813,0.97826,107,18
2026-06-29 23:50:00,0.97825,0.97827,0.97787,0.97795,134,18
2026-06-30 00:00:00,0.97792,0.97792,0.97716,0.97733,333,18
2026-06-30 00:10:00,0.97732,0.97756,0.97728,0.97746,234,18
2026-06-30 00:20:00,0.97747,0.97751,0.97712,0.97719,168,18
2026-06-30 00:30:00,0.97719,0.97738,0.97695,0.97698,234,18
2026-06-30 00:40:00,0.977,0.97713,0.97677,0.97686,196,18
2026-06-30 00:50:00,0.97686,0.97708,0.97665,0.97705,364,18
2026-06-30 01:00:00,0.97705,0.97711,0.97648,0.97678,348,18
2026-06-30 01:10:00,0.97675,0.9776,0.97653,0.97759,360,18
2026-06-30 01:20:00,0.97762,0.97825,0.97754,0.9782,269,18
2026-06-30 01:30:00,0.97822,0.97845,0.97781,0.97782,298,18
2026-06-30 01:40:00,0.97782,0.97783,0.97715,0.97739,340,18
2026-06-30 01:50:00,0.97739,0.97747,0.9771,0.9774,255,18
2026-06-30 02:00:00,0.97739,0.97776,0.97735,0.97749,289,18
2026-06-30 02:10:00,0.97751,0.97755,0.97706,0.97721,241,18
2026-06-30 02:20:00,0.9772,0.97737,0.97718,0.97719,198,18
2026-06-30 02:30:00,0.97719,0.97725,0.97698,0.97718,233,18
2026-06-30 02:40:00,0.97718,0.9772,0.97691,0.97712,190,18
2026-06-30 02:50:00,0.97713,0.97746,0.97713,0.97722,205,18
2026-06-30 03:00:00,0.97722,0.97776,0.97722,0.97751,244,18
2026-06-30 03:10:00,0.97749,0.97764,0.97739,0.97764,165,18
2026-06-30 03:20:00,0.97763,0.97766,0.97736,0.97748,208,18
2026-06-30 03:30:00,0.97747,0.97759,0.97735,0.97754,193,18
2026-06-30 03:40:00,0.97753,0.97764,0.97747,0.97754,155,18
2026-06-30 03:50:00,0.97754,0.97767,0.97733,0.97754,138,18
2026-06-30 04:00:00,0.97754,0.97776,0.97751,0.97753,168,18
2026-06-30 04:10:00,0.97752,0.97778,0.97752,0.97772,119,18
2026-06-30 04:20:00,0.97772,0.97795,0.97772,0.97794,103,18
2026-06-30 04:30:00,0.97794,0.97811,0.9779,0.97806,111,18
2026-06-30 04:40:00,0.97806,0.97815,0.97792,0.97815,145,18
2026-06-30 04:50:00,0.97815,0.97818,0.97773,0.9778,193,18
2026-06-30 05:00:00,0.97781,0.9782,0.97772,0.97804,231,18
2026-06-30 05:10:00,0.97803,0.97823,0.97791,0.97815,162,18
2026-06-30 05:20:00,0.97815,0.97829,0.97797,0.97812,140,18
2026-06-30 05:30:00,0.97812,0.97812,0.97782,0.97803,189,18
2026-06-30 05:40:00,0.97804,0.97833,0.97802,0.97833,191,18
2026-06-30 05:50:00,0.97833,0.97845,0.97761,0.97769,269,18
2026-06-30 06:00:00,0.97768,0.97817,0.97768,0.97811,297,18
2026-06-30 06:10:00,0.97809,0.97828,0.97799,0.97826,223,18
2026-06-30 06:20:00,0.97825,0.97872,0.97821,0.97867,288,18
2026-06-30 06:30:00,0.97868,0.9787,0.97831,0.97843,289,18
2026-06-30 06:40:00,0.97844,0.97867,0.97826,0.97842,302,18
2026-06-30 06:50:00,0.97841,0.97876,0.97828,0.97855,245,18
2026-06-30 07:00:00,0.97856,0.97856,0.97825,0.97831,276,18
2026-06-30 07:10:00,0.97834,0.97845,0.97825,0.97833,229,18
2026-06-30 07:20:00,0.97832,0.9786,0.97817,0.97852,251,18
2026-06-30 07:30:00,0.97853,0.97901,0.97849,0.97891,231,18
2026-06-30 07:40:00,0.97891,0.97898,0.97869,0.97888,208,18
2026-06-30 07:50:00,0.97888,0.97888,0.97842,0.97852,216,18
2026-06-30 08:00:00,0.97849,0.97919,0.97849,0.97881,367,18
2026-06-30 08:10:00,0.97883,0.97904,0.97863,0.97875,301,18
2026-06-30 08:20:00,0.97876,0.97917,0.97869,0.97905,267,18
2026-06-30 08:30:00,0.97902,0.97918,0.97874,0.97883,263,18
2026-06-30 08:40:00,0.97879,0.97908,0.9786,0.97902,243,18
2026-06-30 08:50:00,0.97902,0.97933,0.97886,0.97928,210,18
2026-06-30 09:00:00,0.97928,0.97994,0.97912,0.97982,227,18
2026-06-30 09:10:00,0.97982,0.98002,0.97977,0.97993,185,18
2026-06-30 09:20:00,0.97993,0.97997,0.97968,0.97971,177,18
2026-06-30 09:30:00,0.9797,0.97991,0.97959,0.97988,171,18
2026-06-30 09:40:00,0.97988,0.98019,0.97985,0.98018,178,18
2026-06-30 09:50:00,0.98019,0.98019,0.97986,0.97988,226,18
2026-06-30 10:00:00,0.97988,0.98005,0.97979,0.98002,193,18
2026-06-30 10:10:00,0.98002,0.98013,0.97988,0.98006,177,18
2026-06-30 10:20:00,0.98006,0.98013,0.97994,0.98001,163,18
2026-06-30 10:30:00,0.98001,0.98005,0.97988,0.97995,183,18
2026-06-30 10:40:00,0.97995,0.9801,0.97987,0.98001,184,18
2026-06-30 10:50:00,0.98001,0.98049,0.98001,0.9804,190,18
2026-06-30 11:00:00,0.98042,0.98045,0.98022,0.98038,214,18
2026-06-30 11:10:00,0.98038,0.98058,0.98025,0.98054,178,18
2026-06-30 11:20:00,0.98054,0.9807,0.98039,0.98066,216,18
2026-06-30 11:30:00,0.98064,0.98082,0.98053,0.98075,221,18
2026-06-30 11:40:00,0.98075,0.98083,0.98053,0.98077,231,18
2026-06-30 11:50:00,0.98077,0.98078,0.98045,0.98047,189,18
2026-06-30 12:00:00,0.98047,0.98061,0.98031,0.98031,223,18
2026-06-30 12:10:00,0.98032,0.98037,0.98018,0.98036,234,18
2026-06-30 12:20:00,0.98034,0.98035,0.97985,0.97991,232,18
2026-06-30 12:30:00,0.97994,0.9802,0.97966,0.98005,301,18
2026-06-30 12:40:00,0.98006,0.98026,0.97964,0.97973,264,18
2026-06-30 12:50:00,0.97973,0.97987,0.97946,0.97947,240,18
2026-06-30 13:00:00,0.97949,0.9798,0.97949,0.97976,283,18
2026-06-30 13:10:00,0.97974,0.97993,0.97953,0.97991,294,18
2026-06-30 13:20:00,0.97993,0.97997,0.97969,0.97989,266,18
2026-06-30 13:30:00,0.97991,0.98017,0.97971,0.97982,361,18
2026-06-30 13:40:00,0.97979,0.9804,0.97978,0.98023,314,18
2026-06-30 13:50:00,0.98023,0.98054,0.98022,0.9803,323,18
2026-06-30 14:00:00,0.98033,0.98053,0.97997,0.98038,418,18
2026-06-30 14:10:00,0.98035,0.98095,0.98025,0.98086,451,18
2026-06-30 14:20:00,0.98088,0.98126,0.98082,0.98126,375,18
2026-06-30 14:30:00,0.98126,0.98138,0.98098,0.9813,381,18
2026-06-30 14:40:00,0.98129,0.98174,0.98118,0.9813,447,18
2026-06-30 14:50:00,0.98133,0.98298,0.98133,0.98243,630,18
2026-06-30 15:00:00,0.98243,0.98292,0.98228,0.98262,521,18
2026-06-30 15:10:00,0.98265,0.98267,0.98213,0.98235,381,18
2026-06-30 15:20:00,0.98236,0.98236,0.98198,0.98202,301,18
2026-06-30 15:30:00,0.982,0.98238,0.9819,0.9823,304,18
2026-06-30 15:40:00,0.9823,0.98232,0.982,0.98212,306,18
2026-06-30 15:50:00,0.98212,0.9823,0.98185,0.98213,286,18
2026-06-30 16:00:00,0.98213,0.98216,0.98186,0.98201,259,18
2026-06-30 16:10:00,0.982,0.982,0.9816,0.9816,223,18
2026-06-30 16:20:00,0.9816,0.98181,0.98157,0.98173,203,18
2026-06-30 16:30:00,0.98176,0.98186,0.98161,0.98184,194,18
2026-06-30 16:40:00,0.98184,0.98194,0.98168,0.98194,182,18
2026-06-30 16:50:00,0.98194,0.98218,0.98194,0.98195,189,18
2026-06-30 17:00:00,0.98194,0.98247,0.98188,0.9824,202,18
2026-06-30 17:10:00,0.98239,0.98247,0.98227,0.98237,191,18
2026-06-30 17:20:00,0.98238,0.98253,0.98234,0.9824,167,18
2026-06-30 17:30:00,0.9824,0.98251,0.98237,0.98242,167,18
2026-06-30 17:40:00,0.98242,0.98271,0.98242,0.98256,141,18
2026-06-30 17:50:00,0.98256,0.98267,0.98244,0.98253,142,18
2026-06-30 18:00:00,0.98254,0.98281,0.98241,0.98279,207,18
2026-06-30 18:10:00,0.98279,0.98287,0.98269,0.9828,177,18
2026-06-30 18:20:00,0.9828,0.98285,0.98262,0.98263,142,18
2026-06-30 18:30:00,0.98263,0.98274,0.9826,0.98266,147,18
2026-06-30 18:40:00,0.98265,0.98292,0.98253,0.98286,189,18
2026-06-30 18:50:00,0.98286,0.98296,0.98277,0.98284,207,18
2026-06-30 19:00:00,0.98285,0.98309,0.98282,0.98285,204,18
2026-06-30 19:10:00,0.98285,0.98289,0.98271,0.98271,176,18
2026-06-30 19:20:00,0.98271,0.98281,0.98266,0.98269,147,18
2026-06-30 19:30:00,0.98269,0.98277,0.98246,0.98257,191,18
2026-06-30 19:40:00,0.98255,0.98258,0.98236,0.98246,162,18
2026-06-30 19:50:00,0.98244,0.98248,0.98174,0.98188,320,18
2026-06-30 20:00:00,0.98185,0.98192,0.98147,0.9816,250,18
2026-06-30 20:10:00,0.9816,0.98208,0.98159,0.98205,130,18
2026-06-30 20:20:00,0.98205,0.98215,0.98192,0.98204,116,18
2026-06-30 20:30:00,0.98204,0.98227,0.98195,0.98223,114,18
2026-06-30 20:40:00,0.98223,0.98238,0.98223,0.98236,80,18
2026-06-30 20:50:00,0.98233,0.98249,0.98223,0.98226,141,18
2026-06-30 21:00:00,0.98227,0.98228,0.98216,0.98219,59,22
2026-06-30 21:10:00,0.98218,0.98218,0.98169,0.98174,92,29
2026-06-30 21:20:00,0.98172,0.98192,0.98172,0.98189,145,66
2026-06-30 21:30:00,0.98188,0.98205,0.98184,0.98205,162,31
2026-06-30 21:40:00,0.98204,0.98204,0.98189,0.9819,141,32
2026-06-30 21:50:00,0.9819,0.98205,0.9819,0.98205,53,22
2026-06-30 22:00:00,0.98211,0.98222,0.98199,0.98208,95,18
2026-06-30 22:10:00,0.98208,0.9821,0.98182,0.98195,95,18
2026-06-30 22:20:00,0.98195,0.98202,0.98179,0.98184,88,18
2026-06-30 22:30:00,0.98184,0.9819,0.98179,0.98184,59,18
2026-06-30 22:40:00,0.98184,0.98191,0.9817,0.98179,67,18
2026-06-30 22:50:00,0.98179,0.98184,0.98161,0.98178,107,18
2026-06-30 23:00:00,0.98185,0.98187,0.98174,0.98184,92,18
2026-06-30 23:10:00,0.98184,0.98185,0.9817,0.98179,58,18
2026-06-30 23:20:00,0.98178,0.98184,0.9817,0.98181,79,18
2026-06-30 23:30:00,0.98181,0.98186,0.98164,0.98164,92,18
2026-06-30 23:40:00,0.98164,0.98213,0.98161,0.98213,130,18
2026-06-30 23:50:00,0.98212,0.98218,0.98185,0.98193,175,18
2026-07-01 00:00:00,0.98193,0.98224,0.98177,0.98201,234,18
2026-07-01 00:10:00,0.98202,0.98218,0.98176,0.9818,212,18
2026-07-01 00:20:00,0.98181,0.98183,0.98135,0.98151,213,18
2026-07-01 00:30:00,0.98152,0.98172,0.98137,0.9815,242,18
2026-07-01 00:40:00,0.9815,0.9815,0.9809,0.98091,201,18
2026-07-01 00:50:00,0.98091,0.9812,0.98078,0.98078,249,18
2026-07-01 01:00:00,0.98077,0.98105,0.98066,0.98066,298,18
2026-07-01 01:10:00,0.98065,0.98075,0.98034,0.9805,268,18
2026-07-01 01:20:00,0.98049,0.98069,0.98022,0.98037,261,18
2026-07-01 01:30:00,0.98037,0.98043,0.9802,0.98037,217,18
2026-07-01 01:40:00,0.98039,0.98039,0.97961,0.97972,229,18
2026-07-01 01:50:00,0.97972,0.97992,0.97956,0.9799,282,18
2026-07-01 02:00:00,0.9799,0.9799,0.9789,0.979,277,18
2026-07-01 02:10:00,0.97902,0.97918,0.97875,0.97906,264,18
2026-07-01 02:20:00,0.97906,0.9794,0.97903,0.97937,213,18
2026-07-01 02:30:00,0.97939,0.97952,0.9792,0.97945,217,18
2026-07-01 02:40:00,0.97945,0.97978,0.97939,0.9796,212,18
2026-07-01 02:50:00,0.9796,0.97981,0.97945,0.97947,161,18
2026-07-01 03:00:00,0.97947,0.97976,0.97929,0.97968,201,18
2026-07-01 03:10:00,0.97967,0.9797,0.97942,0.97952,150,18
2026-07-01 03:20:00,0.97952,0.97968,0.97935,0.97947,148,18
2026-07-01 03:30:00,0.97947,0.9796,0.97938,0.97953,149,18
2026-07-01 03:40:00,0.97951,0.97961,0.97927,0.97958,124,18
2026-07-01 03:50:00,0.97957,0.97973,0.97955,0.97969,105,18
2026-07-01 04:00:00,0.97969,0.97969,0.9793,0.97933,155,18
2026-07-01 04:10:00,0.97932,0.97932,0.97895,0.97904,122,18
2026-07-01 04:20:00,0.97904,0.97913,0.97886,0.9791,154,18
2026-07-01 04:30:00,0.97911,0.97938,0.97909,0.97924,168,18
2026-07-01 04:40:00,0.97924,0.97967,0.97924,0.97951,164,18
2026-07-01 04:50:00,0.9795,0.97971,0.97946,0.97958,127,18
2026-07-01 05:00:00,0.97958,0.97974,0.97953,0.9797,165,18
2026-07-01 05:10:00,0.9797,0.97971,0.97937,0.9796,169,18
2026-07-01 05:20:00,0.9796,0.97972,0.97953,0.97966,142,18
2026-07-01 05:30:00,0.97965,0.97989,0.97961,0.97981,202,18
2026-07-01 05:40:00,0.97981,0.97986,0.97958,0.97958,208,18
2026-07-01 05:50:00,0.97958,0.97984,0.97956,0.97965,220,18
2026-07-01 06:00:00,0.97964,0.97973,0.97933,0.97943,297,18
2026-07-01 06:10:00,0.97942,0.97943,0.97912,0.97934,256,18
2026-07-01 06:20:00,0.97933,0.97935,0.97902,0.97928,210,18
2026-07-01 06:30:00,0.97931,0.97954,0.97927,0.97928,205,18
2026-07-01 06:40:00,0.97929,0.97966,0.97927,0.97962,169,18
2026-07-01 06:50:00,0.97962,0.97972,0.97944,0.97957,198,18
2026-07-01 07:00:00,0.97959,0.9798,0.97951,0.97967,280,18
2026-07-01 07:10:00,0.97967,0.97967,0.97905,0.97924,236,18
2026-07-01 07:20:00,0.97924,0.97957,0.97907,0.97932,190,18
2026-07-01 07:30:00,0.97934,0.97973,0.97933,0.97969,221,18
2026-07-01 07:40:00,0.97969,0.97978,0.97913,0.97947,252,18
2026-07-01 07:50:00,0.97949,0.98007,0.97943,0.97991,232,18
2026-07-01 08:00:00,0.97991,0.97997,0.97956,0.97989,251,18
2026-07-01 08:10:00,0.97991,0.98021,0.97988,0.9802,167,18
2026-07-01 08:20:00,0.98021,0.98029,0.98004,0.98021,207,18
2026-07-01 08:30:00,0.98021,0.98034,0.98001,0.98023,217,18
2026-07-01 08:40:00,0.98023,0.98042,0.97989,0.97993,216,18
2026-07-01 08:50:00,0.97994,0.98025,0.97992,0.98003,186,18
2026-07-01 09:00:00,0.98003,0.98024,0.97991,0.98004,218,18
2026-07-01 09:10:00,0.98004,0.98039,0.98004,0.98008,189,18
2026-07-01 09:20:00,0.98008,0.98022,0.98004,0.98015,174,18
2026-07-01 09:30:00,0.98014,0.98017,0.97996,0.97997,207,18
2026-07-01 09:40:00,0.97998,0.98014,0.9799,0.98014,174,18
2026-07-01 09:50:00,0.98014,0.98015,0.97987,0.97988,180,18
2026-07-01 10:00:00,0.97989,0.97992,0.9796,0.97982,209,18
2026-07-01 10:10:00,0.97983,0.97995,0.97964,0.97982,209,18
2026-07-01 10:20:00,0.97982,0.97993,0.97973,0.97992,165,18
2026-07-01 10:30:00,0.97991,0.9803,0.97991,0.98029,182,18
2026-07-01 10:40:00,0.98031,0.98033,0.98011,0.98032,162,18
2026-07-01 10:50:00,0.98032,0.98057,0.98029,0.98046,173,18
2026-07-01 11:00:00,0.98047,0.98059,0.98018,0.98021,171,18
2026-07-01 11:10:00,0.98022,0.98048,0.98021,0.98047,175,18
2026-07-01 11:20:00,0.98047,0.98057,0.98035,0.98049,201,18
2026-07-01 11:30:00,0.9805,0.9805,0.98019,0.9804,171,18
2026-07-01 11:40:00,0.9804,0.9805,0.98025,0.98026,192,18
2026-07-01 11:50:00,0.98026,0.98038,0.98007,0.98022,224,18
2026-07-01 12:00:00,0.98022,0.9803,0.97984,0.97999,296,18
2026-07-01 12:10:00,0.97999,0.98047,0.97998,0.98047,244,18
2026-07-01 12:20:00,0.98046,0.98061,0.98039,0.98058,223,18
2026-07-01 12:30:00,0.98056,0.98099,0.98055,0.98076,312,18
2026-07-01 12:40:00,0.98074,0.98099,0.98054,0.9807,322,18
2026-07-01 12:50:00,0.9807,0.98084,0.98061,0.98074,265,18
2026-07-01 13:00:00,0.98071,0.98094,0.98028,0.9804,289,18
2026-07-01 13:10:00,0.98039,0.98069,0.97988,0.98042,434,18
2026-07-01 13:20:00,0.98045,0.98109,0.9803,0.98072,503,18
2026-07-01 13:30:00,0.98069,0.98081,0.98019,0.98037,605,18
2026-07-01 13:40:00,0.98034,0.98147,0.98028,0.98125,497,18
2026-07-01 13:50:00,0.98123,0.98134,0.98068,0.98094,408,18
2026-07-01 14:00:00,0.9809,0.98119,0.9805,0.98067,452,18
2026-07-01 14:10:00,0.98065,0.98101,0.98054,0.98062,421,18
2026-07-01 14:20:00,0.98062,0.98102,0.98062,0.98088,370,18
2026-07-01 14:30:00,0.98087,0.98121,0.98076,0.98097,386,18
2026-07-01 14:40:00,0.98095,0.98114,0.98003,0.98009,412,18
2026-07-01 14:50:00,0.98011,0.98055,0.98007,0.98041,435,18
2026-07-01 15:00:00,0.9804,0.98042,0.97983,0.97997,401,18
2026-07-01 15:10:00,0.97997,0.98032,0.97995,0.98017,306,18
2026-07-01 15:20:00,0.98016,0.98031,0.98,0.98028,289,18
2026-07-01 15:30:00,0.98027,0.98041,0.98017,0.98023,353,18
2026-07-01 15:40:00,0.98024,0.9803,0.98003,0.98009,293,18
2026-07-01 15:50:00,0.9801,0.98046,0.98009,0.98043,240,18
2026-07-01 16:00:00,0.98046,0.98094,0.98046,0.98052,314,18
2026-07-01 16:10:00,0.98051,0.98067,0.98042,0.98051,252,18
2026-07-01 16:20:00,0.98049,0.98078,0.98044,0.98063,278,18
2026-07-01 16:30:00,0.98065,0.98067,0.98051,0.98052,212,18
2026-07-01 16:40:00,0.98051,0.98066,0.98046,0.98059,218,18
2026-07-01 16:50:00,0.98059,0.98059,0.98031,0.98044,243,18
2026-07-01 17:00:00,0.98044,0.98059,0.98025,0.98032,244,18
2026-07-01 17:10:00,0.98031,0.98056,0.98025,0.98055,222,18
2026-07-01 17:20:00,0.98055,0.9806,0.98047,0.98055,144,18
2026-07-01 17:30:00,0.98053,0.9806,0.98039,0.98044,162,18
2026-07-01 17:40:00,0.98043,0.98059,0.98037,0.98053,161,18
2026-07-01 17:50:00,0.98053,0.98062,0.98042,0.98042,176,18
2026-07-01 18:00:00,0.98044,0.98055,0.98027,0.9803,189,18
2026-07-01 18:10:00,0.98031,0.98032,0.97988,0.97995,164,18
2026-07-01 18:20:00,0.97995,0.98016,0.97984,0.98013,199,18
2026-07-01 18:30:00,0.98013,0.98028,0.98009,0.98022,145,18
2026-07-01 18:40:00,0.98022,0.98024,0.98003,0.98008,162,18
2026-07-01 18:50:00,0.98008,0.98013,0.97993,0.98008,189,18
2026-07-01 19:00:00,0.98007,0.98034,0.98007,0.98032,172,18
2026-07-01 19:10:00,0.98032,0.98036,0.98021,0.98023,146,18
2026-07-01 19:20:00,0.98023,0.98029,0.9801,0.98016,125,18
2026-07-01 19:30:00,0.98016,0.98025,0.98011,0.98014,136,18
2026-07-01 19:40:00,0.98014,0.98014,0.98,0.98008,136,18
2026-07-01 19:50:00,0.98008,0.98009,0.9797,0.97975,223,18
2026-07-01 20:00:00,0.97972,0.97979,0.97957,0.97963,155,18
2026-07-01 20:10:00,0.97963,0.97978,0.97951,0.97954,106,18
2026-07-01 20:20:00,0.97954,0.97955,0.97944,0.97945,59,18
2026-07-01 20:30:00,0.97943,0.97955,0.97943,0.97953,69,18
2026-07-01 20:40:00,0.97954,0.97981,0.97948,0.9798,86,18
2026-07-01 20:50:00,0.97979,0.97985,0.97969,0.97981,68,18
2026-07-01 21:00:00,0.97981,0.97981,0.9793,0.97932,50,22
2026-07-01 21:10:00,0.97931,0.97959,0.97931,0.97952,101,45
2026-07-01 21:20:00,0.97953,0.97958,0.97943,0.97958,101,34
2026-07-01 21:30:00,0.97959,0.97959,0.97928,0.9795,202,22
2026-07-01 21:40:00,0.9795,0.97955,0.97937,0.97955,103,24
2026-07-01 21:50:00,0.97954,0.97973,0.97949,0.97973,67,29
2026-07-01 22:00:00,0.97973,0.97993,0.9796,0.97987,90,18
2026-07-01 22:10:00,0.97987,0.97994,0.97985,0.97994,60,18
2026-07-01 22:20:00,0.97994,0.97998,0.97983,0.9799,67,18
2026-07-01 22:30:00,0.9799,0.97991,0.97976,0.97987,83,18
2026-07-01 22:40:00,0.97987,0.97997,0.97981,0.97997,62,18
2026-07-01 22:50:00,0.97997,0.97997,0.97979,0.97983,64,18
2026-07-01 23:00:00,0.97982,0.97986,0.97977,0.97979,63,18
2026-07-01 23:10:00,0.97979,0.97987,0.97971,0.97974,71,18
2026-07-01 23:20:00,0.97974,0.97985,0.97972,0.97983,58,18
2026-07-01 23:30:00,0.97983,0.97992,0.97979,0.97979,76,18
2026-07-01 23:40:00,0.97979,0.9798,0.97954,0.97955,125,18
2026-07-01 23:50:00,0.97955,0.97966,0.97943,0.97951,162,18
2026-07-02 00:00:00,0.97951,0.97962,0.97896,0.97934,399,18
2026-07-02 00:10:00,0.97933,0.9794,0.97891,0.97905,284,18
2026-07-02 00:20:00,0.97906,0.97931,0.97903,0.97922,268,18
2026-07-02 00:30:00,0.97925,0.97934,0.97906,0.9792,230,18
2026-07-02 00:40:00,0.9792,0.97926,0.97881,0.97917,263,18
2026-07-02 00:50:00,0.97916,0.97947,0.97903,0.97934,269,18
2026-07-02 01:00:00,0.97935,0.98006,0.97929,0.98002,280,18
2026-07-02 01:10:00,0.97999,0.98015,0.97979,0.97993,238,18
2026-07-02 01:20:00,0.97992,0.97995,0.97966,0.97973,210,18
2026-07-02 01:30:00,0.97973,0.97993,0.97958,0.97988,259,18
2026-07-02 01:40:00,0.97988,0.98003,0.97961,0.97999,234,18
2026-07-02 01:50:00,0.97999,0.98005,0.97981,0.97986,195,18
2026-07-02 02:00:00,0.97986,0.98011,0.97979,0.98,234,18
2026-07-02 02:10:00,0.98,0.98041,0.97986,0.98023,236,18
2026-07-02 02:20:00,0.98023,0.98028,0.98005,0.98013,193,18
2026-07-02 02:30:00,0.98011,0.98023,0.98004,0.98014,197,18
2026-07-02 02:40:00,0.98014,0.98026,0.97991,0.97991,162,18
2026-07-02 02:50:00,0.9799,0.98004,0.97979,0.97981,199,18
2026-07-02 03:00:00,0.97983,0.98001,0.97943,0.97944,226,18
2026-07-02 03:10:00,0.97944,0.97947,0.97891,0.97891,240,18
2026-07-02 03:20:00,0.97891,0.97922,0.97879,0.97921,209,18
2026-07-02 03:30:00,0.9792,0.97952,0.97917,0.97947,196,18
2026-07-02 03:40:00,0.97947,0.97958,0.9793,0.97946,174,18
2026-07-02 03:50:00,0.97946,0.97985,0.97944,0.9798,208,18
2026-07-02 04:00:00,0.97981,0.98,0.97963,0.97974,253,18
2026-07-02 04:10:00,0.97974,0.97978,0.97954,0.97961,155,18
2026-07-02 04:20:00,0.97962,0.97967,0.97938,0.97958,164,18
2026-07-02 04:30:00,0.97958,0.97961,0.9794,0.97946,170,18
2026-07-02 04:40:00,0.97944,0.97963,0.97942,0.97958,162,18
2026-07-02 04:50:00,0.97958,0.97993,0.97957,0.97982,178,18
2026-07-02 05:00:00,0.97982,0.97993,0.9797,0.97986,194,18
2026-07-02 05:10:00,0.97986,0.98004,0.97983,0.97999,167,18
2026-07-02 05:20:00,0.97999,0.98012,0.9797,0.97972,159,18
2026-07-02 05:30:00,0.97971,0.97977,0.97951,0.97957,202,18
2026-07-02 05:40:00,0.97957,0.97972,0.97948,0.97953,182,18
2026-07-02 05:50:00,0.97956,0.97983,0.97956,0.97971,175,18
2026-07-02 06:00:00,0.97971,0.97988,0.97942,0.97944,327,18
2026-07-02 06:10:00,0.97945,0.97959,0.97939,0.97957,185,18
2026-07-02 06:20:00,0.97957,0.97968,0.97952,0.97955,219,18
2026-07-02 06:30:00,0.97958,0.97968,0.97931,0.97931,204,18
2026-07-02 06:40:00,0.97928,0.97937,0.97899,0.97937,260,18
2026-07-02 06:50:00,0.97935,0.97951,0.97912,0.97913,384,18
2026-07-02 07:00:00,0.97915,0.97916,0.97875,0.97913,338,18
2026-07-02 07:10:00,0.97914,0.97928,0.97898,0.97903,290,18
2026-07-02 07:20:00,0.97903,0.97911,0.9788,0.979,254,18
2026-07-02 07:30:00,0.97897,0.97903,0.97876,0.979,255,18
2026-07-02 07:40:00,0.97899,0.97917,0.97864,0.97867,277,18
2026-07-02 07:50:00,0.97867,0.97869,0.97822,0.97824,317,18
2026-07-02 08:00:00,0.97821,0.97884,0.97819,0.97876,376,18
2026-07-02 08:10:00,0.97876,0.97956,0.9787,0.97953,362,18
2026-07-02 08:20:00,0.97954,0.97981,0.97919,0.97941,334,18
2026-07-02 08:30:00,0.97941,0.97994,0.97917,0.97982,298,18
2026-07-02 08:40:00,0.97982,0.98011,0.97967,0.98006,324,18
2026-07-02 08:50:00,0.98007,0.98035,0.98006,0.9802,276,18
2026-07-02 09:00:00,0.98019,0.98029,0.9797,0.97981,285,18
2026-07-02 09:10:00,0.97981,0.98,0.97971,0.97982,249,18
2026-07-02 09:20:00,0.97982,0.9799,0.97967,0.97974,227,18
2026-07-02 09:30:00,0.97974,0.98012,0.97969,0.98004,255,18
2026-07-02 09:40:00,0.98004,0.98019,0.97991,0.98017,230,18
2026-07-02 09:50:00,0.98018,0.98025,0.97991,0.97991,234,18
2026-07-02 10:00:00,0.97993,0.97993,0.97953,0.97968,260,18
2026-07-02 10:10:00,0.97968,0.97978,0.97961,0.97966,201,18
2026-07-02 10:20:00,0.97966,0.97969,0.97944,0.97967,234,18
2026-07-02 10:30:00,0.97967,0.97972,0.97946,0.97956,198,18
2026-07-02 10:40:00,0.97956,0.97968,0.97938,0.97946,190,18
2026-07-02 10:50:00,0.97946,0.97975,0.97943,0.97973,199,18
2026-07-02 11:00:00,0.9797,0.97978,0.97935,0.9795,232,18
2026-07-02 11:10:00,0.9795,0.97965,0.9793,0.97964,226,18
2026-07-02 11:20:00,0.97965,0.97966,0.97942,0.97952,201,18
2026-07-02 11:30:00,0.97951,0.9797,0.97948,0.9796,203,18
2026-07-02 11:40:00,0.9796,0.97966,0.97938,0.97942,214,18
2026-07-02 11:50:00,0.9794,0.97942,0.97877,0.97885,237,18
2026-07-02 12:00:00,0.97885,0.97922,0.97867,0.97908,334,18
2026-07-02 12:10:00,0.97907,0.97944,0.97907,0.97914,290,18
2026-07-02 12:20:00,0.97914,0.97944,0.97908,0.97937,311,18
2026-07-02 12:30:00,0.97935,0.98253,0.97928,0.98253,1223,18
2026-07-02 12:40:00,0.9825,0.9826,0.98114,0.98134,803,18
2026-07-02 12:50:00,0.98131,0.98179,0.98081,0.98136,652,18
2026-07-02 13:00:00,0.98139,0.98194,0.98112,0.98166,690,18
2026-07-02 13:10:00,0.98168,0.9822,0.98137,0.98165,509,18
2026-07-02 13:20:00,0.98166,0.98166,0.98115,0.98142,462,18
2026-07-02 13:30:00,0.98145,0.98262,0.98116,0.98233,602,18
2026-07-02 13:40:00,0.98236,0.98315,0.98221,0.98295,530,18
2026-07-02 13:50:00,0.98294,0.98332,0.9828,0.9832,470,18
2026-07-02 14:00:00,0.9832,0.98353,0.98289,0.98322,489,18
2026-07-02 14:10:00,0.9832,0.98357,0.98282,0.98291,495,18
2026-07-02 14:20:00,0.98294,0.98306,0.98235,0.98237,464,18
2026-07-02 14:30:00,0.98235,0.98287,0.98224,0.98228,539,18
2026-07-02 14:40:00,0.98231,0.98278,0.98196,0.98275,517,18
2026-07-02 14:50:00,0.98275,0.98329,0.9825,0.98316,473,18
2026-07-02 15:00:00,0.98319,0.98323,0.9824,0.98261,484,18
2026-07-02 15:10:00,0.98263,0.98313,0.98258,0.98274,456,18
2026-07-02 15:20:00,0.98276,0.98332,0.98274,0.98296,416,18
2026-07-02 15:30:00,0.98299,0.98369,0.98296,0.98356,428,18
2026-07-02 15:40:00,0.98356,0.98358,0.98286,0.98293,355,18
2026-07-02 15:50:00,0.98293,0.98302,0.98265,0.98277,338,18
2026-07-02 16:00:00,0.98278,0.98281,0.98248,0.9825,365,18
2026-07-02 16:10:00,0.98251,0.98275,0.98228,0.98236,353,18
2026-07-02 16:20:00,0.98239,0.98243,0.98173,0.98174,343,18
2026-07-02 16:30:00,0.98174,0.9818,0.9815,0.98167,333,18
2026-07-02 16:40:00,0.98168,0.98193,0.98165,0.98179,322,18
2026-07-02 16:50:00,0.98179,0.98189,0.98148,0.98151,340,18
2026-07-02 17:00:00,0.9815,0.98165,0.98128,0.98148,341,18
2026-07-02 17:10:00,0.98148,0.9816,0.98122,0.98131,272,18
2026-07-02 17:20:00,0.9813,0.98139,0.98112,0.98121,220,18
2026-07-02 17:30:00,0.98121,0.98132,0.98079,0.98082,285,18
2026-07-02 17:40:00,0.98081,0.98088,0.98072,0.98082,270,18
2026-07-02 17:50:00,0.98081,0.98088,0.98061,0.98064,279,18
2026-07-02 18:00:00,0.98063,0.98114,0.9805,0.98112,316,18
2026-07-02 18:10:00,0.98112,0.98117,0.98067,0.9807,278,18
2026-07-02 18:20:00,0.98071,0.9812,0.98071,0.98112,211,18
2026-07-02 18:30:00,0.98112,0.98128,0.98108,0.98116,252,18
2026-07-02 18:40:00,0.98117,0.98122,0.98107,0.98121,198,18
2026-07-02 18:50:00,0.98121,0.98127,0.98101,0.9812,236,18
2026-07-02 19:00:00,0.9812,0.98126,0.98087,0.98102,245,18
2026-07-02 19:10:00,0.98103,0.98105,0.98079,0.98079,218,18
2026-07-02 19:20:00,0.98076,0.98076,0.9805,0.98062,203,18
2026-07-02 19:30:00,0.98062,0.98095,0.98057,0.98091,193,18
2026-07-02 19:40:00,0.98092,0.98117,0.98085,0.98115,219,18
2026-07-02 19:50:00,0.98118,0.98149,0.98118,0.98137,268,18
2026-07-02 20:00:00,0.98134,0.98137,0.98115,0.98134,167,18
2026-07-02 20:10:00,0.98134,0.98149,0.98128,0.98149,83,18
2026-07-02 20:20:00,0.98149,0.98164,0.98148,0.98164,50,18
2026-07-02 20:30:00,0.98167,0.9817,0.98145,0.98152,95,18
2026-07-02 20:40:00,0.98153,0.98154,0.9814,0.9815,79,18
2026-07-02 20:50:00,0.98153,0.98162,0.98139,0.98145,105,18
2026-07-02 21:00:00,0.98146,0.98149,0.98146,0.98148,8,22
2026-07-02 21:10:00,0.98147,0.98148,0.98067,0.98069,146,22
2026-07-02 21:20:00,0.9807,0.98113,0.98069,0.98111,165,66
2026-07-02 21:30:00,0.98112,0.98125,0.98094,0.98123,197,41
2026-07-02 21:40:00,0.98123,0.98123,0.98071,0.9809,274,29
2026-07-02 21:50:00,0.98091,0.98114,0.98091,0.98114,105,22
2026-07-02 22:00:00,0.98115,0.98138,0.98115,0.98131,106,18
2026-07-02 22:10:00,0.98131,0.98146,0.98129,0.9814,70,18
2026-07-02 22:20:00,0.9814,0.98141,0.98131,0.98138,80,18
2026-07-02 22:30:00,0.98138,0.98148,0.98133,0.98146,71,18
2026-07-02 22:40:00,0.98145,0.98155,0.98133,0.9815,81,18
2026-07-02 22:50:00,0.9815,0.9815,0.98125,0.98131,112,18
2026-07-02 23:00:00,0.98135,0.98151,0.98134,0.98143,107,18
2026-07-02 23:10:00,0.98143,0.98149,0.98137,0.98142,81,18
2026-07-02 23:20:00,0.98142,0.98151,0.98126,0.9815,93,18
2026-07-02 23:30:00,0.9815,0.98161,0.9813,0.98135,116,18
2026-07-02 23:40:00,0.98135,0.98158,0.98133,0.98151,136,18
2026-07-02 23:50:00,0.98151,0.98152,0.98101,0.98127,202,18
2026-07-03 00:00:00,0.98127,0.9814,0.98108,0.98135,355,18
2026-07-03 00:10:00,0.98134,0.98153,0.98125,0.98139,285,18
2026-07-03 00:20:00,0.98139,0.98153,0.98124,0.98127,261,18
2026-07-03 00:30:00,0.98126,0.98126,0.98086,0.98111,276,18
2026-07-03 00:40:00,0.9811,0.98122,0.98094,0.98118,258,18
2026-07-03 00:50:00,0.98118,0.98144,0.98107,0.98138,240,18
2026-07-03 01:00:00,0.98137,0.98236,0.98126,0.9823,405,18
2026-07-03 01:10:00,0.98231,0.9828,0.98211,0.98269,366,18
2026-07-03 01:20:00,0.9827,0.98303,0.98254,0.98255,339,18
2026-07-03 01:30:00,0.98252,0.9829,0.98243,0.98252,362,18
2026-07-03 01:40:00,0.98251,0.98267,0.98228,0.98245,274,18
2026-07-03 01:50:00,0.98247,0.98256,0.98217,0.98249,268,18
2026-07-03 02:00:00,0.98251,0.98277,0.98219,0.98261,305,18
2026-07-03 02:10:00,0.98261,0.98278,0.98245,0.98251,228,18
2026-07-03 02:20:00,0.98252,0.98278,0.98248,0.98276,211,18
2026-07-03 02:30:00,0.98276,0.98285,0.98256,0.98284,222,18
2026-07-03 02:40:00,0.98284,0.98303,0.98257,0.98286,217,18
2026-07-03 02:50:00,0.98286,0.983,0.98277,0.98291,168,18
2026-07-03 03:00:00,0.98288,0.98298,0.98278,0.98285,177,18
2026-07-03 03:10:00,0.98285,0.98302,0.98276,0.98278,167,18
2026-07-03 03:20:00,0.98278,0.9828,0.98264,0.98276,164,18
2026-07-03 03:30:00,0.98276,0.98288,0.98272,0.98273,190,18
2026-07-03 03:40:00,0.98273,0.98276,0.98248,0.98262,195,18
2026-07-03 03:50:00,0.98262,0.9827,0.98251,0.98269,144,18
2026-07-03 04:00:00,0.98269,0.98271,0.9825,0.98252,122,18
2026-07-03 04:10:00,0.98253,0.98286,0.98252,0.98282,136,18
2026-07-03 04:20:00,0.98281,0.98299,0.9828,0.98282,117,18
2026-07-03 04:30:00,0.98283,0.98307,0.98271,0.98302,161,18
2026-07-03 04:40:00,0.98302,0.98305,0.98286,0.98286,134,18
2026-07-03 04:50:00,0.98286,0.9829,0.98272,0.98274,138,18
2026-07-03 05:00:00,0.98272,0.983,0.98264,0.98287,235,18
2026-07-03 05:10:00,0.98287,0.98315,0.98279,0.98302,238,18
2026-07-03 05:20:00,0.983,0.98308,0.98268,0.98298,188,18
2026-07-03 05:30:00,0.98298,0.9831,0.98282,0.98282,157,18
2026-07-03 05:40:00,0.98282,0.98288,0.9826,0.98268,179,18
2026-07-03 05:50:00,0.98268,0.98291,0.98262,0.9827,192,18
2026-07-03 06:00:00,0.9827,0.98347,0.9827,0.98343,294,18
2026-07-03 06:10:00,0.98343,0.98369,0.98336,0.98363,235,18
2026-07-03 06:20:00,0.98363,0.98396,0.98336,0.98395,259,18
2026-07-03 06:30:00,0.98393,0.98412,0.98372,0.98391,323,18
2026-07-03 06:40:00,0.98388,0.98404,0.98379,0.98391,268,18
2026-07-03 06:50:00,0.98391,0.98391,0.9837,0.98379,230,18
2026-07-03 07:00:00,0.98379,0.98401,0.98368,0.98399,257,18
2026-07-03 07:10:00,0.98399,0.98406,0.98388,0.98397,218,18
2026-07-03 07:20:00,0.98398,0.98426,0.98386,0.9842,245,18
2026-07-03 07:30:00,0.98422,0.98426,0.98392,0.98408,231,18
2026-07-03 07:40:00,0.98408,0.98438,0.98403,0.98438,204,18
2026-07-03 07:50:00,0.98438,0.98468,0.98432,0.98438,225,18
2026-07-03 08:00:00,0.9844,0.98463,0.98416,0.98453,265,18
2026-07-03 08:10:00,0.98454,0.98467,0.98441,0.98461,202,18
2026-07-03 08:20:00,0.98461,0.98467,0.98445,0.98457,203,18
2026-07-03 08:30:00,0.98457,0.98458,0.98428,0.98431,213,18
2026-07-03 08:40:00,0.98429,0.98442,0.98415,0.98418,173,18
2026-07-03 08:50:00,0.98417,0.98421,0.98401,0.98415,156,18
2026-07-03 09:00:00,0.98416,0.98429,0.98408,0.98424,203,18
2026-07-03 09:10:00,0.98425,0.98446,0.98417,0.98425,156,18
2026-07-03 09:20:00,0.98425,0.98434,0.984,0.984,178,18
2026-07-03 09:30:00,0.98402,0.98418,0.984,0.98409,164,18
2026-07-03 09:40:00,0.98406,0.98416,0.98388,0.98389,137,18
2026-07-03 09:50:00,0.98389,0.98394,0.98377,0.98389,177,18
2026-07-03 10:00:00,0.9839,0.98417,0.98387,0.9841,177,18
2026-07-03 10:10:00,0.9841,0.98418,0.98394,0.98404,160,18
2026-07-03 10:20:00,0.98403,0.98409,0.98394,0.98399,156,18
2026-07-03 10:30:00,0.984,0.98417,0.98398,0.98412,126,18
2026-07-03 10:40:00,0.98414,0.98422,0.98411,0.98417,107,18
2026-07-03 10:50:00,0.98417,0.98441,0.98413,0.98422,148,18
2026-07-03 11:00:00,0.98421,0.98456,0.98416,0.98453,183,18
2026-07-03 11:10:00,0.98454,0.98469,0.9845,0.98464,155,18
2026-07-03 11:20:00,0.98466,0.98486,0.98463,0.98478,196,18
2026-07-03 11:30:00,0.98478,0.98486,0.98455,0.98456,168,18
2026-07-03 11:40:00,0.98456,0.98474,0.98454,0.98473,159,18
2026-07-03 11:50:00,0.98475,0.98502,0.98474,0.98486,173,18
2026-07-03 12:00:00,0.98489,0.98529,0.98489,0.98524,204,18
2026-07-03 12:10:00,0.98524,0.98534,0.98519,0.98524,166,18
2026-07-03 12:20:00,0.98525,0.98529,0.98507,0.98508,183,18
2026-07-03 12:30:00,0.98508,0.98538,0.98508,0.98535,139,18
2026-07-03 12:40:00,0.98535,0.98537,0.98513,0.98529,157,18
2026-07-03 12:50:00,0.98529,0.98535,0.985,0.98506,166,18
2026-07-03 13:00:00,0.98506,0.98518,0.98501,0.9851,220,18
2026-07-03 13:10:00,0.9851,0.9851,0.98486,0.98502,209,18
2026-07-03 13:20:00,0.98502,0.98522,0.98502,0.9851,146,18
2026-07-03 13:30:00,0.9851,0.98515,0.98486,0.98495,206,18
2026-07-03 13:40:00,0.98496,0.98504,0.98462,0.98463,177,18
2026-07-03 13:50:00,0.98463,0.98484,0.98458,0.98472,198,18
2026-07-03 14:00:00,0.98473,0.98484,0.98455,0.98472,225,18
2026-07-03 14:10:00,0.98471,0.98486,0.98466,0.98466,172,18
2026-07-03 14:20:00,0.98466,0.98475,0.98457,0.9847,204,18
2026-07-03 14:30:00,0.9847,0.9848,0.98461,0.98477,187,18
2026-07-03 14:40:00,0.98477,0.98486,0.98466,0.98478,154,18
2026-07-03 14:50:00,0.98478,0.98498,0.98434,0.98449,249,18
2026-07-03 15:00:00,0.98449,0.98508,0.98448,0.98504,228,18
2026-07-03 15:10:00,0.98504,0.98515,0.98501,0.98511,178,18
2026-07-03 15:20:00,0.9851,0.98512,0.98492,0.98493,107,18
2026-07-03 15:30:00,0.98495,0.98505,0.98491,0.98493,147,18
2026-07-03 15:40:00,0.98493,0.98509,0.98489,0.98509,105,18
2026-07-03 15:50:00,0.98509,0.98511,0.98485,0.98488,161,18
2026-07-03 16:00:00,0.98487,0.98512,0.98487,0.98509,127,18
2026-07-03 16:10:00,0.98509,0.98522,0.98504,0.98512,116,18
2026-07-03 16:20:00,0.98512,0.98519,0.985,0.98504,91,18
2026-07-03 16:30:00,0.98504,0.98513,0.98503,0.98509,75,18
2026-07-03 16:40:00,0.98509,0.98514,0.985,0.98509,78,18
2026-07-03 16:50:00,0.98509,0.98519,0.98507,0.98518,101,18
2026-07-03 17:00:00,0.98521,0.9853,0.98515,0.98528,151,18
2026-07-03 17:10:00,0.98528,0.98534,0.98508,0.9851,134,18
2026-07-03 17:20:00,0.9851,0.98521,0.98509,0.98515,125,18
2026-07-03 17:30:00,0.98515,0.98533,0.98513,0.98532,128,18
2026-07-03 17:40:00,0.98532,0.98532,0.98522,0.98529,70,18
2026-07-03 17:50:00,0.98529,0.98531,0.98512,0.98515,127,18
2026-07-03 18:00:00,0.98516,0.98519,0.98497,0.985,169,18
2026-07-03 18:10:00,0.98498,0.98498,0.98486,0.98487,172,18
2026-07-03 18:20:00,0.98486,0.98506,0.98485,0.98499,148,18
2026-07-03 18:30:00,0.98499,0.98513,0.98487,0.9849,241,18
2026-07-03 18:40:00,0.9849,0.98496,0.98486,0.98493,139,18
2026-07-03 18:50:00,0.98494,0.98496,0.98491,0.98496,81,18
2026-07-03 19:00:00,0.98497,0.98522,0.98497,0.98502,232,18
2026-07-03 19:10:00,0.98502,0.98515,0.98502,0.98514,228,18
2026-07-03 19:20:00,0.98514,0.98524,0.98499,0.98503,312,18
2026-07-03 19:30:00,0.98501,0.98504,0.9849,0.98496,183,18
2026-07-03 19:40:00,0.98496,0.98515,0.98485,0.985,179,18
2026-07-03 19:50:00,0.985,0.98518,0.98489,0.98495,143,18
2026-07-03 20:00:00,0.98495,0.98509,0.98489,0.98498,250,18
2026-07-03 20:10:00,0.98499,0.98513,0.98482,0.98487,263,18
2026-07-03 20:20:00,0.98487,0.98496,0.98474,0.98481,104,18
2026-07-03 20:30:00,0.98484,0.98505,0.98481,0.98497,144,18
2026-07-03 20:40:00,0.98497,0.98523,0.98495,0.9852,64,18
2026-07-03 20:50:00,0.9852,0.98558,0.9852,0.98541,85,18
2026-07-05 21:00:00,0.98488,0.98513,0.98488,0.98497,14,122
2026-07-05 21:10:00,0.985,0.98525,0.985,0.98525,37,72
2026-07-05 21:20:00,0.98524,0.98524,0.98478,0.9852,29,74
2026-07-05 21:30:00,0.98521,0.98525,0.98397,0.98513,195,61
2026-07-05 21:40:00,0.98512,0.9853,0.98508,0.98528,124,43
2026-07-05 21:50:00,0.98523,0.98535,0.9851,0.98535,83,43
2026-07-05 22:00:00,0.98552,0.98552,0.98465,0.98496,177,18
2026-07-05 22:10:00,0.98496,0.98518,0.98494,0.98499,90,18
2026-07-05 22:20:00,0.98499,0.9854,0.98497,0.98539,102,18
2026-07-05 22:30:00,0.98539,0.98539,0.98505,0.9851,81,18
2026-07-05 22:40:00,0.9851,0.98527,0.98504,0.98524,64,18
2026-07-05 22:50:00,0.98524,0.98525,0.98504,0.98518,76,18
2026-07-05 23:00:00,0.98518,0.98539,0.98512,0.98513,101,18
2026-07-05 23:10:00,0.98513,0.98525,0.98509,0.98523,104,18
2026-07-05 23:20:00,0.98524,0.98539,0.98519,0.98534,75,18
2026-07-05 23:30:00,0.98534,0.98534,0.98522,0.98531,121,18
2026-07-05 23:40:00,0.98531,0.98543,0.9852,0.98531,179,18
2026-07-05 23:50:00,0.98531,0.98536,0.98515,0.98518,166,18
2026-07-06 00:00:00,0.98518,0.9852,0.98478,0.98494,380,18
2026-07-06 00:10:00,0.98493,0.98558,0.98485,0.98535,281,18
2026-07-06 00:20:00,0.98535,0.98538,0.98494,0.98499,255,18
2026-07-06 00:30:00,0.98498,0.98533,0.9849,0.98525,275,18
2026-07-06 00:40:00,0.98525,0.98548,0.98524,0.98532,197,18
2026-07-06 00:50:00,0.98534,0.98534,0.98487,0.98498,237,18
2026-07-06 01:00:00,0.98495,0.98514,0.98471,0.98503,263,18
2026-07-06 01:10:00,0.98503,0.98539,0.98491,0.98532,221,18
2026-07-06 01:20:00,0.98532,0.98533,0.9848,0.98506,288,18
2026-07-06 01:30:00,0.98506,0.98531,0.98489,0.98513,294,18
2026-07-06 01:40:00,0.98513,0.98529,0.98485,0.98486,267,18
2026-07-06 01:50:00,0.98486,0.98492,0.98457,0.98461,264,18
2026-07-06 02:00:00,0.98459,0.98492,0.98459,0.98469,247,18
2026-07-06 02:10:00,0.98469,0.9847,0.98442,0.98456,215,18
2026-07-06 02:20:00,0.98456,0.9848,0.98453,0.98462,204,18
2026-07-06 02:30:00,0.98463,0.98463,0.98437,0.98449,226,18
2026-07-06 02:40:00,0.98447,0.9846,0.98436,0.98442,230,18
2026-07-06 02:50:00,0.98443,0.9845,0.98428,0.98437,192,18
2026-07-06 03:00:00,0.98437,0.98446,0.98421,0.98424,180,18
2026-07-06 03:10:00,0.98424,0.98433,0.98401,0.98402,164,18
2026-07-06 03:20:00,0.98402,0.98402,0.98363,0.98395,201,18
2026-07-06 03:30:00,0.98396,0.98396,0.98376,0.98391,146,18
2026-07-06 03:40:00,0.98391,0.98409,0.98386,0.98402,161,18
2026-07-06 03:50:00,0.98402,0.98416,0.98383,0.98414,151,18
2026-07-06 04:00:00,0.98414,0.98423,0.984,0.98406,135,18
2026-07-06 04:10:00,0.98405,0.98436,0.98405,0.98435,118,18
2026-07-06 04:20:00,0.98435,0.98472,0.98434,0.98464,144,18
2026-07-06 04:30:00,0.98463,0.98484,0.98462,0.9848,139,18
2026-07-06 04:40:00,0.98479,0.98502,0.98475,0.98484,117,18
2026-07-06 04:50:00,0.98483,0.98498,0.98475,0.98492,129,18
2026-07-06 05:00:00,0.98493,0.98496,0.98469,0.98475,171,18
2026-07-06 05:10:00,0.98475,0.98499,0.98472,0.98481,151,18
2026-07-06 05:20:00,0.9848,0.98504,0.98469,0.9849,168,18
2026-07-06 05:30:00,0.9849,0.98505,0.98475,0.9849,230,18
2026-07-06 05:40:00,0.9849,0.98509,0.98481,0.98485,189,18
2026-07-06 05:50:00,0.98485,0.98497,0.98455,0.98458,246,18
2026-07-06 06:00:00,0.98457,0.98494,0.98457,0.98486,266,18
2026-07-06 06:10:00,0.98484,0.98487,0.98432,0.98454,241,18
2026-07-06 06:20:00,0.98454,0.98493,0.98451,0.98486,208,18
2026-07-06 06:30:00,0.98483,0.98519,0.98481,0.98516,204,18
2026-07-06 06:40:00,0.98516,0.98528,0.98489,0.98498,186,18
2026-07-06 06:50:00,0.98499,0.98502,0.98464,0.98483,220,18
2026-07-06 07:00:00,0.98486,0.98509,0.98463,0.98503,259,18
2026-07-06 07:10:00,0.98501,0.98537,0.98487,0.98533,242,18
2026-07-06 07:20:00,0.98533,0.98534,0.98509,0.9851,231,18
2026-07-06 07:30:00,0.98508,0.98554,0.98501,0.98546,227,18
2026-07-06 07:40:00,0.98546,0.98606,0.98544,0.98592,218,18
2026-07-06 07:50:00,0.9859,0.98622,0.98587,0.98621,183,18
2026-07-06 08:00:00,0.98623,0.9864,0.98609,0.98614,220,18
2026-07-06 08:10:00,0.98617,0.98617,0.98563,0.98597,260,18
2026-07-06 08:20:00,0.98597,0.98601,0.98571,0.9859,213,18
2026-07-06 08:30:00,0.9859,0.98597,0.98578,0.98589,176,18
2026-07-06 08:40:00,0.98588,0.98602,0.98566,0.98587,187,18
2026-07-06 08:50:00,0.98587,0.98626,0.98587,0.98624,191,18
2026-07-06 09:00:00,0.98625,0.98633,0.98607,0.98616,249,18
2026-07-06 09:10:00,0.98617,0.98633,0.98605,0.98611,230,18
2026-07-06 09:20:00,0.98612,0.98623,0.986,0.98605,186,18
2026-07-06 09:30:00,0.98605,0.98625,0.986,0.98606,180,18
2026-07-06 09:40:00,0.98604,0.98617,0.98597,0.98597,173,18
2026-07-06 09:50:00,0.98596,0.9862,0.98595,0.98601,180,18
2026-07-06 10:00:00,0.98601,0.9861,0.98569,0.98579,181,18
2026-07-06 10:10:00,0.98579,0.98589,0.98562,0.98564,217,18
2026-07-06 10:20:00,0.98564,0.98585,0.98547,0.98549,170,18
2026-07-06 10:30:00,0.98549,0.98589,0.98547,0.98581,153,18
2026-07-06 10:40:00,0.98581,0.98581,0.98556,0.98564,140,18
2026-07-06 10:50:00,0.98564,0.9858,0.9856,0.9858,202,18
2026-07-06 11:00:00,0.9858,0.98584,0.98565,0.98574,189,18
2026-07-06 11:10:00,0.98574,0.98602,0.98569,0.98597,169,18
2026-07-06 11:20:00,0.98597,0.98605,0.98582,0.98583,155,18
2026-07-06 11:30:00,0.98584,0.98614,0.9858,0.98604,162,18
2026-07-06 11:40:00,0.98604,0.98627,0.986,0.98624,172,18
2026-07-06 11:50:00,0.98626,0.98632,0.98592,0.98592,220,18
2026-07-06 12:00:00,0.98592,0.98614,0.98575,0.98612,250,18
2026-07-06 12:10:00,0.98612,0.98642,0.98605,0.9863,189,18
2026-07-06 12:20:00,0.9863,0.98635,0.98615,0.98627,221,18
2026-07-06 12:30:00,0.98627,0.98628,0.98602,0.9861,197,18
2026-07-06 12:40:00,0.9861,0.9861,0.98565,0.98565,246,18
2026-07-06 12:50:00,0.98566,0.98588,0.98559,0.98582,214,18
2026-07-06 13:00:00,0.98583,0.98592,0.98569,0.98577,233,18
2026-07-06 13:10:00,0.98578,0.98588,0.98549,0.98574,247,18
2026-07-06 13:20:00,0.98574,0.98574,0.9851,0.98515,261,18
2026-07-06 13:30:00,0.98518,0.98555,0.98517,0.98555,360,18
2026-07-06 13:40:00,0.98555,0.98621,0.98553,0.98618,335,18
2026-07-06 13:50:00,0.98617,0.98636,0.98587,0.98587,355,18
2026-07-06 14:00:00,0.98586,0.98672,0.98569,0.98637,421,18
2026-07-06 14:10:00,0.98637,0.98681,0.98636,0.98664,313,18
2026-07-06 14:20:00,0.98664,0.98677,0.98658,0.98667,304,18
2026-07-06 14:30:00,0.98669,0.98683,0.98651,0.98665,269,18
2026-07-06 14:40:00,0.98665,0.98695,0.98664,0.98694,280,18
2026-07-06 14:50:00,0.98694,0.9871,0.98656,0.98667,320,18
2026-07-06 15:00:00,0.9867,0.98706,0.98667,0.98693,284,18
2026-07-06 15:10:00,0.98694,0.98694,0.98648,0.98649,253,18
2026-07-06 15:20:00,0.98648,0.9867,0.98636,0.98669,220,18
2026-07-06 15:30:00,0.9867,0.98685,0.98663,0.98671,225,18
2026-07-06 15:40:00,0.98671,0.98688,0.98659,0.98683,204,18
2026-07-06 15:50:00,0.98684,0.987,0.98676,0.98691,208,18
2026-07-06 16:00:00,0.98691,0.98701,0.98685,0.98693,189,18
2026-07-06 16:10:00,0.98693,0.98713,0.98688,0.98695,157,18
2026-07-06 16:20:00,0.98695,0.987,0.98688,0.98694,133,18
2026-07-06 16:30:00,0.98694,0.98706,0.98692,0.987,166,18
2026-07-06 16:40:00,0.987,0.9873,0.98693,0.9873,149,18
2026-07-06 16:50:00,0.9873,0.98739,0.98721,0.98739,197,18
2026-07-06 17:00:00,0.98739,0.98775,0.98738,0.98766,169,18
2026-07-06 17:10:00,0.98767,0.98781,0.98753,0.98775,170,18
2026-07-06 17:20:00,0.98774,0.988,0.98771,0.98786,157,18
2026-07-06 17:30:00,0.98787,0.98814,0.98782,0.98804,223,18
2026-07-06 17:40:00,0.98804,0.98815,0.98797,0.98809,164,18
2026-07-06 17:50:00,0.98809,0.9881,0.98789,0.98792,161,18
2026-07-06 18:00:00,0.98792,0.98815,0.98792,0.98804,168,18
2026-07-06 18:10:00,0.98805,0.98814,0.98796,0.98813,124,18
2026-07-06 18:20:00,0.98813,0.98826,0.98811,0.98824,120,18
2026-07-06 18:30:00,0.98823,0.98853,0.98821,0.98851,178,18
2026-07-06 18:40:00,0.98851,0.98858,0.98845,0.98858,136,18
2026-07-06 18:50:00,0.98858,0.98863,0.98844,0.98844,157,18
2026-07-06 19:00:00,0.98842,0.98853,0.98818,0.98822,162,18
2026-07-06 19:10:00,0.98822,0.98834,0.98815,0.98824,131,18
2026-07-06 19:20:00,0.98824,0.98834,0.98819,0.98823,151,18
2026-07-06 19:30:00,0.98823,0.98832,0.98814,0.98824,120,18
2026-07-06 19:40:00,0.98824,0.98824,0.98808,0.98812,108,18
2026-07-06 19:50:00,0.98812,0.98825,0.98803,0.98806,191,18
2026-07-06 20:00:00,0.98809,0.98812,0.98799,0.98805,138,18
2026-07-06 20:10:00,0.98805,0.9881,0.98796,0.98805,86,18
2026-07-06 20:20:00,0.98805,0.98822,0.98805,0.98821,43,18
2026-07-06 20:30:00,0.98821,0.98824,0.98794,0.98794,68,18
2026-07-06 20:40:00,0.98794,0.98811,0.9879,0.98811,68,18
2026-07-06 20:50:00,0.98812,0.98816,0.98799,0.98799,73,18
2026-07-06 21:00:00,0.98799,0.988,0.98789,0.98791,24,22
2026-07-06 21:10:00,0.9879,0.98797,0.98784,0.98795,118,27
2026-07-06 21:20:00,0.98796,0.98796,0.98778,0.98788,98,27
2026-07-06 21:30:00,0.98788,0.98797,0.98779,0.98779,82,31
2026-07-06 21:40:00,0.9878,0.988,0.9878,0.988,84,22
2026-07-06 21:50:00,0.988,0.98807,0.98784,0.98784,61,22
2026-07-06 22:00:00,0.98789,0.98808,0.98776,0.98805,75,18
2026-07-06 22:10:00,0.98805,0.98815,0.988,0.98811,93,18
2026-07-06 22:20:00,0.98811,0.98815,0.98803,0.98803,61,18
2026-07-06 22:30:00,0.98807,0.98832,0.98803,0.98823,83,18
2026-07-06 22:40:00,0.98823,0.98828,0.98819,0.98825,65,18
2026-07-06 22:50:00,0.98825,0.98828,0.98813,0.98818,124,18
2026-07-06 23:00:00,0.98824,0.98848,0.98824,0.98838,116,18
2026-07-06 23:10:00,0.98838,0.98843,0.98836,0.98842,62,18
2026-07-06 23:20:00,0.98842,0.98855,0.98834,0.98855,83,18
2026-07-06 23:30:00,0.98855,0.98855,0.98831,0.98833,81,18
2026-07-06 23:40:00,0.98833,0.98854,0.98825,0.98832,130,18
2026-07-06 23:50:00,0.9883,0.98832,0.98804,0.98804,178,18
2026-07-07 00:00:00,0.98804,0.98823,0.98797,0.98817,223,18
2026-07-07 00:10:00,0.98817,0.98818,0.98793,0.98805,193,18
2026-07-07 00:20:00,0.98805,0.98822,0.98789,0.98797,203,18
2026-07-07 00:30:00,0.98797,0.98813,0.98779,0.98779,200,18
2026-07-07 00:40:00,0.98778,0.98794,0.98774,0.98793,187,18
2026-07-07 00:50:00,0.98793,0.98817,0.98749,0.98754,229,18
2026-07-07 01:00:00,0.98754,0.9877,0.98732,0.98753,257,18
2026-07-07 01:10:00,0.98754,0.98769,0.98748,0.98761,183,18
2026-07-07 01:20:00,0.98761,0.98802,0.98747,0.98802,212,18
2026-07-07 01:30:00,0.98801,0.98852,0.988,0.9883,345,18
2026-07-07 01:40:00,0.98829,0.98864,0.98826,0.98859,263,18
2026-07-07 01:50:00,0.98858,0.98881,0.98844,0.98852,254,18
2026-07-07 02:00:00,0.9885,0.98868,0.98844,0.98844,193,18
2026-07-07 02:10:00,0.98844,0.98856,0.98825,0.98827,184,18
2026-07-07 02:20:00,0.98827,0.98827,0.98797,0.98798,156,18
2026-07-07 02:30:00,0.98798,0.9883,0.9879,0.98824,167,18
2026-07-07 02:40:00,0.98823,0.98824,0.98783,0.98788,167,18
2026-07-07 02:50:00,0.98788,0.98798,0.9878,0.98785,165,18
2026-07-07 03:00:00,0.98787,0.98815,0.98783,0.98809,221,18
2026-07-07 03:10:00,0.98808,0.98811,0.98779,0.98784,193,18
2026-07-07 03:20:00,0.98783,0.98796,0.98745,0.98748,212,18
2026-07-07 03:30:00,0.98748,0.98759,0.98724,0.98752,211,18
2026-07-07 03:40:00,0.98752,0.98756,0.98699,0.98713,216,18
2026-07-07 03:50:00,0.98713,0.9875,0.98711,0.98749,177,18
2026-07-07 04:00:00,0.98749,0.98775,0.98745,0.98771,174,18
2026-07-07 04:10:00,0.98771,0.98772,0.98729,0.9873,144,18
2026-07-07 04:20:00,0.9873,0.9874,0.98716,0.98722,160,18
2026-07-07 04:30:00,0.98722,0.98728,0.98713,0.98723,191,18
2026-07-07 04:40:00,0.98724,0.98731,0.9871,0.98716,170,18
2026-07-07 04:50:00,0.98715,0.98724,0.98689,0.98689,167,18
2026-07-07 05:00:00,0.9869,0.98695,0.98638,0.98642,176,18
2026-07-07 05:10:00,0.98645,0.98646,0.98614,0.98622,221,18
2026-07-07 05:20:00,0.98621,0.98645,0.98611,0.98638,228,18
2026-07-07 05:30:00,0.98639,0.98657,0.98631,0.98637,226,18
2026-07-07 05:40:00,0.98637,0.98667,0.98637,0.98667,223,18
2026-07-07 05:50:00,0.98667,0.98695,0.98667,0.98687,225,18
2026-07-07 06:00:00,0.98684,0.98688,0.98627,0.98629,245,18
2026-07-07 06:10:00,0.98629,0.98636,0.98613,0.9863,209,18
2026-07-07 06:20:00,0.9863,0.98657,0.98625,0.98635,221,18
2026-07-07 06:30:00,0.98635,0.98671,0.98629,0.98671,189,18
2026-07-07 06:40:00,0.98671,0.98687,0.98668,0.98681,181,18
2026-07-07 06:50:00,0.9868,0.98701,0.98679,0.98697,175,18
2026-07-07 07:00:00,0.98699,0.9871,0.98682,0.98703,235,18
2026-07-07 07:10:00,0.98703,0.98711,0.98677,0.98683,197,18
2026-07-07 07:20:00,0.98682,0.98701,0.9868,0.98694,231,18
2026-07-07 07:30:00,0.98694,0.9872,0.98693,0.98709,204,18
2026-07-07 07:40:00,0.98709,0.98713,0.98688,0.9869,171,18
2026-07-07 07:50:00,0.98687,0.98693,0.98651,0.98653,229,18
2026-07-07 08:00:00,0.98655,0.98679,0.9865,0.98666,266,18
2026-07-07 08:10:00,0.98669,0.98698,0.98669,0.98687,241,18
2026-07-07 08:20:00,0.98687,0.9872,0.98685,0.98711,205,18
2026-07-07 08:30:00,0.98712,0.9872,0.9868,0.98685,222,18
2026-07-07 08:40:00,0.98685,0.98692,0.98663,0.98664,174,18
2026-07-07 08:50:00,0.98664,0.98664,0.98625,0.98655,222,18
2026-07-07 09:00:00,0.98656,0.9869,0.98644,0.9867,259,18
2026-07-07 09:10:00,0.9867,0.98693,0.98655,0.98689,190,18
2026-07-07 09:20:00,0.98689,0.98695,0.98676,0.98679,179,18
2026-07-07 09:30:00,0.98679,0.98691,0.98671,0.98685,209,18
2026-07-07 09:40:00,0.98685,0.98708,0.98671,0.98672,162,18
2026-07-07 09:50:00,0.98671,0.98694,0.98671,0.98678,155,18
2026-07-07 10:00:00,0.98681,0.98699,0.98681,0.98694,191,18
2026-07-07 10:10:00,0.98694,0.987,0.98683,0.98698,184,18
2026-07-07 10:20:00,0.98698,0.98709,0.98685,0.98702,164,18
2026-07-07 10:30:00,0.98702,0.98719,0.98693,0.98717,168,18
2026-07-07 10:40:00,0.98718,0.98723,0.98699,0.98701,147,18
2026-07-07 10:50:00,0.98701,0.98712,0.98688,0.98701,164,18
2026-07-07 11:00:00,0.98701,0.9871,0.98678,0.98703,204,18
2026-07-07 11:10:00,0.98703,0.98736,0.98697,0.98734,209,18
2026-07-07 11:20:00,0.98733,0.98761,0.98728,0.98747,206,18
2026-07-07 11:30:00,0.98746,0.98754,0.98722,0.98738,180,18
2026-07-07 11:40:00,0.9874,0.98749,0.98714,0.98726,189,18
2026-07-07 11:50:00,0.98726,0.98765,0.9871,0.98758,237,18
2026-07-07 12:00:00,0.98758,0.98775,0.98747,0.98767,256,18
2026-07-07 12:10:00,0.98766,0.98783,0.98758,0.98772,241,18
2026-07-07 12:20:00,0.98771,0.98808,0.98765,0.98803,209,18
2026-07-07 12:30:00,0.98806,0.98857,0.98803,0.98851,261,18
2026-07-07 12:40:00,0.98852,0.98856,0.98821,0.98824,239,18
2026-07-07 12:50:00,0.98825,0.98832,0.988,0.98821,220,18
2026-07-07 13:00:00,0.98823,0.98827,0.98785,0.98793,253,18
2026-07-07 13:10:00,0.98793,0.98805,0.98775,0.98776,233,18
2026-07-07 13:20:00,0.98776,0.98788,0.98715,0.98715,296,18
2026-07-07 13:30:00,0.98714,0.9873,0.98678,0.98701,396,18
2026-07-07 13:40:00,0.987,0.98732,0.98657,0.98664,368,18
2026-07-07 13:50:00,0.98661,0.98666,0.98574,0.98577,396,18
2026-07-07 14:00:00,0.98579,0.98608,0.98529,0.98545,460,18
2026-07-07 14:10:00,0.98545,0.98589,0.98532,0.98588,389,18
2026-07-07 14:20:00,0.98589,0.986,0.98543,0.98573,364,18
2026-07-07 14:30:00,0.98576,0.98576,0.98526,0.98527,364,18
2026-07-07 14:40:00,0.98527,0.98546,0.98521,0.98538,326,18
2026-07-07 14:50:00,0.98538,0.98549,0.98495,0.98513,345,18
2026-07-07 15:00:00,0.98513,0.98513,0.9848,0.9849,359,18
2026-07-07 15:10:00,0.9849,0.9849,0.98415,0.98425,311,18
2026-07-07 15:20:00,0.98425,0.9845,0.98399,0.98418,278,18
2026-07-07 15:30:00,0.98419,0.98427,0.98398,0.98403,243,18
2026-07-07 15:40:00,0.98402,0.98433,0.984,0.98421,234,18
2026-07-07 15:50:00,0.9842,0.98443,0.98419,0.98431,238,18
2026-07-07 16:00:00,0.98434,0.98446,0.98399,0.98401,236,18
2026-07-07 16:10:00,0.984,0.98426,0.98399,0.98405,212,18
2026-07-07 16:20:00,0.98405,0.98439,0.98405,0.98435,199,18
2026-07-07 16:30:00,0.98435,0.98452,0.98431,0.98441,186,18
2026-07-07 16:40:00,0.9844,0.98454,0.98431,0.98444,151,18
2026-07-07 16:50:00,0.98447,0.9845,0.98436,0.98445,158,18
2026-07-07 17:00:00,0.98445,0.98471,0.98437,0.98468,190,18
2026-07-07 17:10:00,0.98468,0.98472,0.98448,0.98452,164,18
2026-07-07 17:20:00,0.98453,0.98462,0.98439,0.98443,197,18
2026-07-07 17:30:00,0.98443,0.98458,0.98441,0.98455,152,18
2026-07-07 17:40:00,0.98455,0.98475,0.98454,0.9847,139,18
2026-07-07 17:50:00,0.9847,0.98477,0.98462,0.98472,132,18
2026-07-07 18:00:00,0.98473,0.98474,0.9844,0.98449,132,18
2026-07-07 18:10:00,0.98451,0.98456,0.98441,0.98451,144,18
2026-07-07 18:20:00,0.98451,0.98473,0.9845,0.98465,215,18
2026-07-07 18:30:00,0.98465,0.98476,0.98456,0.98476,215,18
2026-07-07 18:40:00,0.98476,0.98477,0.98429,0.98451,233,18
2026-07-07 18:50:00,0.98453,0.98461,0.98397,0.98409,389,18
2026-07-07 19:00:00,0.98406,0.98414,0.98358,0.98368,309,18
2026-07-07 19:10:00,0.98369,0.98374,0.98313,0.98337,301,18
2026-07-07 19:20:00,0.98337,0.98358,0.98331,0.98353,327,18
2026-07-07 19:30:00,0.98356,0.98394,0.98355,0.98388,262,18
2026-07-07 19:40:00,0.98388,0.98393,0.98374,0.98385,245,18
2026-07-07 19:50:00,0.98388,0.98408,0.98383,0.98407,252,18
2026-07-07 20:00:00,0.98406,0.98417,0.98395,0.98412,119,18
2026-07-07 20:10:00,0.98412,0.98417,0.98381,0.9839,112,18
2026-07-07 20:20:00,0.9839,0.98402,0.98373,0.98399,100,18
2026-07-07 20:30:00,0.98399,0.98408,0.98395,0.98397,102,18
2026-07-07 20:40:00,0.98397,0.98399,0.98372,0.98373,86,18
2026-07-07 20:50:00,0.9837,0.98392,0.98367,0.98374,84,18
2026-07-07 21:00:00,0.98373,0.98373,0.98373,0.98373,1,22
2026-07-07 21:10:00,0.98373,0.98379,0.98359,0.98359,89,22
2026-07-07 21:20:00,0.9836,0.9836,0.98294,0.98294,133,46
2026-07-07 21:30:00,0.98292,0.98334,0.9829,0.98333,183,55
2026-07-07 21:40:00,0.98332,0.98338,0.98312,0.98312,232,36
2026-07-07 21:50:00,0.98313,0.98323,0.9831,0.98321,76,22
2026-07-07 22:00:00,0.98324,0.98356,0.98307,0.98346,130,18
2026-07-07 22:10:00,0.98346,0.98359,0.98342,0.98349,64,18
2026-07-07 22:20:00,0.9835,0.98364,0.98345,0.98354,86,18
2026-07-07 22:30:00,0.98354,0.9836,0.98341,0.98347,81,18
2026-07-07 22:40:00,0.98347,0.98351,0.9833,0.98338,54,18
2026-07-07 22:50:00,0.98338,0.98359,0.98326,0.98346,107,18
2026-07-07 23:00:00,0.98348,0.98358,0.98341,0.98351,91,18
2026-07-07 23:10:00,0.98351,0.98371,0.98351,0.98369,103,18
2026-07-07 23:20:00,0.98369,0.98371,0.98356,0.98359,52,18
2026-07-07 23:30:00,0.98359,0.98376,0.98343,0.98366,91,18
2026-07-07 23:40:00,0.98365,0.98375,0.98362,0.98369,117,18
2026-07-07 23:50:00,0.98369,0.98376,0.98316,0.98319,131,18
2026-07-08 00:00:00,0.98319,0.98366,0.98299,0.98348,327,18
2026-07-08 00:10:00,0.98348,0.98367,0.98328,0.9834,323,18
2026-07-08 00:20:00,0.98342,0.984,0.98331,0.98385,280,18
2026-07-08 00:30:00,0.98388,0.9842,0.98366,0.98418,300,18
2026-07-08 00:40:00,0.98416,0.98451,0.98415,0.98444,198,18
2026-07-08 00:50:00,0.98443,0.98484,0.98434,0.98482,261,18
2026-07-08 01:00:00,0.98484,0.98486,0.98449,0.98462,320,18
2026-07-08 01:10:00,0.98462,0.98496,0.98461,0.98469,238,18
2026-07-08 01:20:00,0.98469,0.98478,0.9845,0.98466,198,18
2026-07-08 01:30:00,0.98466,0.98482,0.9844,0.98453,231,18
2026-07-08 01:40:00,0.98453,0.98515,0.98436,0.98512,309,18
2026-07-08 01:50:00,0.98512,0.98531,0.98484,0.985,256,18
2026-07-08 02:00:00,0.98497,0.98527,0.98478,0.98486,369,18
2026-07-08 02:10:00,0.98489,0.98523,0.98482,0.98514,276,18
2026-07-08 02:20:00,0.98514,0.9854,0.98506,0.98526,262,18
2026-07-08 02:30:00,0.98526,0.98526,0.98472,0.98496,229,18
2026-07-08 02:40:00,0.98496,0.98509,0.98481,0.98501,209,18
2026-07-08 02:50:00,0.985,0.98508,0.98485,0.98491,188,18
2026-07-08 03:00:00,0.98492,0.98538,0.98492,0.98517,251,18
2026-07-08 03:10:00,0.98517,0.98565,0.98514,0.98557,207,18
2026-07-08 03:20:00,0.98557,0.98575,0.98547,0.98551,190,18
2026-07-08 03:30:00,0.98552,0.98567,0.98547,0.98561,175,18
2026-07-08 03:40:00,0.98562,0.98566,0.98546,0.98557,165,18
2026-07-08 03:50:00,0.98557,0.98559,0.98512,0.98519,147,18
2026-07-08 04:00:00,0.9852,0.9852,0.98481,0.98507,190,18
2026-07-08 04:10:00,0.98506,0.98513,0.98491,0.98506,161,18
2026-07-08 04:20:00,0.98506,0.98526,0.98499,0.98519,145,18
2026-07-08 04:30:00,0.98519,0.98529,0.98512,0.9852,171,18
2026-07-08 04:40:00,0.9852,0.98533,0.98508,0.98508,155,18
2026-07-08 04:50:00,0.98507,0.98524,0.98488,0.98489,175,18
2026-07-08 05:00:00,0.98489,0.98523,0.9848,0.98497,257,18
2026-07-08 05:10:00,0.98496,0.98497,0.98455,0.98489,257,18
2026-07-08 05:20:00,0.98493,0.98496,0.98466,0.98474,178,18
2026-07-08 05:30:00,0.98473,0.98484,0.98452,0.98472,231,18
2026-07-08 05:40:00,0.98472,0.98486,0.98443,0.98443,218,18
2026-07-08 05:50:00,0.98444,0.98477,0.9844,0.98465,226,18
2026-07-08 06:00:00,0.98464,0.98479,0.98435,0.98439,285,18
2026-07-08 06:10:00,0.98439,0.98451,0.98426,0.98442,288,18
2026-07-08 06:20:00,0.98442,0.98448,0.98399,0.98408,280,18
2026-07-08 06:30:00,0.98406,0.98408,0.98358,0.98368,259,18
2026-07-08 06:40:00,0.98369,0.98377,0.98322,0.98322,259,18
2026-07-08 06:50:00,0.98322,0.98356,0.9832,0.98353,233,18
2026-07-08 07:00:00,0.98353,0.98353,0.98269,0.98288,333,18
2026-07-08 07:10:00,0.98288,0.98291,0.98267,0.98291,264,18
2026-07-08 07:20:00,0.98293,0.98312,0.98279,0.98298,320,18
2026-07-08 07:30:00,0.98297,0.98322,0.98282,0.98298,321,18
2026-07-08 07:40:00,0.983,0.98331,0.98292,0.98309,228,18
2026-07-08 07:50:00,0.98309,0.98311,0.9826,0.98263,229,18
2026-07-08 08:00:00,0.98264,0.9827,0.98228,0.98241,270,18
2026-07-08 08:10:00,0.98238,0.98243,0.97946,0.98058,886,18
2026-07-08 08:20:00,0.98056,0.98103,0.98032,0.98044,650,18
2026-07-08 08:30:00,0.98046,0.98093,0.97971,0.97973,555,18
2026-07-08 08:40:00,0.97974,0.98037,0.97931,0.97969,522,18
2026-07-08 08:50:00,0.97969,0.98036,0.97925,0.97933,466,18
2026-07-08 09:00:00,0.97936,0.97936,0.97834,0.97857,530,18
2026-07-08 09:10:00,0.97858,0.97939,0.97858,0.9792,456,18
2026-07-08 09:20:00,0.9792,0.9794,0.97897,0.97933,374,18
2026-07-08 09:30:00,0.97934,0.97985,0.97926,0.97979,350,18
2026-07-08 09:40:00,0.97978,0.97998,0.97958,0.97995,306,18
2026-07-08 09:50:00,0.97996,0.97997,0.97929,0.97935,310,18
2026-07-08 10:00:00,0.97937,0.97972,0.97937,0.97968,323,18
2026-07-08 10:10:00,0.97968,0.98031,0.97955,0.9803,320,18
2026-07-08 10:20:00,0.98032,0.98048,0.98016,0.98036,281,18
2026-07-08 10:30:00,0.98033,0.98082,0.98022,0.98079,293,18
2026-07-08 10:40:00,0.98079,0.98115,0.98068,0.98083,287,18
2026-07-08 10:50:00,0.98083,0.98099,0.98061,0.98063,224,18
2026-07-08 11:00:00,0.9806,0.98068,0.98038,0.98045,266,18
2026-07-08 11:10:00,0.98046,0.98057,0.98024,0.98052,233,18
2026-07-08 11:20:00,0.98052,0.98064,0.98042,0.98045,235,18
2026-07-08 11:30:00,0.98046,0.98053,0.97992,0.98011,326,18
2026-07-08 11:40:00,0.98011,0.98157,0.98011,0.98128,575,18
2026-07-08 11:50:00,0.98127,0.9814,0.98103,0.98121,347,18
2026-07-08 12:00:00,0.9812,0.98197,0.98088,0.98191,432,18
2026-07-08 12:10:00,0.98192,0.98244,0.9817,0.9824,331,18
2026-07-08 12:20:00,0.9824,0.98251,0.98211,0.98248,327,18
2026-07-08 12:30:00,0.98247,0.98258,0.98214,0.98237,264,18
2026-07-08 12:40:00,0.98237,0.9824,0.982,0.98215,284,18
2026-07-08 12:50:00,0.98215,0.9826,0.98172,0.98172,414,18
2026-07-08 13:00:00,0.98169,0.98214,0.98169,0.98212,409,18
2026-07-08 13:10:00,0.98209,0.98225,0.98184,0.98184,367,18
2026-07-08 13:20:00,0.98181,0.98186,0.98098,0.98101,386,18
2026-07-08 13:30:00,0.98103,0.98154,0.98099,0.9815,555,18
2026-07-08 13:40:00,0.98147,0.98169,0.98117,0.98136,442,18
2026-07-08 13:50:00,0.98135,0.98165,0.98102,0.98123,406,18
2026-07-08 14:00:00,0.98121,0.98131,0.9808,0.98093,416,18
2026-07-08 14:10:00,0.98092,0.98104,0.98055,0.98064,358,18
2026-07-08 14:20:00,0.98064,0.98112,0.98054,0.98074,372,18
2026-07-08 14:30:00,0.98072,0.98081,0.9805,0.98076,331,18
2026-07-08 14:40:00,0.98074,0.98097,0.98055,0.98062,358,18
2026-07-08 14:50:00,0.98061,0.98083,0.9802,0.98057,411,18
2026-07-08 15:00:00,0.98057,0.98093,0.98044,0.98065,376,18
2026-07-08 15:10:00,0.98065,0.98078,0.97999,0.98041,357,18
2026-07-08 15:20:00,0.9804,0.98054,0.98005,0.98019,371,18
2026-07-08 15:30:00,0.9802,0.98053,0.97991,0.98042,359,18
2026-07-08 15:40:00,0.98043,0.9806,0.98026,0.98051,336,18
2026-07-08 15:50:00,0.98048,0.98053,0.98024,0.9804,284,18
2026-07-08 16:00:00,0.98043,0.98049,0.98024,0.98044,334,18
2026-07-08 16:10:00,0.98043,0.98068,0.98041,0.98067,327,18
2026-07-08 16:20:00,0.98067,0.98071,0.98049,0.98065,282,18
2026-07-08 16:30:00,0.98065,0.98093,0.98062,0.98087,332,18
2026-07-08 16:40:00,0.98085,0.98142,0.98079,0.98135,350,18
2026-07-08 16:50:00,0.98135,0.98174,0.98125,0.98162,269,18
2026-07-08 17:00:00,0.98162,0.98223,0.98148,0.98207,307,18
2026-07-08 17:10:00,0.98207,0.98249,0.98207,0.98249,280,18
2026-07-08 17:20:00,0.98249,0.98285,0.98249,0.98279,293,18
2026-07-08 17:30:00,0.98278,0.98279,0.98244,0.98244,222,18
2026-07-08 17:40:00,0.98244,0.98254,0.98231,0.98233,184,18
2026-07-08 17:50:00,0.98232,0.98239,0.98207,0.98216,209,18
2026-07-08 18:00:00,0.98219,0.9825,0.98203,0.98236,286,18
2026-07-08 18:10:00,0.98236,0.98277,0.98231,0.98254,243,18
2026-07-08 18:20:00,0.98254,0.98275,0.98243,0.98268,234,18
2026-07-08 18:30:00,0.98268,0.98273,0.98245,0.98272,195,18
2026-07-08 18:40:00,0.98272,0.9828,0.98254,0.98277,209,18
2026-07-08 18:50:00,0.98278,0.9828,0.98253,0.98261,219,18
2026-07-08 19:00:00,0.98261,0.98285,0.9826,0.98274,186,18
